{
  "k_0.65": {
    "cagr_p05": 35.474930238338516,
    "cagr_p50": 52.04765941535728,
    "cagr_p95": 72.07179029503814,
    "mdd_p05": -49.839736700983856,
    "mdd_p50": -36.19519761266146,
    "mdd_p95": -27.499571249875547,
    "cal_p05": 0.7900908145019094,
    "cal_p50": 1.4368677216821837,
    "cal_p95": 2.3882855052293475,
    "p_mdd_worse_than_30": 85.38,
    "p_mdd_worse_than_40": 30.04,
    "p_cagr_positive": 100.0,
    "p_cagr_above_30": 98.68
  },
  "k_1.00": {
    "cagr_p05": 53.722751355131294,
    "cagr_p50": 83.48458210469359,
    "cagr_p95": 121.84052724916022,
    "mdd_p05": -67.07089150791364,
    "mdd_p50": -51.267266715258245,
    "mdd_p95": -39.87646632158413,
    "cal_p05": 0.8835239960423517,
    "cal_p50": 1.6323824148787816,
    "cal_p95": 2.7705168221495144,
    "p_mdd_worse_than_30": 100.0,
    "p_mdd_worse_than_40": 94.8,
    "p_cagr_positive": 100.0,
    "p_cagr_above_30": 99.9
  }
}