date,regime,active_CHAMP,CHAMP_equity,CHAMP_cash,CHAMP_dd_%,CHAMP_ret_%,k_today,VIX,scale
2010-05-25,BEAR,yangbyungi,97240.31982910231,81306.69475904429,0.0,,0.6,,1.0
2010-05-26,BEAR,yangbyungi,95252.75928522216,73566.03626401514,-2.043967509951894,-2.043967509951894,0.3467205948679152,34.61000061035156,0.577867658113192
2010-05-27,BEAR,yangbyungi,96300.73713956322,79089.7714692001,-0.9662480452454214,1.1002073453883154,0.34266133190011683,35.02000045776367,0.571102219833528
2010-05-28,NEUTRAL,longbyungi,96485.24437136277,96485.24437136277,-0.7765044984082481,0.19159482811865747,0.404312664306387,29.68000030517578,0.673854440510645
2010-06-01,BEAR,yangbyungi,95097.24994915322,82596.96811934172,-2.2038902008091776,-1.4385561556617854,0.3741814815775219,32.06999969482422,0.6236358026292032
2010-06-02,BEAR,yangbyungi,96370.84412272867,79403.27971696522,-0.8941514259740546,1.3392544729278866,0.337647712179918,35.540000915527344,0.56274618696653
2010-06-03,BEAR,yangbyungi,96739.36765982471,77437.62959857723,-0.515169191296383,0.3824014829907796,0.3977461043968969,30.170000076293945,0.6629101739948282
2010-06-04,NEUTRAL,longbyungi,96225.1400910294,96225.1400910294,-1.0439905379343362,-0.53155977885192,0.40733198821872274,29.459999084472656,0.6788866470312046
2010-06-07,BEAR,yangbyungi,97139.50072369252,83207.08263905266,-0.10368035151158139,0.9502305029622349,0.33821871913258855,35.47999954223633,0.563697865220981
2010-06-08,BEAR,yangbyungi,96215.94119149479,96215.94119149479,-1.0534505022277263,-0.9507558977729813,0.32813782062181335,36.56999969482422,0.5468963677030223
2010-06-09,BEAR,yangbyungi,95216.53663464154,69399.46085376738,-2.0812181593165557,-1.0387099522980003,0.35608307799199324,33.70000076293945,0.5934717966533221
2010-06-10,BEAR,yangbyungi,95720.29513827007,78171.34208638225,-1.5631629899034216,0.5290661910561933,0.3557663849053343,33.72999954223633,0.5929439748422238
2010-06-11,BEAR,yangbyungi,96282.52384472583,76426.81228388686,-0.9849782333704704,0.5873662483422137,0.39254171147511363,30.56999969482422,0.654236185791856
2010-06-14,NEUTRAL,longbyungi,95479.41550694178,56699.027104294284,-1.8108787849066,-0.8341164166814186,0.4168113795900585,28.790000915527344,0.6946856326500975
2010-06-15,NEUTRAL,longbyungi,101294.09239309735,55876.60444094786,0.0,6.089979557670033,0.41987403890951175,28.579999923706055,0.6997900648491863
2010-06-16,NEUTRAL,longbyungi,101203.61741133354,53769.42897611976,-0.08931910995627623,-0.08931910995627623,0.4638577352421761,25.8700008392334,0.7730962254036269
2010-06-17,NEUTRAL,longbyungi,102099.92225832184,102099.92225832184,0.0,0.8856450687383388,0.46296296160025957,25.920000076293945,0.7716049360004327
2010-06-18,NEUTRAL,longbyungi,102099.92225832184,102099.92225832184,0.0,0.0,0.4790419307576842,25.049999237060547,0.7984032179294737
2010-06-21,NEUTRAL,longbyungi,97143.64661523742,97143.64661523742,-4.8543383123687445,-4.8543383123687445,0.5010438253751106,23.950000762939453,0.835073042291851
2010-06-22,NEUTRAL,longbyungi,93768.39070954165,50289.796185005696,-8.160174233728279,-3.4744999012280675,0.4823151288092832,24.8799991607666,0.803858548015472
2010-06-23,BEAR,yangbyungi,93732.82964152971,75249.8614659837,-8.195003905705867,-0.03792436634867391,0.44362293302984984,27.049999237060547,0.7393715550497497
2010-06-24,BEAR,yangbyungi,93436.7283803515,76735.1774032462,-8.485015156085707,-0.3158992023505669,0.44593088324205327,26.90999984741211,0.7432181387367555
2010-06-25,BEAR,yangbyungi,92482.73433390695,81649.1720454225,-9.419388097164806,-1.0210054043856776,0.40349697687804736,29.739999771118164,0.6724949614634123
2010-06-28,BEAR,yangbyungi,92484.30506455271,72942.26428146995,-9.417849672246337,0.0016984042016776613,0.4206098742092576,28.530000686645508,0.7010164570154294
2010-06-29,BEAR,yangbyungi,91475.28623683826,91475.28623683826,-10.4061156820495,-1.0910162832603487,0.41379310344827586,29.0,0.6896551724137931
2010-06-30,BEAR,yangbyungi,90368.89807053968,79135.39500262387,-11.489748403629163,-1.2094940740978277,0.35159682462508274,34.130001068115234,0.5859947077084713
2010-07-01,BEAR,yangbyungi,89460.8976268892,68981.03683895222,-12.379073707279408,-1.004770958855472,0.3474232681506803,34.540000915527344,0.5790387802511339
2010-07-02,BEAR,yangbyungi,88985.4354964254,79372.86243808671,-12.844756853698303,-0.5314748041616912,0.3651856292485813,32.86000061035156,0.6086427154143021
2010-07-06,BEAR,yangbyungi,87135.0972872704,74887.36885320276,-14.65703855600311,-2.079371976809996,0.39840636340119767,30.1200008392334,0.6640106056686628
2010-07-07,BEAR,yangbyungi,89573.0189010575,69497.55223919253,-12.26925846776863,2.797864109509929,0.4047217590013186,29.649999618530273,0.6745362650021978
2010-07-08,BEAR,yangbyungi,90007.11924200342,78111.63789139008,-11.844086409510235,0.48463292436915495,0.44709388717507026,26.84000015258789,0.7451564786251171
2010-07-09,BEAR,yangbyungi,90307.9458132234,69008.1092308937,-11.549447036074811,0.3342253076794366,0.4667444740302345,25.709999084472656,0.7779074567170575
2010-07-12,BEAR,yangbyungi,90762.53934287997,68680.65297382386,-11.104203279173197,0.5033815414169363,0.48038431624909883,24.979999542236328,0.8006405270818314
2010-07-13,NEUTRAL,longbyungi,92039.14886211243,46576.645362212206,-9.85385020250531,1.4065379048174398,0.4911993389315537,24.43000030517578,0.8186655648859229
2010-07-14,NEUTRAL,longbyungi,94014.15931070119,94014.15931070119,-7.919460435202829,2.145837367039971,0.48859935915880326,24.559999465942383,0.8143322652646722
2010-07-15,NEUTRAL,longbyungi,94014.15931070119,94014.15931070119,-7.919460435202829,0.0,0.4821213456915836,24.889999389648438,0.8035355761526394
2010-07-16,NEUTRAL,longbyungi,94014.15931070119,94014.15931070119,-7.919460435202829,0.0,0.4773269805623416,25.139999389648438,0.7955449676039027
2010-07-19,BEAR,yangbyungi,94579.67632595221,72525.20861111235,-7.365574592057711,0.6015232379859681,0.4571428571428571,26.25,0.7619047619047619
2010-07-20,NEUTRAL,longbyungi,92905.11756552945,92905.11756552945,-9.005692158637224,-1.7705270576859333,0.4620716333184217,25.969999313354492,0.7701193888640362
2010-07-21,NEUTRAL,longbyungi,92905.11756552945,92905.11756552945,-9.005692158637224,0.0,0.5014625928527272,23.93000030517578,0.8357709880878786
2010-07-22,BEAR,yangbyungi,94156.34913291084,71164.44991098081,-7.780195077243112,1.3467843324118878,0.46801873188985815,25.639999389648438,0.7800312198164303
2010-07-23,NEUTRAL,longbyungi,94473.84227204463,48177.43179008417,-7.469231922608676,0.33719780137779765,0.48721073523684616,24.6299991607666,0.8120178920614103
2010-07-26,NEUTRAL,longbyungi,95389.61844879374,46163.33650698546,-6.572290811887626,0.9693436349418993,0.5112910247582312,23.469999313354492,0.8521517079303853
2010-07-27,NEUTRAL,longbyungi,96422.1288826947,96422.1288826947,-5.561016355391358,1.0824138419792684,0.5279366582345016,22.729999542236328,0.8798944303908361
2010-07-28,NEUTRAL,longbyungi,93691.7626326746,46527.10861768732,-8.23522627605323,-2.831680114988766,0.5174644124038029,23.190000534057617,0.8624406873396715
2010-07-29,NEUTRAL,longbyungi,94185.76837897609,94185.76837897609,-7.751380906365668,0.5272670002359536,0.49484536082474223,24.25,0.8247422680412371
2010-07-30,NEUTRAL,longbyungi,94185.76837897609,94185.76837897609,-7.751380906365668,0.0,0.4973062750665576,24.1299991607666,0.828843791777596
2010-08-02,BEAR,yangbyungi,93796.46817550414,72441.21906998786,-8.13267424612648,-0.4133323008052803,0.5106382978723404,23.5,0.851063829787234
2010-08-03,NEUTRAL,longbyungi,93784.64391997294,93784.64391997294,-8.144255308354209,-0.01260629079239406,0.5452067185466645,22.010000228881836,0.9086778642444409
2010-08-04,NEUTRAL,longbyungi,94272.8964600267,44053.50080129369,-7.666044816853102,0.5206103255778194,0.5302695733548358,22.6299991607666,0.8837826222580598
2010-08-05,NEUTRAL,longbyungi,93947.7150453866,93947.7150453866,-7.984538119734729,-0.344936272089591,0.5402971857116996,22.209999084472656,0.9004953095194993
2010-08-06,NEUTRAL,longbyungi,94160.80298335108,42935.38196461834,-7.775832830591267,0.2268154556622548,0.542986415966838,22.100000381469727,0.90497735994473
2010-08-09,NEUTRAL,longbyungi,94138.94905967402,42333.48407568704,-7.797237277522939,-0.023209151775105408,0.5519779266944673,21.739999771118164,0.9199632111574456
2010-08-10,NEUTRAL,longbyungi,92519.8430203672,92519.8430203672,-9.383042637110128,-1.7199108928659057,0.5420054349961094,22.139999389648438,0.9033423916601825
2010-08-11,BEAR,yangbyungi,92519.8430203672,92519.8430203672,-9.383042637110128,0.0,0.5364327022712454,22.3700008392334,0.8940545037854091
2010-08-12,BEAR,yangbyungi,92519.8430203672,92519.8430203672,-9.383042637110128,0.0,0.4726270298727312,25.389999389648438,0.7877117164545521
2010-08-13,BEAR,yangbyungi,91217.44086126931,72773.02259725508,-10.65865786804312,-1.4077003554915146,0.46638166395229624,25.729999542236328,0.7773027732538271
2010-08-16,BEAR,yangbyungi,91110.38962160154,70213.07173964598,-10.763507350099443,-0.11735830193984054,0.45731707715973974,26.239999771118164,0.7621951285995663
2010-08-17,BEAR,yangbyungi,91557.93298071613,75966.3903972445,-10.325168760592728,0.4912100156450938,0.4597701082226675,26.100000381469727,0.7662835137044459
2010-08-18,BEAR,yangbyungi,91871.68285214723,69074.90224308806,-10.017871884658492,0.3426790680139069,0.49321825062184815,24.329999923706055,0.8220304177030803
2010-08-19,NEUTRAL,longbyungi,89171.29946464919,46892.241189665714,-12.662715610068819,-2.9392989261379787,0.4880032503268244,24.59000015258789,0.8133387505447074
2010-08-20,BEAR,yangbyungi,89248.04256792279,74215.10835678782,-12.587550907122779,0.08606256018959257,0.45385778205801036,26.440000534057617,0.7564296367633506
2010-08-23,BEAR,yangbyungi,89662.13890457235,89662.13890457235,-12.181971424308035,0.46398366253737056,0.47077285632606336,25.489999771118164,0.7846214272101056
2010-08-24,BEAR,yangbyungi,89102.42599995746,73794.88883669917,-12.730172531845385,-0.6242466568978422,0.46765393886821227,25.65999984741211,0.7794232314470205
2010-08-25,BEAR,yangbyungi,89429.36865416338,69455.29187717786,-12.409954213384056,0.36692901516068854,0.4369992862376109,27.459999084472656,0.7283321437293515
2010-08-26,BEAR,yangbyungi,89997.67814260142,73627.50049392915,-11.853333330754811,0.6354841781739173,0.44943818940471436,26.700000762939453,0.7490636490078573
2010-08-27,BEAR,yangbyungi,88373.30459766932,57845.89826690052,-13.444297857468445,-1.804906058085487,0.43843623061927917,27.3700008392334,0.730727051032132
2010-08-30,BEAR,yangbyungi,88358.87252745304,70778.40600202947,-13.458433098609735,-0.016330802929664934,0.49079753069739057,24.450000762939453,0.817995884495651
2010-08-31,BEAR,yangbyungi,87326.44865706073,73696.54284797676,-14.469622771977154,-1.1684439161121496,0.44101434780450915,27.209999084472656,0.7350239130075152
2010-09-01,BEAR,yangbyungi,88554.41255963553,67630.76861450485,-13.266914801771312,1.4061763892370571,0.4606526046621899,26.049999237060547,0.7677543411036498
2010-09-02,BEAR,yangbyungi,89612.47903597174,66565.64962408392,-12.230609922263946,1.1948207274523837,0.5023022313344894,23.889999389648438,0.8371703855574824
2010-09-03,BEAR,yangbyungi,90215.41101362652,72862.54703723821,-11.640078642397444,0.6728214464558624,0.5174644124038029,23.190000534057617,0.8624406873396715
2010-09-07,NEUTRAL,longbyungi,90048.9359595887,90048.9359595887,-11.803129749935625,-0.18453061640728574,0.5631159221368535,21.309999465942383,0.9385265368947558
2010-09-08,NEUTRAL,longbyungi,90048.9359595887,90048.9359595887,-11.803129749935625,0.0,0.5042016968350994,23.799999237060547,0.8403361613918324
2010-09-09,NEUTRAL,longbyungi,90048.9359595887,90048.9359595887,-11.803129749935625,0.0,0.5161290322580645,23.25,0.8602150537634409
2010-09-10,NEUTRAL,longbyungi,90048.9359595887,90048.9359595887,-11.803129749935625,0.0,0.526085062733877,22.809999465942383,0.876808437889795
2010-09-13,BEAR,yangbyungi,91535.40873753147,60564.97299199516,-10.347229740352992,1.6507388589353855,0.5457025977672311,21.989999771118164,0.9095043296120519
2010-09-14,NEUTRAL,longbyungi,93394.21419780074,39616.705452850794,-8.526654935637346,2.0306955372856983,0.5657708872220045,21.209999084472656,0.942951478703341
2010-09-15,NEUTRAL,longbyungi,92104.56373934947,40901.50544305698,-9.789780734292064,-1.3808676153320487,0.5565862846590512,21.559999465942383,0.9276438077650854
2010-09-16,NEUTRAL,longbyungi,92307.66052095755,41605.36455090181,-9.590861110147564,0.22050675163376443,0.542986415966838,22.100000381469727,0.90497735994473
2010-09-17,NEUTRAL,longbyungi,92999.86543456152,92999.86543456152,-8.912892999797162,0.7498889146332788,0.5524862053113337,21.719999313354492,0.9208103421855564
2010-09-20,NEUTRAL,longbyungi,92787.08459561749,42295.71397570287,-9.121297506125458,-0.22879693207056295,0.5452067185466645,22.010000228881836,0.9086778642444409
2010-09-21,NEUTRAL,longbyungi,91592.07044530916,40900.100983581244,-10.291733412320214,-1.2879100097997642,0.5581395348837209,21.5,0.9302325581395349
2010-09-22,NEUTRAL,longbyungi,90891.21203271818,90891.21203271818,-10.978177042333714,-0.7651955122135567,0.5369127425138275,22.350000381469727,0.8948545708563791
2010-09-23,NEUTRAL,longbyungi,92442.781872919,42437.43445375645,-9.458518842912934,1.7070625481837576,0.5330963961787614,22.510000228881836,0.8884939936312689
2010-09-24,NEUTRAL,longbyungi,97218.48568630114,47067.895133436876,-4.781038480783783,5.166118669976072,0.5027230656932556,23.8700008392334,0.8378717761554262
2010-09-27,BULL,longbyungi,97556.19052018123,97556.19052018123,-4.450279331892693,0.3473668937508334,0.5527406958106504,21.709999084472656,0.9212344930177507
2010-09-28,BULL,longbyungi,98492.40463753296,45618.55792515674,-3.5333206343306833,0.9596665392116233,0.5323868461661617,22.540000915527344,0.8873114102769362
2010-09-29,BULL,longbyungi,98771.168987493,45721.363559399775,-3.2602897212857807,0.28303131696898465,0.5309734423650312,22.600000381469727,0.8849557372750521
2010-09-30,BULL,longbyungi,96895.43231066124,48173.17136856231,-5.09744751273441,-1.8990730757365792,0.5161290322580645,23.25,0.8602150537634409
2010-10-01,BULL,longbyungi,98041.01515612825,98041.01515612825,-3.9754262416813457,1.1822877695556455,0.5063290976245381,23.700000762939453,0.8438818293742303
2010-10-04,NEUTRAL,longbyungi,98041.01515612825,98041.01515612825,-3.9754262416813457,0.0,0.5333333333333333,22.5,0.8888888888888888
2010-10-05,NEUTRAL,longbyungi,99264.87224739557,48041.34887727178,-2.776740616661133,1.2483113208470398,0.5099872354364452,23.530000686645508,0.8499787257274087
2010-10-06,NEUTRAL,longbyungi,99172.49331558292,99172.49331558292,-2.867219560982881,-0.09306306422519617,0.5514705824346692,21.760000228881836,0.9191176373911153
2010-10-07,NEUTRAL,longbyungi,98451.74358938981,43794.64629548156,-3.5731453934918944,-0.7267637447609276,0.558399261414958,21.489999771118164,0.9306654356915968
2010-10-08,NEUTRAL,longbyungi,99313.23778332319,43466.762198384946,-2.7293698304177827,0.8750420891745714,0.5565862846590512,21.559999465942383,0.9276438077650854
2010-10-11,BULL,longbyungi,99397.07528371163,41748.18320501264,-2.6472566431262945,0.08441724613927892,0.5794302525583892,20.709999084472656,0.9657170875973153
2010-10-12,BULL,longbyungi,99756.9319148937,36204.56702597334,-2.2948013001421796,0.36203945654831315,0.6329114229666516,18.959999084472656,1.054852371611086
2010-10-13,BULL,longbyungi,100306.78245729246,100306.78245729246,-1.756259712414443,0.551190310130889,0.6339144113335802,18.93000030517578,1.0565240188893004
2010-10-14,BULL,longbyungi,98696.23465873912,37187.67345100338,-3.3336828513650385,-1.605622031829257,0.6292606288429524,19.06999969482422,1.0487677147382541
2010-10-15,BULL,longbyungi,99930.68626442993,99930.68626442993,-2.1246206127400913,1.2507585623293016,0.6036217558641618,19.8799991607666,1.006036259773603
2010-10-18,BULL,longbyungi,99930.68626442993,99930.68626442993,-2.1246206127400913,0.0,0.6305832667899544,19.030000686645508,1.0509721113165906
2010-10-19,BULL,longbyungi,98280.95559265203,37114.12127814853,-3.740420738036887,-1.6508749548787116,0.6286013569451568,19.09000015258789,1.047668928241928
2010-10-20,BULL,longbyungi,98281.26248668414,41116.087962827594,-3.740120155993998,0.00031226195376099497,0.5816771928338792,20.6299991607666,0.9694619880564653
2010-10-21,BULL,longbyungi,98521.82593604847,98521.82593604847,-3.504504453216395,0.24477041022639145,0.6063668238936125,19.790000915527344,1.010611373156021
2010-10-22,BULL,longbyungi,101151.7351976631,37169.367028541754,-0.9286853894557634,2.66936715456505,0.6227296167585367,19.270000457763672,1.0378826945975612
2010-10-25,BULL,longbyungi,102159.61289367345,36855.20048872594,0.0,0.9964017859316332,0.6389776124200689,18.780000686645508,1.0649626873667815
2010-10-26,BULL,longbyungi,100319.36845877058,40015.16643490216,-1.8013424119159183,-1.8013424119159183,0.6045339934200797,19.850000381469727,1.007556655700133
2010-10-27,BULL,longbyungi,104716.1612663503,40849.193338260324,0.0,4.382795541009332,0.59347183024257,20.219999313354492,0.98911971707095
2010-10-28,BULL,longbyungi,104835.55144245242,104835.55144245242,0.0,0.11401313289018944,0.5794302525583892,20.709999084472656,0.9657170875973153
2010-10-29,BULL,longbyungi,105502.51545972747,44585.23209985139,0.0,0.6362002279743484,0.5747126667776851,20.8799991607666,0.9578544446294751
2010-11-01,BULL,longbyungi,105888.85832074386,105888.85832074386,0.0,0.36619303277547477,0.5660377154786554,21.200000762939453,0.9433961924644257
2010-11-02,BULL,longbyungi,105040.49618330316,47681.515018417056,-0.801181683223906,-0.801181683223906,0.5497022465386602,21.829999923706055,0.9161704108977671
2010-11-03,BULL,longbyungi,105965.74835378196,46837.17669951284,0.0,0.8808528178162689,0.5563282415288784,21.56999969482422,0.9272137358814639
2010-11-04,BULL,longbyungi,110575.98076132778,41561.51919079023,0.0,4.350681686457669,0.6134969492659876,19.559999465942383,1.0224949154433127
2010-11-05,BULL,longbyungi,110843.35990173295,39152.36468638231,0.0,0.24180580498969206,0.6479481481313648,18.520000457763672,1.0799135802189415
2010-11-08,BULL,longbyungi,109749.47637708962,37843.84673031178,-0.9868733008572605,-0.9868733008572605,0.6571741429126383,18.260000228881836,1.0952902381877305
2010-11-09,BULL,longbyungi,109688.36917537505,109688.36917537505,-1.0420026309035157,-0.05567880934995717,0.6560961946050298,18.290000915527344,1.0934936576750496
2010-11-10,BULL,longbyungi,109688.36917537505,109688.36917537505,-1.0420026309035157,0.0,0.6289308201249274,19.079999923706055,1.0482180335415456
2010-11-11,BULL,longbyungi,109688.36917537505,109688.36917537505,-1.0420026309035157,0.0,0.6497022439694168,18.469999313354492,1.0828370732823613
2010-11-12,BULL,longbyungi,108948.3734932668,39073.53692192152,-1.7096075129318877,-0.6746345922283736,0.6437768451142812,18.639999389648438,1.0729614085238022
2010-11-15,BULL,longbyungi,110441.98599782948,110441.98599782948,-0.36210910988200284,1.370936028388714,0.5822416130338632,20.610000610351562,0.9704026883897721
2010-11-16,BULL,longbyungi,108229.15349376336,44832.88788306789,-2.3584691137901292,-2.003615277354409,0.5940593835033989,20.200000762939453,0.9900989725056649
2010-11-17,BULL,longbyungi,107090.32880160157,50576.52617634299,-3.385887168576085,-1.0522346848323094,0.5314437573315297,22.579999923706055,0.8857395955525496
2010-11-18,BULL,longbyungi,109281.32521669392,48782.76413071265,-1.409227116918721,2.0459330357939676,0.5514705824346692,21.760000228881836,0.9191176373911153
2010-11-19,BULL,longbyungi,111555.491487734,39180.87356952891,0.0,2.081020033871872,0.64,18.75,1.0666666666666667
2010-11-22,BULL,longbyungi,113035.07644440509,37398.947593413686,0.0,1.3263219380228897,0.6651884363083037,18.040000915527344,1.1086473938471728
2010-11-23,BULL,longbyungi,109811.45106865917,38352.14753796454,-2.8518805641109313,-2.8518805641109313,0.6532389467490506,18.3700008392334,1.0887315779150843
2010-11-24,BULL,longbyungi,113931.04626218419,46562.2077473162,0.0,3.751516944211275,0.5816771928338792,20.6299991607666,0.9694619880564653
2010-11-26,BULL,longbyungi,112869.83514666269,112869.83514666269,-0.9314503380223327,-0.9314503380223327,0.6134969492659876,19.559999465942383,1.0224949154433127
2010-11-29,BULL,longbyungi,112516.91813200251,51914.02670314404,-1.241214029516946,-0.3126761142174139,0.540054022089364,22.219999313354492,0.9000900368156067
2010-11-30,BULL,longbyungi,110615.66180830367,110615.66180830367,-2.9099921072004986,-1.689751510495796,0.5573618029396201,21.530000686645508,0.9289363382327003
2010-12-01,BULL,longbyungi,112190.40382986842,54227.051354848736,-1.5278034297254717,1.4236157844390585,0.5097705834023404,23.540000915527344,0.8496176390039006
2010-12-02,BULL,longbyungi,114607.21806485622,49286.355692006226,0.0,2.154207626039728,0.561797736755893,21.360000610351562,0.9363295612598216
2010-12-03,BULL,longbyungi,114546.201127696,43292.48002551486,-0.053240047346492236,-0.053240047346492236,0.6188757286091681,19.389999389648438,1.0314595476819468
2010-12-06,BULL,longbyungi,114726.0422988642,114726.0422988642,0.0,0.15700317373923411,0.666296493475671,18.010000228881836,1.110494155792785
2010-12-07,BULL,longbyungi,114726.0422988642,114726.0422988642,0.0,0.0,0.6659267311411173,18.020000457763672,1.1098778852351956
2010-12-08,BULL,longbyungi,114768.6646807309,38199.49837991444,0.0,0.03715144444333962,0.6670372513992613,17.989999771118164,1.1117287523321022
2010-12-09,BULL,longbyungi,116029.62489742239,116029.62489742239,0.0,1.0986972970359776,0.6764374382651771,17.739999771118164,1.127395730441962
2010-12-10,BULL,longbyungi,116029.62489742239,116029.62489742239,0.0,0.0,0.6956521739130435,17.25,1.1594202898550725
2010-12-13,BULL,longbyungi,116029.62489742239,116029.62489742239,0.0,0.0,0.6814309814927618,17.610000610351562,1.1357183024879365
2010-12-14,BULL,longbyungi,116029.62489742239,116029.62489742239,0.0,0.0,0.6837607134853575,17.549999237060547,1.1396011891422626
2010-12-15,BULL,longbyungi,112960.24470929436,36963.44372133484,-2.6453418175242382,-2.6453418175242382,0.6814309814927618,17.610000610351562,1.1357183024879365
2010-12-16,BULL,longbyungi,113036.46923917365,37594.71913629492,-2.579647793306994,0.0674790764445099,0.6688963011577945,17.940000534057617,1.1148271685963242
2010-12-17,BULL,longbyungi,113311.78208588969,35130.24723389553,-2.3423697300887114,0.24356108127678855,0.6900517781008729,17.389999389648438,1.1500862968347882
2010-12-20,BULL,longbyungi,112900.91537582144,112900.91537582144,-2.696474735971033,-0.36259840107079055,0.7448789289486022,16.110000610351562,1.2414648815810037
2010-12-21,BULL,longbyungi,112278.64483582934,30340.83023825125,-3.232777891774752,-0.5511651857920685,0.731261432759393,16.40999984741211,1.2187690545989884
2010-12-22,BULL,longbyungi,111010.67003715313,30212.20844383005,-4.3255805271337655,-1.129310743401124,0.7277137760194339,16.489999771118164,1.2128562933657232
2010-12-23,BULL,longbyungi,108981.0319516604,24462.399516539997,-6.074821798306584,-1.8283270291166165,0.7766990387147951,15.449999809265137,1.2944983978579918
2010-12-27,BULL,longbyungi,107811.68140604865,29131.937676718095,-7.082625233546103,-1.0729853853195581,0.7285974802846501,16.469999313354492,1.2143291338077502
2010-12-28,BULL,longbyungi,107509.68428754577,107509.68428754577,-7.342901105996669,-0.28011539618372217,0.6791171447757484,17.670000076293945,1.1318619079595806
2010-12-29,BULL,longbyungi,107509.68428754577,107509.68428754577,-7.342901105996669,0.0,0.6849314889533816,17.520000457763672,1.1415524815889695
2010-12-30,BULL,longbyungi,107509.68428754577,107509.68428754577,-7.342901105996669,0.0,0.6944444168497026,17.280000686645508,1.157407361416171
2010-12-31,BULL,longbyungi,107509.68428754577,107509.68428754577,-7.342901105996669,0.0,0.6849314889533816,17.520000457763672,1.1415524815889695
2011-01-03,BULL,longbyungi,106571.22072639053,34827.080825543,-8.15171485678221,-0.8729107218334087,0.676056338028169,17.75,1.1267605633802817
2011-01-04,BULL,longbyungi,107169.49641419527,107169.49641419527,-7.636091636993603,0.5613857885148343,0.6814309814927618,17.610000610351562,1.1357183024879365
2011-01-05,BULL,longbyungi,107786.40579179299,33174.443533328595,-7.104408992890332,0.575638962800995,0.690448825054529,17.3799991607666,1.1507480417575484
2011-01-06,BULL,longbyungi,110662.66266005553,31963.679922605792,-4.62551028852467,2.6684783179601546,0.7050528600030795,17.020000457763672,1.1750881000051325
2011-01-07,BULL,longbyungi,111099.42937732114,111099.42937732114,-4.249083390952835,0.3946830003605628,0.6896551875334813,17.399999618530273,1.1494253125558023
2011-01-10,BULL,longbyungi,112740.39093725591,33316.86228265574,-2.834822540428239,1.477020691403963,0.7001167110453517,17.139999389648438,1.1668611850755861
2011-01-11,BULL,longbyungi,114015.53905091863,114015.53905091863,-1.7358375917222335,1.131048156798009,0.6841504774025958,17.540000915527344,1.140250795670993
2011-01-12,BULL,longbyungi,115613.59422244495,33009.82454215677,-0.3585555631548609,1.4016117318996768,0.7104795993867575,16.889999389648438,1.1841326656445958
2011-01-13,BULL,longbyungi,115625.12921550173,115625.12921550173,-0.3486141425332212,0.00997719440725131,0.7389162665717064,16.239999771118164,1.231527110952844
2011-01-14,BULL,longbyungi,119837.07568423275,30969.75384908555,0.0,3.6427604425685045,0.7321537795528495,16.389999389648438,1.2202562992547492
2011-01-18,BULL,longbyungi,118785.8228206839,118785.8228206839,-0.8772350773302184,-0.8772350773302184,0.7761966345660057,15.460000038146973,1.2936610576100096
2011-01-19,BULL,longbyungi,118785.8228206839,118785.8228206839,-0.8772350773302184,0.0,0.7561436727494503,15.869999885559082,1.2602394545824172
2011-01-20,BULL,longbyungi,118785.8228206839,118785.8228206839,-0.8772350773302184,0.0,0.6932409226014208,17.309999465942383,1.1554015376690348
2011-01-21,BULL,longbyungi,118785.8228206839,118785.8228206839,-0.8772350773302184,0.0,0.6670372513992613,17.989999771118164,1.1117287523321022
2011-01-24,BULL,longbyungi,122177.4201787616,41610.40718233201,0.0,2.8552206631573984,0.6497022439694168,18.469999313354492,1.0828370732823613
2011-01-25,BULL,longbyungi,121069.29931994757,121069.29931994757,-0.9069768024179137,-0.9069768024179137,0.6798867002468097,17.649999618530273,1.1331445004113496
2011-01-26,BULL,longbyungi,121069.29931994757,121069.29931994757,-0.9069768024179137,0.0,0.682205792831362,17.59000015258789,1.1370096547189366
2011-01-27,BULL,longbyungi,122662.52494034049,33759.70526171934,0.0,1.3159617089899323,0.7211538726056125,16.639999389648438,1.2019231210093542
2011-01-28,BULL,longbyungi,124351.20915684699,124351.20915684699,0.0,1.3766912244206786,0.7430340732783285,16.149999618530273,1.2383901221305476
2011-01-31,BULL,longbyungi,123395.51690687254,49889.410668306504,-0.7685427881678364,-0.7685427881678364,0.5988023678532963,20.040000915527344,0.9980039464221606
2011-02-01,BULL,longbyungi,127457.32401656338,48391.978079044144,0.0,3.29169747127549,0.6144393025139792,19.530000686645508,1.0240655041899653
2011-02-02,BULL,longbyungi,127575.36660452638,40404.36049665965,0.0,0.09261342090287616,0.680658001771465,17.6299991607666,1.1344300029524417
2011-02-03,BULL,longbyungi,127540.97882301571,127540.97882301571,-0.026954875714579885,-0.026954875714579885,0.6936416490870856,17.299999237060547,1.1560694151451427
2011-02-04,BULL,longbyungi,130573.61793199152,35839.85857720944,0.0,2.3777762543159664,0.7189933862202579,16.690000534057617,1.1983223103670966
2011-02-07,BULL,longbyungi,131510.0168878745,131510.0168878745,0.0,0.7171425366881312,0.7532956541187954,15.930000305175781,1.255492756864659
2011-02-08,BULL,longbyungi,131510.0168878745,131510.0168878745,0.0,0.0,0.7371007060118618,16.280000686645508,1.2285011766864364
2011-02-09,BULL,longbyungi,131510.0168878745,131510.0168878745,0.0,0.0,0.7590132625873093,15.8100004196167,1.265022104312182
2011-02-10,BULL,longbyungi,134148.1695962832,32069.549714934838,0.0,2.006046969530839,0.7561436727494503,15.869999885559082,1.2602394545824172
2011-02-11,BULL,longbyungi,134740.1293399688,33902.888786129275,0.0,0.44127306803147803,0.7458048406587453,16.09000015258789,1.2430080677645756
2011-02-14,BULL,longbyungi,135332.15294832466,31946.757262735904,0.0,0.4393818020332452,0.7648183760950008,15.6899995803833,1.274697293491668
2011-02-15,BULL,longbyungi,135056.0571860498,135056.0571860498,-0.20401342641781506,-0.20401342641781506,0.7523511061755226,15.949999809265137,1.2539185102925376
2011-02-16,BULL,longbyungi,134487.6144938385,36053.454672530745,-0.6240486359576525,-0.42089388958557183,0.7330482214295326,16.3700008392334,1.2217470357158877
2011-02-17,BULL,longbyungi,137075.10477453383,37778.69597328796,0.0,1.9239617643852736,0.7177033787564474,16.719999313354492,1.1961722979274123
2011-02-18,BULL,longbyungi,137920.99194788584,137920.99194788584,0.0,0.6170975938653234,0.7233272989529241,16.59000015258789,1.2055454982548737
2011-02-22,BULL,longbyungi,137920.99194788584,137920.99194788584,0.0,0.0,0.7303712584971626,16.43000030517578,1.2172854308286043
2011-02-23,BULL,longbyungi,137920.99194788584,137920.99194788584,0.0,0.0,0.57692309808449,20.799999237060547,0.9615384968074834
2011-02-24,NEUTRAL,longbyungi,139363.01662200957,63133.284485663884,0.0,1.045544013103239,0.5422503594701586,22.1299991607666,0.9037505991169311
2011-02-25,BULL,longbyungi,143806.2377229599,61982.337671001005,0.0,3.1882354505869737,0.5628517904206723,21.31999969482422,0.9380863173677872
2011-02-28,BULL,longbyungi,145467.63858054794,145467.63858054794,0.0,1.1553051410667647,0.624349658101295,19.219999313354492,1.0405827635021583
2011-03-01,BULL,longbyungi,145467.63858054794,145467.63858054794,0.0,0.0,0.6539509400837883,18.350000381469727,1.0899182334729804
2011-03-02,NEUTRAL,longbyungi,147793.19458905433,62382.838773314565,0.0,1.5986758506557397,0.5711565858768506,21.010000228881836,0.9519276431280844
2011-03-03,BULL,longbyungi,151256.89011292608,63378.62848087112,0.0,2.343609618496112,0.5797101235611727,20.700000762939453,0.9661835392686212
2011-03-04,BULL,longbyungi,150541.03314992046,150541.03314992046,-0.47327230017168986,-0.47327230017168986,0.6451612770908872,18.600000381469727,1.0752687951514788
2011-03-07,BULL,longbyungi,150541.03314992046,150541.03314992046,-0.47327230017168986,0.0,0.6295907836431139,19.059999465942383,1.0493179727385233
2011-03-08,NEUTRAL,longbyungi,148914.20811808505,63101.90385944625,-1.548810102529552,-1.0806522300237487,0.5808325309113267,20.65999984741211,0.9680542181855446
2011-03-09,NEUTRAL,longbyungi,147329.15525702137,147329.15525702137,-2.5967311988051023,-1.0644067353242637,0.6054490506946714,19.81999969482422,1.0090817511577856
2011-03-10,BEAR,yangbyungi,144720.24714170524,100763.84512115554,-4.321550553062858,-1.7708023308521503,0.59347183024257,20.219999313354492,0.98911971707095
2011-03-11,BEAR,yangbyungi,145517.02757776724,88622.05297427307,-3.794777567404395,0.5505659724874601,0.5484460905061369,21.8799991607666,0.9140768175102283
2011-03-14,BEAR,yangbyungi,144276.56902959512,99410.63996568957,-4.614878091252272,-0.8524490699270193,0.5976095640236051,20.079999923706055,0.9960159400393419
2011-03-15,BEAR,yangbyungi,139729.77447861418,139729.77447861418,-7.620886311827468,-3.1514434960317472,0.5679129425750833,21.1299991607666,0.9465215709584721
2011-03-16,BEAR,yangbyungi,135361.8709288577,81746.27667337742,-10.508624877981687,-3.1259647888610798,0.49342105882319726,24.31999969482422,0.8223684313719954
2011-03-17,BEAR,yangbyungi,134999.01239914517,106543.60338058334,-10.74852041559431,-0.2680655395958964,0.4081632706021065,29.399999618530273,0.6802721176701775
2011-03-18,NEUTRAL,longbyungi,136397.23127491816,136397.23127491816,-9.824120294231841,1.0357252626700175,0.45506255662102024,26.3700008392334,0.7584375943683671
2011-03-21,BEAR,yangbyungi,136371.75080620876,106247.59395691934,-9.840966117711602,-0.018681074733872816,0.49099835260959857,24.440000534057617,0.8183305876826643
2011-03-22,NEUTRAL,longbyungi,136555.10576577668,136555.10576577668,-9.719745220315767,0.1344523029761957,0.5822416130338632,20.610000610351562,0.9704026883897721
2011-03-23,NEUTRAL,longbyungi,138022.6209303051,55473.396541539085,-8.749531457866466,1.0746688351921163,0.5937654895402543,20.209999084472656,0.9896091492337573
2011-03-24,NEUTRAL,longbyungi,142708.18105878995,52682.32188391175,-5.651781580167214,3.394776955330281,0.625978088275517,19.170000076293945,1.0432968137925285
2011-03-25,BULL,longbyungi,140327.15724588494,47820.77672732761,-7.225940490301741,-1.6684564229181298,0.6666666666666666,18.0,1.1111111111111112
2011-03-28,BULL,longbyungi,141693.96646666544,141693.96646666544,-6.322306137010425,0.9740161830439797,0.6700167561271047,17.90999984741211,1.1166945935451744
2011-03-29,NEUTRAL,longbyungi,143033.96218900935,54228.557470347674,-5.436398909020024,0.9456970933615194,0.6172839336591982,19.440000534057617,1.0288065560986637
2011-03-30,NEUTRAL,longbyungi,145042.70218479072,145042.70218479072,-4.108366847616618,1.4043797466275487,0.6607929570941081,18.15999984741211,1.101321595156847
2011-03-31,BULL,longbyungi,145042.70218479072,145042.70218479072,-4.108366847616618,0.0,0.6775833213069485,17.709999084472656,1.1293055355115809
2011-04-01,NEUTRAL,longbyungi,145042.70218479072,145042.70218479072,-4.108366847616618,0.0,0.6764374382651771,17.739999771118164,1.127395730441962
2011-04-04,BULL,longbyungi,145042.70218479072,145042.70218479072,-4.108366847616618,0.0,0.6896551875334813,17.399999618530273,1.1494253125558023
2011-04-05,BEAR,yangbyungi,145192.79848913802,75422.20513609119,-4.00913414209475,0.10348421677643937,0.6857142857142856,17.5,1.1428571428571428
2011-04-06,BULL,longbyungi,147485.63601523073,44809.17750628796,-2.4932775590452705,1.5791675275576678,0.6956521739130435,17.25,1.1594202898550725
2011-04-07,BULL,longbyungi,147415.31880948518,147415.31880948518,-2.5397661558245965,-0.04767732481981701,0.710059187625212,16.899999618530273,1.1834319793753534
2011-04-08,BULL,longbyungi,147415.31880948518,147415.31880948518,-2.5397661558245965,0.0,0.7013442181141706,17.110000610351562,1.1689070301902844
2011-04-11,NEUTRAL,longbyungi,147415.31880948518,147415.31880948518,-2.5397661558245965,0.0,0.6715164765775571,17.8700008392334,1.1191941276292618
2011-04-12,NEUTRAL,longbyungi,147415.31880948518,147415.31880948518,-2.5397661558245965,0.0,0.7233272989529241,16.59000015258789,1.2055454982548737
2011-04-13,BEAR,yangbyungi,147415.31880948518,147415.31880948518,-2.5397661558245965,0.0,0.7021650025077896,17.09000015258789,1.1702750041796492
2011-04-14,BEAR,yangbyungi,147899.78772610717,84685.39619468729,-2.219470719193384,0.3286421794793881,0.7092198549580863,16.920000076293945,1.1820330915968105
2011-04-15,BEAR,yangbyungi,148117.4765926128,82182.66351368529,-2.075550752081068,0.14718673356635126,0.7375537592117198,16.270000457763672,1.2292562653528665
2011-04-18,BEAR,yangbyungi,145696.53723833602,145696.53723833602,-3.67609890064432,-1.634472453872149,0.7832898328355801,15.319999694824219,1.3054830547259668
2011-04-19,BEAR,yangbyungi,145845.07995959072,83844.23035487508,-3.5778933107080246,0.10195350148349824,0.7075472080058264,16.959999084472656,1.1792453466763773
2011-04-20,NEUTRAL,longbyungi,153539.26282333292,36617.88062618881,0.0,5.275586167098689,0.7580543308802878,15.829999923706055,1.2634238848004797
2011-04-21,BULL,longbyungi,155915.01928785336,155915.01928785336,0.0,1.5473282995073667,0.7962840240880291,15.069999694824219,1.3271400401467153
2011-04-25,BULL,longbyungi,154652.8115798398,28550.806565022125,-0.8095485051913154,-0.8095485051913154,0.8168822561455028,14.6899995803833,1.3614704269091713
2011-04-26,BULL,longbyungi,158295.0948305233,37002.056849532775,0.0,2.355135489278304,0.7609384687171853,15.770000457763672,1.2682307811953089
2011-04-27,BULL,longbyungi,156918.43157545707,156918.43157545707,-0.8696815631211718,-0.8696815631211718,0.7682458442969756,15.619999885559082,1.2804097404949595
2011-04-28,BULL,longbyungi,156918.43157545707,156918.43157545707,-0.8696815631211718,0.0,0.7817589382268815,15.350000381469727,1.3029315637114691
2011-04-29,BULL,longbyungi,157473.19200061884,28120.812311079324,-0.5192219195322645,0.3535342659189089,0.8207934400774525,14.619999885559082,1.3679890667957542
2011-05-02,BULL,longbyungi,158624.1659199588,158624.1659199588,0.0,0.7309014980374728,0.8135593220338982,14.75,1.3559322033898304
2011-05-03,BULL,longbyungi,158624.1659199588,158624.1659199588,0.0,0.0,0.7504690538942299,15.989999771118164,1.2507817564903831
2011-05-04,BULL,longbyungi,158624.1659199588,158624.1659199588,0.0,0.0,0.7185628414239555,16.700000762939453,1.1976047357065926
2011-05-05,BULL,longbyungi,159466.2780712702,47178.61559547833,0.0,0.5308851563867956,0.702576115550486,17.079999923706055,1.1709601925841435
2011-05-06,NEUTRAL,longbyungi,160304.01852011308,55725.322799994625,0.0,0.5253401903996702,0.6593406317012648,18.200000762939453,1.0989010528354413
2011-05-09,NEUTRAL,longbyungi,160215.1449300227,160215.1449300227,-0.05544065015389288,-0.05544065015389288,0.6521739265643809,18.399999618530273,1.0869565442739682
2011-05-10,BULL,longbyungi,160215.1449300227,160215.1449300227,-0.05544065015389288,0.0,0.6993007055189289,17.15999984741211,1.1655011758648814
2011-05-11,BULL,longbyungi,160215.1449300227,160215.1449300227,-0.05544065015389288,0.0,0.7542426219414387,15.90999984741211,1.2570710365690645
2011-05-12,BULL,longbyungi,164714.33136615565,46788.498757597394,0.0,2.808215439369377,0.7079645699035928,16.950000762939453,1.1799409498393214
2011-05-13,BULL,longbyungi,163989.483031089,163989.483031089,-0.4400639149336194,-0.4400639149336194,0.7485963497180087,16.030000686645508,1.2476605828633478
2011-05-16,BULL,longbyungi,157679.08443766052,48706.89184453231,-4.27118081963126,-3.8480507876423764,0.7029877102832351,17.06999969482422,1.171646183805392
2011-05-17,NEUTRAL,longbyungi,156391.2509895718,156391.2509895718,-5.053039591364916,-0.8167433573587735,0.6578947450975963,18.239999771118164,1.0964912418293271
2011-05-18,BEAR,yangbyungi,158500.638470383,81537.31563792373,-3.7724057428614177,1.348788674215462,0.6837607134853575,17.549999237060547,1.1396011891422626
2011-05-19,BULL,longbyungi,157497.45357385994,157497.45357385994,-4.38145104462876,-0.6329216753978684,0.7393715550497496,16.229999542236328,1.2322859250829161
2011-05-20,BULL,longbyungi,157497.45357385994,157497.45357385994,-4.38145104462876,0.0,0.7731958534831848,15.520000457763672,1.288659755805308
2011-05-23,NEUTRAL,longbyungi,157497.45357385994,157497.45357385994,-4.38145104462876,0.0,0.6884681462935281,17.43000030517578,1.1474469104892135
2011-05-24,BEAR,yangbyungi,157497.45357385994,157497.45357385994,-4.38145104462876,0.0,0.6568144334610954,18.270000457763672,1.094690722435159
2011-05-25,BEAR,yangbyungi,158643.91507032502,93862.11770675809,-3.685420840725906,0.7279238301636681,0.673400684932973,17.81999969482422,1.1223344748882884
2011-05-26,BEAR,yangbyungi,159408.84769401303,91573.58289505329,-3.2210212846316644,0.4821695325338604,0.7029877102832351,17.06999969482422,1.171646183805392
2011-05-27,NEUTRAL,longbyungi,160639.56900811224,40848.208096053786,-2.4738359584420833,0.7720533282202791,0.7458048406587453,16.09000015258789,1.2430080677645756
2011-05-31,NEUTRAL,longbyungi,164273.2887392015,164273.2887392015,-0.267762145100614,2.2620327939909757,0.7509386948530948,15.979999542236328,1.2515644914218247
2011-06-01,BULL,longbyungi,164273.2887392015,164273.2887392015,-0.267762145100614,0.0,0.7766990387147951,15.449999809265137,1.2944983978579918
2011-06-02,NEUTRAL,longbyungi,162469.1848834444,56553.094911091976,-1.3630547288082329,-1.0982332365800929,0.6557377322561851,18.299999237060547,1.0928962204269752
2011-06-03,NEUTRAL,longbyungi,155072.8546764582,53536.249293025365,-5.853453436461875,-4.552451107754574,0.66334991148595,18.09000015258789,1.1055831858099168
2011-06-06,BEAR,yangbyungi,154472.29794811847,154472.29794811847,-6.218058461026931,-0.3872739233392708,0.6685236484655673,17.950000762939453,1.1142060807759455
2011-06-07,BEAR,yangbyungi,154472.29794811847,154472.29794811847,-6.218058461026931,0.0,0.6489994672008756,18.489999771118164,1.081665778668126
2011-06-08,BEAR,yangbyungi,154472.29794811847,154472.29794811847,-6.218058461026931,0.0,0.6640841285369338,18.06999969482422,1.1068068808948897
2011-06-09,BEAR,yangbyungi,153522.9602378686,109832.36727593005,-6.794412505253666,-0.614568257778314,0.6386375420601312,18.790000915527344,1.0643959034335522
2011-06-10,BEAR,yangbyungi,152973.82536059772,152973.82536059772,-7.127798721690515,-0.35768908860279724,0.675295424359836,17.770000457763672,1.12549237393306
2011-06-13,BEAR,yangbyungi,150783.09506819656,115919.1497305025,-8.457816743942159,-1.4320948614817364,0.6362672116465171,18.860000610351562,1.0604453527441953
2011-06-14,BEAR,yangbyungi,152173.21548777007,105474.99648690493,-7.613858353652914,0.921933867284519,0.6119326683582834,19.610000610351562,1.0198877805971391
2011-06-15,BEAR,yangbyungi,151104.9855664121,151104.9855664121,-8.262393251920697,-0.7019828804523232,0.6571741429126383,18.260000228881836,1.0952902381877305
2011-06-16,BEAR,yangbyungi,150375.57702830888,125402.41422710344,-8.705225719535047,-0.48271639441217484,0.5628517904206723,21.31999969482422,0.9380863173677872
2011-06-17,BEAR,yangbyungi,150118.76324745925,117859.97800552181,-8.861140374149246,-0.1707815763202558,0.5279366582345016,22.729999542236328,0.8798944303908361
2011-06-20,BEAR,yangbyungi,149723.8393945156,119031.83406353137,-9.100903271322858,-0.2630742782583684,0.5491990750799625,21.850000381469727,0.9153317917999374
2011-06-21,BEAR,yangbyungi,152038.3727387721,105160.35681813945,-7.695722966088003,1.5458682823099368,0.6003001569483642,19.989999771118164,1.0005002615806071
2011-06-22,BEAR,yangbyungi,150546.77980514092,115020.0367648344,-8.601286508288485,-0.9810634688875552,0.6362672116465171,18.860000610351562,1.0604453527441953
2011-06-23,NEUTRAL,longbyungi,155758.2275676832,52535.067854904235,-5.437355525891219,3.461679996933631,0.6479481481313648,18.520000457763672,1.0799135802189415
2011-06-24,NEUTRAL,longbyungi,154695.7809136431,154695.7809136431,-6.082379334826404,-0.6821127016089279,0.622083951812604,19.290000915527344,1.03680658635434
2011-06-27,NEUTRAL,longbyungi,154805.52407488314,66717.13933058488,-6.0157529761302175,0.07094127622091495,0.5687203688649477,21.100000381469727,0.9478672814415795
2011-06-28,NEUTRAL,longbyungi,156673.426885866,64859.210474394014,-4.881727299378047,1.2066125043957099,0.5836576027094742,20.559999465942383,0.972762671182457
2011-06-29,NEUTRAL,longbyungi,157415.1393262258,157415.1393262258,-4.4314249885785255,0.4734130446384599,0.625978088275517,19.170000076293945,1.0432968137925285
2011-06-30,NEUTRAL,longbyungi,162718.21623269242,48035.7750040017,-1.2118648795810705,3.3688480848570457,0.6948465363013606,17.270000457763672,1.1580775605022677
2011-07-01,BULL,longbyungi,168329.6913770183,44733.91347381161,0.0,3.4485844758163298,0.726392231687895,16.520000457763672,1.210653719479825
2011-07-05,BULL,longbyungi,167566.48237781256,167566.48237781256,-0.45340129418780517,-0.45340129418780517,0.7561436727494503,15.869999885559082,1.2602394545824172
2011-07-06,BULL,longbyungi,167566.48237781256,167566.48237781256,-0.45340129418780517,0.0,0.747198032319228,16.059999465942383,1.24533005386538
2011-07-07,BULL,longbyungi,169304.9568849657,44506.64334743866,0.0,1.0374834408908962,0.7343941179890056,16.34000015258789,1.2239901966483426
2011-07-08,BULL,longbyungi,164399.12901414724,164399.12901414724,-2.897628020514331,-2.897628020514331,0.7523511061755226,15.949999809265137,1.2539185102925376
2011-07-11,BULL,longbyungi,158522.30135352502,40713.262446061126,-6.368777222965161,-3.5747316277548458,0.7523511061755226,15.949999809265137,1.2539185102925376
2011-07-12,BEAR,yangbyungi,154565.5461596506,124474.21172633278,-8.705835314278366,-2.4960243196636034,0.6525285697809587,18.389999389648438,1.087547616301598
2011-07-13,BEAR,yangbyungi,153775.48023805962,153775.48023805962,-9.17248787786975,-0.5111526735556704,0.6039254903455238,19.8700008392334,1.0065424839092063
2011-07-14,BEAR,yangbyungi,149636.7856578684,104072.88753761804,-11.617008496957858,-2.6913878427068605,0.6027122095412649,19.90999984741211,1.0045203492354415
2011-07-15,BEAR,yangbyungi,150521.58899144785,150521.58899144785,-11.094399265746379,0.5913006816401944,0.57692309808449,20.799999237060547,0.9615384968074834
2011-07-18,BEAR,yangbyungi,150521.58899144785,150521.58899144785,-11.094399265746379,0.0,0.6144393025139792,19.530000686645508,1.0240655041899653
2011-07-19,BEAR,yangbyungi,153041.74377200924,98791.02091168014,-9.605869439491077,1.6742812758272052,0.5727923419090274,20.950000762939453,0.9546539031817123
2011-07-20,NEUTRAL,longbyungi,154328.29787407327,154328.29787407327,-8.845966052292454,0.8406556736445969,0.6246746783918141,19.209999084472656,1.0411244639863568
2011-07-21,NEUTRAL,longbyungi,156158.7852315789,57317.32041539447,-7.76478840032958,1.1860996218588715,0.6286013569451568,19.09000015258789,1.047668928241928
2011-07-22,BULL,longbyungi,161467.4290345579,49575.37662000794,-4.6292370847316855,3.399516585062079,0.6833713191890466,17.559999465942383,1.138952198648411
2011-07-25,BULL,longbyungi,158054.62103421486,158054.62103421486,-6.645012678745665,-2.1136200785191295,0.6849314889533816,17.520000457763672,1.1415524815889695
2011-07-26,BULL,longbyungi,157166.36155845784,60036.253332946726,-7.169663280889904,-0.5619952583130972,0.6201550265338311,19.350000381469727,1.0335917108897186
2011-07-27,BULL,longbyungi,153919.0287755316,153919.0287755316,-9.087700911136398,-2.066175453020458,0.5931784612721478,20.229999542236328,0.988630768786913
2011-07-28,NEUTRAL,longbyungi,152177.05924357247,73543.5552289976,-10.116595495210923,-1.1317441032580366,0.5221932218903867,22.979999542236328,0.8703220364839779
2011-07-29,BEAR,yangbyungi,147975.1415635706,147975.1415635706,-12.598458848365357,-2.7612031017607896,0.50547599476387,23.739999771118164,0.8424599912731167
2011-08-01,BEAR,yangbyungi,147502.5315427357,126755.13521844633,-12.877606033143895,-0.3193847397887861,0.4752475247524752,25.25,0.7920792079207921
2011-08-02,BEAR,yangbyungi,144312.45349524647,90808.9301136114,-14.761826144700773,-2.162727659060526,0.5071851258406724,23.65999984741211,0.8453085430677874
2011-08-03,BEAR,yangbyungi,142324.04527973259,80849.52383129596,-15.93627977683212,-1.3778493590502094,0.4840661378307468,24.790000915527344,0.8067768963845781
2011-08-04,BEAR,yangbyungi,143604.28520383753,112485.70901131025,-15.180105859860028,0.8995246878970242,0.5132592143175481,23.3799991607666,0.8554320238625802
2011-08-05,BEAR,yangbyungi,139442.47825298933,95504.13658500771,-17.638277804392022,-2.8981077722999515,0.3790271654401439,31.65999984741211,0.6317119424002399
2011-08-08,BEAR,yangbyungi,139706.28291814995,139706.28291814995,-17.482461536508097,0.18918529594835753,0.375,32.0,0.625
2011-08-09,BEAR,yangbyungi,140866.33420250285,118750.34048042746,-16.797277058925975,0.830350117490819,0.3,48.0,0.5
2011-08-10,BEAR,yangbyungi,138273.8219847564,107286.80954795542,-18.328544817086147,-1.8404058233101983,0.3422703802043115,35.060001373291016,0.5704506336738525
2011-08-11,BEAR,yangbyungi,140596.16298088746,118006.2042307384,-16.95685373440333,1.6795232552312633,0.3,42.9900016784668,0.5
2011-08-12,BEAR,yangbyungi,139929.46237952588,111518.08273087097,-17.350640551770148,-0.4741954454704489,0.30769230769230765,39.0,0.5128205128205128
2011-08-15,BEAR,yangbyungi,140495.7635549328,116850.82994735017,-17.01615467148272,0.4047047460748354,0.3300329977602818,36.36000061035156,0.5500549962671363
2011-08-16,BEAR,yangbyungi,137973.83991822923,103731.15813108449,-18.505729272902748,-1.7950175670012447,0.37652964179490894,31.8700008392334,0.627549402991515
2011-08-17,BEAR,yangbyungi,137217.71302972437,118852.1719539873,-18.952335741146086,-0.5480219213678361,0.3652968206209654,32.849998474121094,0.6088280343682757
2011-08-18,BEAR,yangbyungi,135674.59863114578,135674.59863114578,-19.863776508723298,-1.1245737627505248,0.3799873346735508,31.579999923706055,0.633312224455918
2011-08-19,BEAR,yangbyungi,134631.45041661905,120147.34199214974,-20.479912169320347,-0.7688603652056591,0.3,42.66999816894531,0.5
2011-08-22,BEAR,yangbyungi,135835.2591325134,135835.2591325134,-19.768882357764227,0.8941511899107857,0.3,43.04999923706055,0.5
2011-08-23,BEAR,yangbyungi,137795.5307136027,115459.97026263639,-18.611047633278744,1.4431242621453455,0.3,42.439998626708984,0.5
2011-08-24,BEAR,yangbyungi,136322.55782147413,106637.788735157,-19.481059308795956,-1.0689554911545218,0.3308519395794872,36.27000045776367,0.5514198992991454
2011-08-25,BEAR,yangbyungi,134499.11179810393,100432.3899690521,-20.55807799561983,-1.3375966916334914,0.33426182423278367,35.900001525878906,0.5571030403879728
2011-08-26,BEAR,yangbyungi,136009.98062093987,114469.94123148109,-19.66568308253852,1.123329963028974,0.3018108779320809,39.7599983215332,0.5030181298868015
2011-08-29,BEAR,yangbyungi,138040.3926338393,113960.31877405055,-18.466419900729257,1.4928404545238472,0.33717336185870833,35.59000015258789,0.5619556030978472
2011-08-30,BEAR,yangbyungi,137660.98834750167,111903.95912415092,-18.690515103444106,-0.27485019355459883,0.37174722595393433,32.279998779296875,0.619578709923224
2011-08-31,BEAR,yangbyungi,136409.3250076279,103816.49991972439,-19.429810256346336,-0.9092360551081979,0.3648525455362822,32.88999938964844,0.6080875758938037
2011-09-01,BEAR,yangbyungi,134663.51481582626,116539.18722125584,-20.460973326774234,-1.2798319995381613,0.37950663129365464,31.6200008392334,0.632511052156091
2011-09-02,BEAR,yangbyungi,133827.21945435193,133827.21945435193,-20.954931316464133,-0.6210259420438402,0.3771213109707193,31.81999969482422,0.6285355182845322
2011-09-06,BEAR,yangbyungi,133827.21945435193,133827.21945435193,-20.954931316464133,0.0,0.3537736040029132,33.91999816894531,0.5896226733381886
2011-09-07,BEAR,yangbyungi,134906.84960240283,112125.50819148406,-20.317247595966535,0.8067343492996537,0.32432432432432434,37.0,0.5405405405405406
2011-09-08,BEAR,yangbyungi,134181.42956452718,116178.20620813529,-20.745717057949587,-0.5377192040386447,0.35949669311012894,33.380001068115234,0.5991611551835483
2011-09-09,BEAR,yangbyungi,133222.1501587557,115951.32943132857,-21.31231559317337,-0.7149121967806704,0.34965035275946443,34.31999969482422,0.5827505879324407
2011-09-12,BEAR,yangbyungi,134885.68289170938,112076.75896925325,-20.32974971704019,1.2486908002695474,0.3115264760486629,38.52000045776367,0.5192107934144382
2011-09-13,BEAR,yangbyungi,135814.2903122645,114242.25957923596,-19.781267594814988,0.6884403152709995,0.31096138773130494,38.59000015258789,0.5182689795521749
2011-09-14,BEAR,yangbyungi,137061.85622545693,114002.0039335106,-19.044392587640758,0.9185822127583343,0.325115146291212,36.90999984741211,0.54185857715202
2011-09-15,BEAR,yangbyungi,137704.15755859943,119829.70024206312,-18.665017201969725,0.46862150479412,0.3468208245435428,34.599998474121094,0.5780347075725714
2011-09-16,BEAR,yangbyungi,137373.49775807868,118212.2475484901,-18.860321466301112,-0.2401233240761358,0.37535190046086003,31.969999313354492,0.6255865007681001
2011-09-19,BEAR,yangbyungi,136379.23889794206,112659.8526235571,-19.447580621868642,-0.7237632267961591,0.387346680997845,30.979999542236328,0.6455778016630751
2011-09-20,BEAR,yangbyungi,136741.41520855154,136741.41520855154,-19.233661125787048,0.2655655754762565,0.3666361187849892,32.72999954223633,0.611060197974982
2011-09-21,BEAR,yangbyungi,134202.45075375782,93577.0045421015,-20.73330088915134,-1.8567633302035147,0.3651856292485813,32.86000061035156,0.6086427154143021
2011-09-22,BEAR,yangbyungi,134097.34186236706,134097.34186236706,-20.79538347274762,-0.07832114152939162,0.3215434109894765,37.31999969482422,0.5359056849824608
2011-09-23,BEAR,yangbyungi,135617.2246423282,109959.82032714099,-19.897664464441323,1.133417530021652,0.3,41.349998474121094,0.5
2011-09-26,BEAR,yangbyungi,136013.7258425923,124104.00488821609,-19.66347096676746,0.2923678768016691,0.3,41.25,0.5
2011-09-27,BEAR,yangbyungi,134940.20886356352,119574.88273936052,-20.297543942999454,-0.7892710624449517,0.3075345940343884,39.02000045776367,0.5125576567239807
2011-09-28,BEAR,yangbyungi,135585.52957019792,117986.74118543955,-19.91638516389007,0.478227143761778,0.31821798704156107,37.709999084472656,0.5303633117359351
2011-09-29,BEAR,yangbyungi,135172.64341515538,118616.92681865384,-20.16025643773769,-0.30452081158761635,0.3,41.08000183105469,0.5
2011-09-30,BEAR,yangbyungi,134298.92857052406,102870.91704368466,-20.67631625116948,-0.6463695778648693,0.3089598340076331,38.84000015258789,0.5149330566793885
2011-10-03,BEAR,yangbyungi,132595.20984760683,102570.88894381549,-21.682617988734563,-1.2686018727413484,0.3,42.959999084472656,0.5
2011-10-04,BEAR,yangbyungi,135602.47778260373,112809.05587383566,-19.906374699508135,2.268006467543726,0.3,45.45000076293945,0.5
2011-10-05,BEAR,yangbyungi,137154.99569609735,115296.07535838963,-18.989379744334745,1.144903794444363,0.3,40.81999969482422,0.5
2011-10-06,BEAR,yangbyungi,137538.56836329694,115257.8142705695,-18.762822486793716,0.27966365005727134,0.3173763439341422,37.810001373291016,0.5289605732235704
2011-10-07,BEAR,yangbyungi,137511.8311752003,120815.59402627814,-18.778614811241034,-0.019439774904472795,0.3308519395794872,36.27000045776367,0.5514198992991454
2011-10-10,BEAR,yangbyungi,138650.09912942833,115307.12726533253,-18.106296661098842,0.8277600149021458,0.3314917057207707,36.20000076293945,0.5524861762012845
2011-10-11,BEAR,yangbyungi,138094.7595353147,119369.41816152657,-18.43430808163331,-0.4005331388874378,0.36341610640948846,33.02000045776367,0.6056935106824808
2011-10-12,BEAR,yangbyungi,138110.11697468685,119609.75990738053,-18.42523720759942,0.011120942911846399,0.3651856292485813,32.86000061035156,0.6086427154143021
2011-10-13,BEAR,yangbyungi,139478.05259615646,111337.69347695702,-17.617265812881755,0.9904673541912379,0.3838771564983202,31.260000228881836,0.6397952608305337
2011-10-14,BEAR,yangbyungi,140552.31355153755,140552.31355153755,-16.98275340689768,0.7702007128616017,0.39087946911344074,30.700000762939453,0.6514657818557346
2011-10-17,NEUTRAL,longbyungi,140552.31355153755,140552.31355153755,-16.98275340689768,0.0,0.4249291819142553,28.239999771118164,0.7082153031904256
2011-10-18,BEAR,yangbyungi,141950.64524277073,110244.5364904573,-16.156828568687963,0.9948834394109429,0.3593890452037636,33.38999938964844,0.5989817420062726
2011-10-19,BEAR,yangbyungi,141837.1134296524,125664.62927835104,-16.223886152356613,-0.07997977953826396,0.38022814331634147,31.559999465942383,0.6337135721939025
2011-10-20,BEAR,yangbyungi,141579.59993853356,127117.87863270003,-16.37598653728145,-0.18155578951948304,0.34843206964281737,34.439998626708984,0.5807201160713623
2011-10-21,BEAR,yangbyungi,141036.24023324257,111745.32272749391,-16.696922034557037,-0.38378389649842415,0.34502588905043646,34.779998779296875,0.5750431484173941
2011-10-24,BEAR,yangbyungi,143709.3053520914,109105.46225195575,-15.118075692411814,1.8953037279129115,0.3831417661853636,31.31999969482422,0.6385696103089393
2011-10-25,NEUTRAL,longbyungi,140115.78909151017,84310.91819275462,-17.240586649384472,-2.5005452860390798,0.4101161963818131,29.260000228881836,0.6835269939696885
2011-10-26,BEAR,yangbyungi,139729.5071742709,101538.45455996267,-17.46874412589695,-0.2756876435866862,0.3724394644743011,32.220001220703125,0.6207324407905018
2011-10-27,NEUTRAL,longbyungi,141734.30436130855,83839.6869849833,-16.28461034510056,1.434770098013205,0.4018754104057172,29.860000610351562,0.6697923506761954
2011-10-28,NEUTRAL,longbyungi,141302.07508756238,74445.99791808423,-16.539906635119905,-0.3049574171150038,0.471327589611677,25.459999084472656,0.7855459826861283
2011-10-31,NEUTRAL,longbyungi,139218.1956919683,139218.1956919683,-17.770750335112663,-1.4747691386009176,0.4891968880593214,24.530000686645508,0.8153281467655357
2011-11-01,NEUTRAL,longbyungi,139218.1956919683,139218.1956919683,-17.770750335112663,0.0,0.40053405763350736,29.959999084472656,0.6675567627225123
2011-11-02,BEAR,yangbyungi,139218.1956919683,139218.1956919683,-17.770750335112663,0.0,0.3451251033078592,34.77000045776367,0.5752085055130988
2011-11-03,BEAR,yangbyungi,140577.56312635203,108602.10046918051,-16.96783974147461,0.9764294298077569,0.3665241107147663,32.7400016784668,0.6108735178579439
2011-11-04,BEAR,yangbyungi,141228.10058682173,106807.30006935207,-16.583599685873818,0.4627605188211925,0.3934426229508196,30.5,0.6557377049180327
2011-11-07,NEUTRAL,longbyungi,140388.05394123666,84720.87423385773,-17.07977337212675,-0.5948155091618168,0.3978779860978568,30.15999984741211,0.6631299768297614
2011-11-08,NEUTRAL,longbyungi,141555.29126762194,141555.29126762194,-16.39034445766303,0.8314363605851138,0.40201004511374666,29.850000381469727,0.6700167418562445
2011-11-09,NEUTRAL,longbyungi,141555.29126762194,141555.29126762194,-16.39034445766303,0.0,0.4366812299816886,27.479999542236328,0.7278020499694811
2011-11-10,BEAR,yangbyungi,141555.29126762194,141555.29126762194,-16.39034445766303,0.0,0.3318584084800214,36.15999984741211,0.5530973474667024
2011-11-11,BEAR,yangbyungi,143280.881921533,110491.65047312455,-15.37112406054051,1.2190223611272089,0.36574213647453857,32.810001373291016,0.6095702274575643
2011-11-14,NEUTRAL,longbyungi,140751.87477057613,85741.77926261826,-16.864882540792927,-1.765069503370209,0.3994673646563483,30.040000915527344,0.6657789410939139
2011-11-15,NEUTRAL,longbyungi,142027.98984310136,86247.90072301007,-16.11114496806948,0.9066416163942881,0.3854802545296468,31.1299991607666,0.6424670908827447
2011-11-16,NEUTRAL,longbyungi,140220.74165608684,86565.87530267579,-17.17859640024606,-1.2724591744282088,0.38436900268818863,31.219999313354492,0.6406150044803144
2011-11-17,BEAR,yangbyungi,140425.98005614904,119709.88196297843,-17.0573723062571,0.14636807482133474,0.35810207702364805,33.5099983215332,0.5968367950394134
2011-11-18,BEAR,yangbyungi,139790.70649747117,125338.22249035237,-17.43259673581088,-0.45239033291692987,0.3477253139277135,34.5099983215332,0.5795421898795226
2011-11-21,BEAR,yangbyungi,140410.22952041298,140410.22952041298,-17.06667536272152,0.443178976960823,0.375,32.0,0.625
2011-11-22,BEAR,yangbyungi,139372.44354537566,120947.65751218348,-17.67964381570216,-0.7391099484574504,0.3646308129941734,32.90999984741211,0.6077180216569557
2011-11-23,BEAR,yangbyungi,138769.35035254195,138769.35035254195,-18.03586090699706,-0.4327205418030555,0.37535190046086003,31.969999313354492,0.6255865007681001
2011-11-25,BEAR,yangbyungi,137616.3247596221,120100.03039512159,-18.716895658804866,-0.8308935582609589,0.35314891588165814,33.97999954223633,0.5885815264694303
2011-11-28,BEAR,yangbyungi,139624.41167498333,139624.41167498333,-17.530818799445324,1.4591923733385581,0.3481287953303769,34.470001220703125,0.5802146588839615
2011-11-29,BEAR,yangbyungi,138404.77769663467,119760.30296490717,-18.251195804814014,-0.8735105585889302,0.373482714008012,32.130001068115234,0.6224711900133533
2011-11-30,BEAR,yangbyungi,141711.7087227885,112508.41844192665,-16.297956462624697,2.389318548960917,0.39164491641779003,30.639999389648438,0.6527415273629834
2011-12-01,NEUTRAL,longbyungi,141700.10150490789,80562.00462826432,-16.304812267731737,-0.00819072607706195,0.43165468810526586,27.799999237060547,0.7194244801754431
2011-12-02,NEUTRAL,longbyungi,140305.88848262027,80677.96405520622,-17.128304413466676,-0.9839181535373331,0.43779642709968747,27.40999984741211,0.7296607118328124
2011-12-05,NEUTRAL,longbyungi,143131.68886835923,143131.68886835923,-15.459244961380492,2.01402836067639,0.43604650437477294,27.520000457763672,0.7267441739579549
2011-12-06,NEUTRAL,longbyungi,143131.68886835923,143131.68886835923,-15.459244961380492,0.0,0.4310344803961695,27.84000015258789,0.7183908006602825
2011-12-07,NEUTRAL,longbyungi,145130.81129147758,82073.0213367992,-14.278462980805251,1.3967014844329828,0.4265908410241479,28.1299991607666,0.7109847350402465
2011-12-08,NEUTRAL,longbyungi,138902.48559626302,83298.67968847242,-17.957224553891614,-4.291525445072941,0.4185559807487518,28.670000076293945,0.6975933012479196
2011-12-09,BEAR,yangbyungi,139042.17099884513,105275.63062530654,-17.874719348401968,0.10056364505104387,0.39228505852049855,30.59000015258789,0.6538084308674976
2011-12-12,NEUTRAL,longbyungi,136939.0705183316,136939.0705183316,-19.116915985292216,-1.5125630342257779,0.4548900827050398,26.3799991607666,0.758150137841733
2011-12-13,BEAR,yangbyungi,133806.47499111478,81557.90469197584,-20.967184037009844,-2.2875834598260036,0.46747175552531106,25.670000076293945,0.7791195925421851
2011-12-14,BEAR,yangbyungi,131581.59772754463,104807.67431458867,-22.281308150388192,-1.6627575487044854,0.47225502054547014,25.40999984741211,0.787091700909117
2011-12-15,BEAR,yangbyungi,133036.76238847664,133036.76238847664,-21.42181490948992,1.1059028664062165,0.46082947688548437,26.040000915527344,0.768049128142474
2011-12-16,BEAR,yangbyungi,132092.34341189225,104184.67275307456,-21.97963612982553,-0.7098932352447185,0.47789724047449905,25.110000610351562,0.7964954007908318
2011-12-19,BEAR,yangbyungi,133154.51883528128,106203.14346541473,-21.352262045255323,0.8041158147046756,0.4940304465912564,24.290000915527344,0.823384077652094
2011-12-20,BEAR,yangbyungi,133297.19611385156,99962.92176014133,-21.267989687732314,0.10715166095622841,0.48154092950486926,24.920000076293945,0.8025682158414488
2011-12-21,NEUTRAL,longbyungi,133228.74068412138,133228.74068412138,-21.308422898306702,-0.05135549113254312,0.5167958809153992,23.219999313354492,0.861326468192332
2011-12-22,NEUTRAL,longbyungi,138078.9008570525,58625.62050482175,-18.44367501249816,3.640475882325278,0.5599626611811926,21.43000030517578,0.9332711019686544
2011-12-23,NEUTRAL,longbyungi,138250.523158873,138250.523158873,-18.34230627233948,0.12429292292683858,0.5671077545620876,21.15999984741211,0.9451795909368128
2011-12-27,NEUTRAL,longbyungi,137920.74599409936,58221.274989989324,-18.537089207724943,-0.23853592539007096,0.578871213940483,20.729999542236328,0.9647853565674717
2011-12-28,NEUTRAL,longbyungi,137022.839309817,137022.839309817,-19.067437935135466,-0.6510309075044907,0.5476951201995273,21.90999984741211,0.9128252003325455
2011-12-29,NEUTRAL,longbyungi,137022.839309817,137022.839309817,-19.067437935135466,0.0,0.5102040717026832,23.520000457763672,0.8503401195044721
2011-12-30,NEUTRAL,longbyungi,137022.839309817,137022.839309817,-19.067437935135466,0.0,0.5298013334261885,22.649999618530273,0.8830022223769809
2012-01-03,NEUTRAL,longbyungi,134196.3148883492,66754.71544131418,-20.736925039041274,-2.0628126199288888,0.5128205211805771,23.399999618530273,0.8547008686342952
2012-01-04,NEUTRAL,longbyungi,133788.48057108678,133788.48057108678,-20.97781244409199,-0.30390873072911884,0.5224205641583689,22.969999313354492,0.8707009402639482
2012-01-05,NEUTRAL,longbyungi,136005.4067704144,61535.47352944662,-19.66838462808663,1.6570381768777898,0.540054022089364,22.219999313354492,0.9000900368156067
2012-01-06,NEUTRAL,longbyungi,135915.53892872226,135915.53892872226,-19.721465083228416,-0.06607666843998494,0.55865922978277,21.479999542236328,0.9310987163046167
2012-01-09,NEUTRAL,longbyungi,137628.39198178856,56856.56978215926,-18.709768152092433,1.2602334262637571,0.5816771928338792,20.6299991607666,0.9694619880564653
2012-01-10,NEUTRAL,longbyungi,140558.7605972145,140558.7605972145,-16.978945458332216,2.1291890235945576,0.5695301458854678,21.06999969482422,0.9492169098091131
2012-01-11,BULL,longbyungi,141835.9104774647,59036.04026716403,-16.224596676259672,0.9086234645380831,0.5799903185235259,20.690000534057617,0.9666505308725433
2012-01-12,BULL,longbyungi,143218.08474226238,61588.064131337465,-15.408215224571398,0.9744882379538744,0.570071279569115,21.049999237060547,0.9501187992818583
2012-01-13,BULL,longbyungi,140921.06366416893,140921.06366416893,-16.764951093595105,-1.603862446720472,0.5862237617258383,20.469999313354492,0.9770396028763974
2012-01-17,BULL,longbyungi,140921.06366416893,140921.06366416893,-16.764951093595105,0.0,0.5738880960099653,20.90999984741211,0.9564801600166088
2012-01-18,NEUTRAL,longbyungi,147825.7512424683,64747.51835542009,-12.686696265539021,4.899684545920002,0.540540521963978,22.200000762939453,0.9009008699399632
2012-01-19,BULL,longbyungi,151491.28332493996,63908.51137125374,-10.521649151790191,2.479630275282241,0.574437546702195,20.889999389648438,0.9573959111703251
2012-01-20,BULL,longbyungi,151313.69789349177,59832.41067259727,-10.626540015422059,-0.11722485119309844,0.6039254903455238,19.8700008392334,1.0065424839092063
2012-01-23,BULL,longbyungi,151793.69641543462,151793.69641543462,-10.343028811276401,0.3172207993229481,0.6564551175737441,18.280000686645508,1.0940918626229068
2012-01-24,BULL,longbyungi,152541.35696944286,54229.45701845258,-9.90142298486445,0.49255046267666636,0.6427423648078548,18.670000076293945,1.071237274679758
2012-01-25,BULL,longbyungi,153422.7700520961,153422.7700520961,-9.380816205907516,0.5778190912709702,0.6345848808476979,18.90999984741211,1.0576414680794965
2012-01-26,BULL,longbyungi,147550.29303124693,52872.617440150265,-12.849395702277045,-3.8276437186312906,0.655379593119086,18.309999465942383,1.0922993218651433
2012-01-27,NEUTRAL,longbyungi,147289.00930565334,51757.855022618096,-13.003722976800447,-0.1770811295767838,0.6462035647391319,18.56999969482422,1.0770059412318864
2012-01-30,NEUTRAL,longbyungi,145017.57534810406,145017.57534810406,-14.345345808961586,-1.5421612028332699,0.6475984649395262,18.530000686645508,1.0793307748992105
2012-01-31,NEUTRAL,longbyungi,145017.57534810406,145017.57534810406,-14.345345808961586,0.0,0.6185567131938484,19.399999618530273,1.0309278553230807
2012-02-01,NEUTRAL,longbyungi,146366.1373363381,55500.55598750722,-13.548817453828821,0.9299300343402761,0.6172839336591982,19.440000534057617,1.0288065560986637
2012-02-02,NEUTRAL,longbyungi,146563.80740912107,52143.15882606701,-13.432063593563958,0.13505177931198986,0.6469002961480194,18.549999237060547,1.078167160246699
2012-02-03,BULL,longbyungi,148922.08232063707,49792.68734449333,-12.039148137982625,1.6090431554722562,0.6674082483601362,17.979999542236328,1.1123470806002271
2012-02-06,BULL,longbyungi,147898.6798973499,147898.6798973499,-12.643620943809875,-0.6872066300306789,0.7017543703100556,17.100000381469727,1.169590617183426
2012-02-07,BULL,longbyungi,147994.471805623,47967.14071403435,-12.587041437789747,0.06476860262687456,0.6756756669679117,17.760000228881836,1.1261261116131862
2012-02-08,BULL,longbyungi,150082.25652569125,47548.46211172824,-11.353891057268529,1.4107180454756119,0.6798867002468097,17.649999618530273,1.1331445004113496
2012-02-09,BULL,longbyungi,151678.99743461865,151678.99743461865,-10.410775782733294,1.0639105154006456,0.6607929570941081,18.15999984741211,1.101321595156847
2012-02-10,BULL,longbyungi,151678.99743461865,151678.99743461865,-10.410775782733294,0.0,0.6441224122688697,18.6299991607666,1.0735373537814494
2012-02-13,BULL,longbyungi,151678.99743461865,151678.99743461865,-10.410775782733294,0.0,0.5772005517824488,20.790000915527344,0.9620009196374147
2012-02-14,BULL,longbyungi,152517.10548577126,56082.99524477255,-9.915747127593534,0.5525537914462308,0.6302520705350313,19.040000915527344,1.0504201175583856
2012-02-15,BULL,longbyungi,152288.1939235605,59608.471739774686,-10.050953778611015,-0.15008910737039916,0.6141248432831071,19.540000915527344,1.0235414054718452
2012-02-16,BULL,longbyungi,157128.2882276384,65542.82014353047,-7.192151299858718,3.1782465727496545,0.5676442926425062,21.139999389648438,0.9460738210708437
2012-02-17,BULL,longbyungi,159292.01595796057,159292.01595796057,-5.914145168123131,1.377045314200509,0.624349658101295,19.219999313354492,1.0405827635021583
2012-02-21,BULL,longbyungi,159292.01595796057,159292.01595796057,-5.914145168123131,0.0,0.6749156094810027,17.780000686645508,1.1248593491350045
2012-02-22,BULL,longbyungi,157395.3232545997,54206.576959948026,-7.034427018257949,-1.1907016757584543,0.6597031142210296,18.190000534057617,1.0995051903683826
2012-02-23,BULL,longbyungi,157486.47689599404,157486.47689599404,-6.980587105315372,0.05791381821866892,0.6597031142210296,18.190000534057617,1.0995051903683826
2012-02-24,BULL,longbyungi,154291.51707719878,44996.13114746717,-8.867690635878912,-2.0287201045873005,0.7142857467236177,16.799999237060547,1.1904762445393628
2012-02-27,BULL,longbyungi,152591.7039826929,46644.64697341899,-9.87168551339499,-1.1016892741130935,0.6932409226014208,17.309999465942383,1.1554015376690348
2012-02-28,BULL,longbyungi,155972.16985755385,52137.12839570589,-7.8750128009960285,2.2153667510288466,0.6597031142210296,18.190000534057617,1.0995051903683826
2012-02-29,BULL,longbyungi,156251.39015825524,156251.39015825524,-7.7100912855018855,0.17901930899364427,0.6681514817210997,17.959999084472656,1.1135858028684995
2012-03-01,BULL,longbyungi,156251.39015825524,156251.39015825524,-7.7100912855018855,0.0,0.651112306093125,18.43000030517578,1.085187176821875
2012-03-02,BULL,longbyungi,152076.19558489352,47617.748383354,-10.176170631423552,-2.6721007532368057,0.6952491217190094,17.260000228881836,1.1587485361983492
2012-03-05,BULL,longbyungi,150922.1001703868,150922.1001703868,-10.857837273523618,-0.7588928760796421,0.6940427625555161,17.290000915527344,1.1567379375925269
2012-03-06,NEUTRAL,longbyungi,150866.91025208653,50586.07365543088,-10.890435207639504,-0.03656848018810388,0.6648199726990242,18.049999237060547,1.108033287831707
2012-03-07,NEUTRAL,longbyungi,153757.13191080184,64822.85873035203,-9.183325320314072,1.9157425931809469,0.5749879979612299,20.8700008392334,0.9583133299353832
2012-03-08,NEUTRAL,longbyungi,155988.34348296525,58003.853889479826,-7.865459846546862,1.451127205896241,0.6292606288429524,19.06999969482422,1.0487677147382541
2012-03-09,BULL,longbyungi,157596.24747552752,51645.09118599116,-6.915751094868227,1.0307847090752942,0.6685236484655673,17.950000762939453,1.1142060807759455
2012-03-12,BULL,longbyungi,157613.0257185038,157613.0257185038,-6.90584102295716,0.01064634675320697,0.7013442181141706,17.110000610351562,1.1689070301902844
2012-03-13,BULL,longbyungi,161179.75482024383,36682.31810317247,-4.799151905660115,2.2629659480747355,0.7672634102673282,15.640000343322754,1.278772350445547
2012-03-14,BULL,longbyungi,157823.57742383835,30714.059241276118,-6.781478624354975,-2.082257415113009,0.8108108003614941,14.800000190734863,1.3513513339358236
2012-03-15,BULL,longbyungi,162709.87550580915,34576.73852780741,-3.895385876762947,3.096050768668457,0.7838014154868607,15.3100004196167,1.306335692478101
2012-03-16,BULL,longbyungi,162720.10469299118,162720.10469299118,-3.8893440057095385,0.0062867648016107225,0.7782101128811466,15.420000076293945,1.297016854801911
2012-03-19,BULL,longbyungi,164452.56274255263,27775.998246416886,-2.8660673802421766,1.0646859236171924,0.8293019888426039,14.470000267028809,1.3821699814043398
2012-03-20,BULL,longbyungi,161211.5565802172,161211.5565802172,-4.78036819101969,-1.970784831981709,0.7978723424492297,15.039999961853027,1.3297872374153827
2012-03-21,BULL,longbyungi,161211.5565802172,161211.5565802172,-4.78036819101969,0.0,0.770218232269768,15.579999923706055,1.2836970537829469
2012-03-22,BULL,longbyungi,161211.5565802172,161211.5565802172,-4.78036819101969,0.0,0.7931262332606679,15.130000114440918,1.3218770554344466
2012-03-23,BULL,longbyungi,161211.5565802172,161211.5565802172,-4.78036819101969,0.0,0.7707129245473936,15.569999694824219,1.2845215409123227
2012-03-26,BULL,longbyungi,161257.42780868444,30675.880547900524,-4.753274342551683,0.028454057165805402,0.8097166158640959,14.819999694824219,1.3495276931068265
2012-03-27,BULL,longbyungi,158736.767701226,25397.2620241908,-6.24210264021996,-1.5631280628195077,0.8415147130008812,14.260000228881836,1.4025245216681355
2012-03-28,BULL,longbyungi,158475.48702370404,158475.48702370404,-6.396428114399367,-0.16459997346911504,0.7697241746343432,15.59000015258789,1.282873624390572
2012-03-29,BULL,longbyungi,159227.21241469696,35546.86314141804,-5.95242139136899,0.4743480554064927,0.7756948799526258,15.470000267028809,1.292824799921043
2012-03-30,BULL,longbyungi,163069.07837729994,163069.07837729994,-3.6832226429747927,2.4128199598176137,0.7751938213730988,15.479999542236328,1.291989702288498
2012-04-02,BULL,longbyungi,161894.03142650635,36822.04995616453,-4.377264313350682,-0.7205823216065776,0.7741935483870968,15.5,1.2903225806451613
2012-04-03,BULL,longbyungi,161276.29293494346,161276.29293494346,-4.742131652694215,-0.38156965153055555,0.7672634102673282,15.640000343322754,1.278772350445547
2012-04-04,BULL,longbyungi,161276.29293494346,161276.29293494346,-4.742131652694215,0.0,0.7662835323707272,15.65999984741211,1.2771392206178787
2012-04-05,BULL,longbyungi,160985.59813288605,43556.37490878151,-4.913830584258827,-0.18024645579786114,0.7299269835874047,16.440000534057617,1.2165449726456745
2012-04-09,BULL,longbyungi,155533.73416099948,155533.73416099948,-8.133974915644727,-3.3865538502309445,0.7185628414239555,16.700000762939453,1.1976047357065926
2012-04-10,BEAR,yangbyungi,151200.2273462909,102347.33864101933,-10.693561412366726,-2.786216661025309,0.6379585508084329,18.809999465942383,1.0632642513473882
2012-04-11,BEAR,yangbyungi,152596.4742063543,105500.65217702114,-9.868867980022578,0.9234423020182403,0.5885238037864847,20.389999389648438,0.9808730063108079
2012-04-12,BEAR,yangbyungi,154890.21710670018,88736.04977452254,-8.514068367212445,1.5031427903400285,0.5994005856951142,20.020000457763672,0.9990009761585237
2012-04-13,BULL,longbyungi,154015.4626651592,154015.4626651592,-9.03074221872604,-0.5647577089638811,0.6976743876579468,17.200000762939453,1.162790646096578
2012-04-16,BEAR,yangbyungi,154015.4626651592,154015.4626651592,-9.03074221872604,0.0,0.6138107656419668,19.549999237060547,1.0230179427366113
2012-04-17,NEUTRAL,longbyungi,154897.40981707524,59479.113605956096,-8.509819991673172,0.5726354592288319,0.6138107656419668,19.549999237060547,1.0230179427366113
2012-04-18,BULL,longbyungi,150934.21025069617,53089.276118569935,-10.85068445264219,-2.558596409752356,0.6500542034204982,18.459999084472656,1.083423672367497
2012-04-19,NEUTRAL,longbyungi,146189.51443316683,53318.085131674336,-13.653139799979197,-3.143552286554896,0.6437768451142812,18.639999389648438,1.0729614085238022
2012-04-20,BEAR,yangbyungi,146519.16256802386,107967.28408540154,-13.458433076134712,0.22549369298832111,0.6535947495140209,18.360000610351562,1.0893245825233682
2012-04-23,BEAR,yangbyungi,147842.12447348936,147842.12447348936,-12.67702541400444,0.9029275640660916,0.688073373424838,17.440000534057617,1.1467889557080633
2012-04-24,BEAR,yangbyungi,147842.12447348936,147842.12447348936,-12.67702541400444,0.0,0.6325777772460036,18.969999313354492,1.0542962954100061
2012-04-25,BEAR,yangbyungi,147903.7012674131,79230.31124675009,-12.640655070774864,0.04165037139653993,0.6629834114415414,18.100000381469727,1.104972352402569
2012-04-26,BEAR,yangbyungi,151540.0605141378,74278.9899415061,-10.492838897149525,2.458599220684876,0.7134363981999708,16.81999969482422,1.1890606636666181
2012-04-27,BULL,longbyungi,151348.81474414986,151348.81474414986,-10.605798241935794,-0.12620146074845406,0.7389162665717064,16.239999771118164,1.231527110952844
2012-04-30,BULL,longbyungi,151348.81474414986,151348.81474414986,-10.605798241935794,0.0,0.7352941313966889,16.31999969482422,1.2254902189944814
2012-05-01,BULL,longbyungi,150958.6935801027,45448.767086572,-10.83622337019251,-0.2577629462818365,0.6997084703742039,17.149999618530273,1.1661807839570066
2012-05-02,BULL,longbyungi,150741.91489282032,41218.70790652897,-10.964263736683177,-0.14360132705265594,0.7228915496529372,16.600000381469727,1.2048192494215622
2012-05-03,BULL,longbyungi,151118.93555226293,151118.93555226293,-10.74157642357706,0.2501100372187093,0.7109005092779295,16.8799991607666,1.1848341821298825
2012-05-04,BEAR,yangbyungi,146423.00307823977,95717.24784918068,-13.5152296942334,-3.1074414710915765,0.6833713191890466,17.559999465942383,1.138952198648411
2012-05-07,BEAR,yangbyungi,145235.3315566475,104477.88166683196,-14.216728069380935,-0.8111235916652082,0.6263048066579607,19.15999984741211,1.0438413444299346
2012-05-08,BEAR,yangbyungi,144428.08905180235,144428.08905180235,-14.693525984632538,-0.5558168912433548,0.6335797075835232,18.940000534057617,1.055966179305872
2012-05-09,BEAR,yangbyungi,145679.48489419103,89841.09257833517,-13.954388829162879,0.8664490755256438,0.6299212850704357,19.049999237060547,1.0498688084507262
2012-05-10,BEAR,yangbyungi,146754.26501936058,146754.26501936058,-13.319569775459794,0.7377704046318989,0.5976095640236051,20.079999923706055,0.9960159400393419
2012-05-11,BEAR,yangbyungi,147368.96796180482,90640.04768422668,-12.956495383691157,0.41886547035832056,0.63728093726079,18.829999923706055,1.0621348954346501
2012-05-14,NEUTRAL,longbyungi,144300.28450798476,57763.0916848559,-14.769013758983075,-2.08231318727522,0.6033182688907113,19.889999389648438,1.0055304481511855
2012-05-15,NEUTRAL,longbyungi,140491.69224550336,64937.20937431947,-17.018559391051692,-2.6393518733988763,0.5486968239375994,21.8700008392334,0.9144947065626657
2012-05-16,BEAR,yangbyungi,141114.22163279972,141114.22163279972,-16.65086230837305,0.44310761536596743,0.5461993798382044,21.969999313354492,0.9103322997303407
2012-05-17,BEAR,yangbyungi,141291.68420072124,110698.94323520524,-16.546044014102957,0.12575810281072464,0.538841479718812,22.270000457763672,0.8980691328646868
2012-05-18,BEAR,yangbyungi,141181.25651862734,113300.2391019795,-16.611268142283052,-0.0781558254603465,0.4899959212801619,24.489999771118164,0.8166598688002699
2012-05-21,BEAR,yangbyungi,142495.73118246676,107043.49650121425,-15.834873470783538,0.9310546571498879,0.47808764213641586,25.100000381469727,0.7968127368940264
2012-05-22,BEAR,yangbyungi,142532.01356766224,142532.01356766224,-15.813443274135409,0.02546208570208819,0.5452067185466645,22.010000228881836,0.9086778642444409
2012-05-23,BEAR,yangbyungi,143777.68770148963,104489.66041728944,-15.077685646747241,0.8739609457885322,0.5338078400515052,22.479999542236328,0.8896797334191754
2012-05-24,BEAR,yangbyungi,143557.1636971712,120553.37739280584,-15.207938185347313,-0.1533784607638755,0.5373936426780063,22.329999923706055,0.8956560711300106
2012-05-25,NEUTRAL,longbyungi,145198.04497422714,63557.57974918153,-14.238751395281357,1.143015949045445,0.5571030403879728,21.540000915527344,0.928505067313288
2012-05-29,NEUTRAL,longbyungi,148545.99578004092,66204.91272459493,-12.261283713641923,2.3057822895673485,0.5514705824346692,21.760000228881836,0.9191176373911153
2012-05-30,NEUTRAL,longbyungi,146206.1558908783,146206.1558908783,-13.643310520306795,-1.5751618728433003,0.5706133907841596,21.030000686645508,0.9510223179735995
2012-05-31,NEUTRAL,longbyungi,146206.1558908783,146206.1558908783,-13.643310520306795,0.0,0.49710026111872085,24.139999389648438,0.8285004351978681
2012-06-01,NEUTRAL,longbyungi,146206.1558908783,146206.1558908783,-13.643310520306795,0.0,0.49875312827776,24.059999465942383,0.8312552137962668
2012-06-04,BEAR,yangbyungi,145126.8700325504,121252.80366924693,-14.280790886024164,-0.7381945389039801,0.4501125307082416,26.65999984741211,0.7501875511804027
2012-06-05,BEAR,yangbyungi,146762.24505037518,111840.47752702456,-13.31485636885823,1.1268588769660637,0.4594180556830407,26.1200008392334,0.7656967594717345
2012-06-06,BEAR,yangbyungi,149663.63913664155,111828.37883898741,-11.601147485403784,1.9769349298727867,0.48622365687262215,24.68000030517578,0.8103727614543703
2012-06-07,NEUTRAL,longbyungi,150948.54566077574,150948.54566077574,-10.842217240374264,0.8585295209620591,0.5415162492161021,22.15999984741211,0.9025270820268368
2012-06-08,NEUTRAL,longbyungi,154887.85848329897,67551.55647138915,-8.515461488503517,2.6097057148043,0.5524862053113337,21.719999313354492,0.9208103421855564
2012-06-11,NEUTRAL,longbyungi,158382.78206873906,158382.78206873906,-6.4511843109518185,2.2564219169037836,0.5652378831250763,21.229999542236328,0.9420631385417938
2012-06-12,NEUTRAL,longbyungi,161310.9477841339,77712.43283667271,-4.721662760449085,1.8487904285732215,0.5093378723266456,23.559999465942383,0.8488964538777427
2012-06-13,NEUTRAL,longbyungi,156963.05990235606,73113.4335614743,-7.289743436747309,-2.6953458159555077,0.543232228026679,22.09000015258789,0.9053870467111318
2012-06-14,NEUTRAL,longbyungi,157188.06762218813,157188.06762218813,-7.156842590858337,0.14335074760394306,0.4944375679301377,24.270000457763672,0.8240626132168962
2012-06-15,NEUTRAL,longbyungi,159431.64872340648,70183.6033733596,-5.8316710527664295,1.427322782929652,0.5535055272639999,21.68000030517578,0.9225092121066666
2012-06-18,NEUTRAL,longbyungi,162175.20771001044,68058.61481742004,-4.211187496299695,1.720837116452123,0.5684509546681701,21.110000610351562,0.9474182577802835
2012-06-19,NEUTRAL,longbyungi,163355.78160042004,56702.58429152584,-3.513881338151148,0.7279620029965406,0.6550218449725329,18.31999969482422,1.0917030749542216
2012-06-20,NEUTRAL,longbyungi,165156.20682445608,56956.49417506372,-2.4504598901545993,1.1021496799176633,0.6528835989076018,18.3799991607666,1.0881393315126697
2012-06-21,BULL,longbyungi,163931.0443881966,163931.0443881966,-3.174102280077018,-0.7418204013135865,0.6960556936957368,17.239999771118164,1.1600928228262282
2012-06-22,NEUTRAL,longbyungi,164748.10128885286,65964.28442143217,-2.6915074903618996,0.4984149913187963,0.5976095640236051,20.079999923706055,0.9960159400393419
2012-06-25,NEUTRAL,longbyungi,162172.91738915973,162172.91738915973,-4.212540274678334,-1.563103841286806,0.6626173161551897,18.110000610351562,1.104362193591983
2012-06-26,BEAR,yangbyungi,162172.91738915973,162172.91738915973,-4.212540274678334,0.0,0.5888125855815106,20.3799991607666,0.9813543093025178
2012-06-27,BEAR,yangbyungi,162696.822583472,102961.70816709782,-3.9030955874396533,0.32305344366168054,0.6085192909653669,19.719999313354492,1.0141988182756116
2012-06-28,BEAR,yangbyungi,160524.61469602663,116034.8356303437,-5.186110525343257,-1.3351261892843191,0.6169665567759318,19.450000762939453,1.028277594626553
2012-06-29,NEUTRAL,longbyungi,166856.120276347,64082.398768595405,-1.4464057365329075,3.944258388229027,0.6088280343682757,19.709999084472656,1.0147133906137928
2012-07-02,NEUTRAL,longbyungi,168771.60541049662,168771.60541049662,-0.31502413413180275,1.1479861397815094,0.702576115550486,17.079999923706055,1.1709601925841435
2012-07-03,BULL,longbyungi,170942.3765105473,48220.45321411628,0.0,1.2862181969359066,0.7142857467236177,16.799999237060547,1.1904762445393628
2012-07-05,BULL,longbyungi,168166.04789175186,168166.04789175186,-1.6241312865005963,-1.6241312865005963,0.7202881218431719,16.65999984741211,1.2004802030719532
2012-07-06,BULL,longbyungi,168166.04789175186,168166.04789175186,-1.6241312865005963,0.0,0.6857142857142856,17.5,1.1428571428571428
2012-07-09,BULL,longbyungi,168166.04789175186,168166.04789175186,-1.6241312865005963,0.0,0.7017543703100556,17.100000381469727,1.169590617183426
2012-07-10,BEAR,yangbyungi,163303.87007556757,82756.83512390067,-4.468468609659482,-2.891295762218349,0.6674082483601362,17.979999542236328,1.1123470806002271
2012-07-11,BEAR,yangbyungi,163221.63222927056,163221.63222927056,-4.516577129018895,-0.050358785899529135,0.6410256645383222,18.719999313354492,1.0683761075638705
2012-07-12,BEAR,yangbyungi,163221.63222927056,163221.63222927056,-4.516577129018895,0.0,0.6685236484655673,17.950000762939453,1.1142060807759455
2012-07-13,BEAR,yangbyungi,163360.09724800533,99108.38853356952,-4.435576138181352,0.08483251689352933,0.6546644871765922,18.329999923706055,1.0911074786276538
2012-07-16,BEAR,yangbyungi,162423.07636181853,162423.07636181853,-4.9837262840458525,-0.5735922676173844,0.7168458879374554,16.739999771118164,1.1947431465624256
2012-07-17,BEAR,yangbyungi,161157.6359406061,127925.3101928049,-5.723999379017341,-0.7791013749754994,0.7013442181141706,17.110000610351562,1.1689070301902844
2012-07-18,BEAR,yangbyungi,168235.69187233015,90845.55602149728,-1.5833900835292014,4.392007794363928,0.7281553600317398,16.479999542236328,1.2135922667195662
2012-07-19,NEUTRAL,longbyungi,171998.7488723888,44148.67167695405,0.0,2.236776844543975,0.7425742644373664,16.15999984741211,1.2376237740622773
2012-07-20,BULL,longbyungi,171433.694637681,171433.694637681,-0.32852229357029916,-0.32852229357029916,0.7766990387147951,15.449999809265137,1.2944983978579918
2012-07-23,BULL,longbyungi,171433.694637681,171433.694637681,-0.32852229357029916,0.0,0.7375537592117198,16.270000457763672,1.2292562653528665
2012-07-24,NEUTRAL,longbyungi,171433.694637681,171433.694637681,-0.32852229357029916,0.0,0.6444682845940221,18.6200008392334,1.0741138076567034
2012-07-25,NEUTRAL,longbyungi,172938.90193618494,70935.18928062097,0.0,0.878011351085406,0.5862237617258383,20.469999313354492,0.9770396028763974
2012-07-26,NEUTRAL,longbyungi,178278.13078005938,68013.06275768849,0.0,3.0873498004773126,0.620475693139758,19.34000015258789,1.0341261552329302
2012-07-27,NEUTRAL,longbyungi,184419.30020472055,56719.41501102246,0.0,3.444712706931785,0.684540760408623,17.530000686645508,1.140901267347705
2012-07-30,BULL,longbyungi,178805.96456953156,51910.763555920654,-3.0437896841370327,-3.0437896841370327,0.7185628414239555,16.700000762939453,1.1976047357065926
2012-07-31,BULL,longbyungi,179896.80510172655,61131.098108118895,-2.452289482702552,0.6100694318677435,0.6655573789793686,18.030000686645508,1.1092622982989477
2012-08-01,BULL,longbyungi,181771.5611186499,181771.5611186499,-1.4357169141903547,1.0421285780273903,0.6339144113335802,18.93000030517578,1.0565240188893004
2012-08-02,BULL,longbyungi,182344.9452633856,66726.26371617551,-1.1248036073405854,0.3154421633433824,0.6329114229666516,18.959999084472656,1.054852371611086
2012-08-03,BULL,longbyungi,187422.2578932765,59491.2872494426,0.0,2.7844548268431746,0.6829823681519452,17.56999969482422,1.1383039469199088
2012-08-06,BULL,longbyungi,189737.84805508854,189737.84805508854,0.0,1.2354936856702636,0.7672634102673282,15.640000343322754,1.278772350445547
2012-08-07,BULL,longbyungi,193161.46134447766,46988.36818747944,0.0,1.8043913349302443,0.7523511061755226,15.949999809265137,1.2539185102925376
2012-08-08,BULL,longbyungi,192680.59819882686,47831.024237202306,-0.24894362586812546,-0.24894362586812546,0.7504690538942299,15.989999771118164,1.2507817564903831
2012-08-09,BULL,longbyungi,192952.33083298337,41561.04413583403,-0.10826720301175818,0.14102750183291324,0.7832898328355801,15.319999694824219,1.3054830547259668
2012-08-10,BULL,longbyungi,192398.44422913293,41300.964555742044,-0.3950151909360433,-0.2870587784347012,0.7853403278605033,15.279999732971191,1.3089005464341723
2012-08-13,BULL,longbyungi,192270.03781346953,192270.03781346953,-0.4614913993730818,-0.0667398409471942,0.814111274513927,14.739999771118164,1.3568521241898783
2012-08-14,BULL,longbyungi,192270.03781346953,192270.03781346953,-0.4614913993730818,0.0,0.8759124209537983,13.699999809265137,1.4598540349229971
2012-08-15,BULL,longbyungi,196168.44542780993,36900.31427860164,0.0,2.027568964293036,0.8080807873226695,14.850000381469727,1.3468013122044493
2012-08-16,BULL,longbyungi,201754.01643070523,35231.42087893261,0.0,2.847334081031283,0.8202323927636263,14.630000114440918,1.367053987939377
2012-08-17,BULL,longbyungi,200615.70002236526,200615.70002236526,-0.5642100358041469,-0.5642100358041469,0.8397480778190235,14.289999961853027,1.3995801296983725
2012-08-20,BULL,longbyungi,200615.70002236526,200615.70002236526,-0.5642100358041469,0.0,0.8921933212024068,13.449999809265137,1.486988868670678
2012-08-21,BULL,longbyungi,196412.6588642613,28904.692770915746,-2.6474603385546414,-2.095070903042684,0.8559200861762395,14.020000457763672,1.4265334769603992
2012-08-22,BULL,longbyungi,193700.98364229157,193700.98364229157,-3.9915105190381994,-1.3806010455994722,0.7989347293126966,15.020000457763672,1.3315578821878278
2012-08-23,BULL,longbyungi,193700.98364229157,193700.98364229157,-3.9915105190381994,0.0,0.7941760604009737,15.109999656677246,1.3236267673349562
2012-08-24,BULL,longbyungi,195306.7381517051,48061.14666536302,-3.1956133479080107,0.8289862442716789,0.7518796974510066,15.960000038146973,1.253132829085011
2012-08-27,BULL,longbyungi,196694.31827639957,196694.31827639957,-2.507854982923463,0.710461982943289,0.7905138180997581,15.180000305175781,1.3175230301662635
2012-08-28,BULL,longbyungi,195839.68300570332,52331.51923990066,-2.9314575886191907,-0.43449921593327057,0.7339449370044174,16.350000381469727,1.223241561674029
2012-08-29,BULL,longbyungi,193762.36123059722,53151.57447567693,-3.9610885282439168,-1.0607256625541073,0.7277137760194339,16.489999771118164,1.2128562933657232
2012-08-30,BULL,longbyungi,191272.38742504688,191272.38742504688,-5.195251718450122,-1.2850657835383306,0.7033997875531076,17.059999465942383,1.1723329792551793
2012-08-31,BULL,longbyungi,191507.6076951691,62541.67183772572,-5.078664066673177,0.12297659546618434,0.6730229978321693,17.829999923706055,1.121704996386949
2012-09-04,BULL,longbyungi,191059.44405126257,191059.44405126257,-5.300797757905274,-0.23401871565327248,0.686891841536989,17.469999313354492,1.1448197358949816
2012-09-05,BULL,longbyungi,186946.5970219913,63544.79516434796,-7.339343062743787,-2.152653091656531,0.6674082483601362,17.979999542236328,1.1123470806002271
2012-09-06,BULL,longbyungi,197983.99196223862,61470.15139786313,-1.8686242460811076,5.904036294893866,0.6764374382651771,17.739999771118164,1.127395730441962
2012-09-07,BULL,longbyungi,195960.5991291661,195960.5991291661,-2.8715251393911845,-1.021998199459706,0.7692307504206253,15.600000381469727,1.2820512507010422
2012-09-10,BULL,longbyungi,195960.5991291661,195960.5991291661,-2.8715251393911845,0.0,0.8344923438456141,14.380000114440918,1.3908205730760235
2012-09-11,BULL,longbyungi,194645.3836803673,51517.90316055037,-3.5234157297579727,-0.6711632106880305,0.7371007060118618,16.280000686645508,1.2285011766864364
2012-09-12,BULL,longbyungi,193188.86223728955,52604.34302579961,-4.245345071659323,-0.7482948814596768,0.731261432759393,16.40999984741211,1.2187690545989884
2012-09-13,BULL,longbyungi,194823.49830390638,46246.935471927194,-3.435132667695473,0.8461336992652502,0.7594936617176,15.800000190734863,1.2658227695293334
2012-09-14,BULL,longbyungi,198082.86243364363,28779.334005517856,-1.8196187922348006,1.672983063189304,0.8540925150957138,14.050000190734863,1.4234875251595231
2012-09-17,BULL,longbyungi,200267.58044916773,200267.58044916773,-0.7367565750781679,1.1029313635125604,0.8270158380917365,14.510000228881836,1.3783597301528943
2012-09-18,BULL,longbyungi,200267.58044916773,200267.58044916773,-0.7367565750781679,0.0,0.8224811428717845,14.59000015258789,1.3708019047863076
2012-09-19,BULL,longbyungi,200267.58044916773,200267.58044916773,-0.7367565750781679,0.0,0.846262323112922,14.180000305175781,1.4104372051882035
2012-09-20,BULL,longbyungi,200267.58044916773,200267.58044916773,-0.7367565750781679,0.0,0.8645533069927755,13.880000114440918,1.4409221783212927
2012-09-21,BULL,longbyungi,195059.82935947253,29463.67017800713,-3.317994451690087,-2.6003964685722303,0.8528784833175449,14.069999694824219,1.4214641388625748
2012-09-24,BULL,longbyungi,190614.39943372834,190614.39943372834,-5.521385494103869,-2.2790084151831036,0.8583691268190418,13.979999542236328,1.4306152113650696
2012-09-25,BULL,longbyungi,190614.39943372834,190614.39943372834,-5.521385494103869,0.0,0.8480565599652229,14.149999618530273,1.4134275999420383
2012-09-26,BEAR,yangbyungi,190614.39943372834,190614.39943372834,-5.521385494103869,0.0,0.777705752602919,15.430000305175781,1.2961762543381983
2012-09-27,BEAR,yangbyungi,193185.36315349603,95363.893418703,-4.247079403324894,1.3487772840905077,0.7138608198240813,16.809999465942383,1.1897680330401357
2012-09-28,BEAR,yangbyungi,191938.67646994052,191938.67646994052,-4.865003500010079,-0.6453318528924723,0.808625328612774,14.84000015258789,1.34770888102129
2012-10-01,BEAR,yangbyungi,187778.27682625083,114009.81454439419,-6.927118404730514,-2.167567121023284,0.7628735123468392,15.729999542236328,1.2714558539113987
2012-10-02,BEAR,yangbyungi,189480.39330688928,189480.39330688928,-6.083459125598855,0.906450154622207,0.7352941313966889,16.31999969482422,1.2254902189944814
2012-10-03,BULL,longbyungi,189480.39330688928,189480.39330688928,-6.083459125598855,0.0,0.7638446830593021,15.710000038146973,1.2730744717655036
2012-10-04,BULL,longbyungi,189166.22990371098,42120.40142665786,-6.239175184558309,-0.16580259186472768,0.777705752602919,15.430000305175781,1.2961762543381983
2012-10-05,BULL,longbyungi,185873.2842563033,33516.56058421012,-7.8713338427422785,-1.740768238117263,0.8247422572297525,14.550000190734863,1.3745704287162541
2012-10-08,BULL,longbyungi,183120.27269336174,183120.27269336174,-9.23587250801694,-1.4811227842433827,0.8374040519112951,14.329999923706055,1.3956734198521585
2012-10-09,BULL,longbyungi,183120.27269336174,183120.27269336174,-9.23587250801694,0.0,0.7941760604009737,15.109999656677246,1.3236267673349562
2012-10-10,BEAR,yangbyungi,183120.27269336174,183120.27269336174,-9.23587250801694,0.0,0.7330482214295326,16.3700008392334,1.2217470357158877
2012-10-11,BEAR,yangbyungi,183120.27269336174,183120.27269336174,-9.23587250801694,0.0,0.7366482090594488,16.290000915527344,1.2277470150990815
2012-10-12,BEAR,yangbyungi,183120.27269336174,183120.27269336174,-9.23587250801694,0.0,0.7697241746343432,15.59000015258789,1.282873624390572
2012-10-15,BEAR,yangbyungi,184174.40873228863,101430.92862573949,-8.71338673173554,0.5756522876590786,0.7434944519078687,16.139999389648438,1.239157419846448
2012-10-16,BEAR,yangbyungi,188202.2260053174,97630.62658514937,-6.716986687619353,2.1869581668555904,0.7858545933375453,15.270000457763672,1.3097576555625754
2012-10-17,BULL,longbyungi,186308.88971279105,39308.47709497475,-7.655424655805554,-1.006011635841586,0.7884362542355327,15.220000267028809,1.3140604237258877
2012-10-18,BULL,longbyungi,184395.63648820683,184395.63648820683,-8.603734512745298,-1.0269253536606016,0.7962840240880291,15.069999694824219,1.3271400401467153
2012-10-19,BULL,longbyungi,184395.63648820683,184395.63648820683,-8.603734512745298,0.0,0.7984032077975155,15.029999732971191,1.3306720129958591
2012-10-22,NEUTRAL,longbyungi,184395.63648820683,184395.63648820683,-8.603734512745298,0.0,0.7033997875531076,17.059999465942383,1.1723329792551793
2012-10-23,BEAR,yangbyungi,186074.36695156572,117826.81801272758,-7.771666585148196,0.9103959807998274,0.7220216241910552,16.6200008392334,1.2033693736517588
2012-10-24,BEAR,yangbyungi,188676.08930052162,140234.7025023441,-6.482114885021573,1.3982164182953394,0.63728093726079,18.829999923706055,1.0621348954346501
2012-10-25,BEAR,yangbyungi,186848.72359044393,186848.72359044393,-7.387854330712019,-0.9685200264921145,0.6546644871765922,18.329999923706055,1.0911074786276538
2012-10-26,BEAR,yangbyungi,186780.37976532953,140418.96130397954,-7.421729158248791,-0.036577089637601645,0.6622516249567505,18.1200008392334,1.1037527082612508
2012-10-31,NEUTRAL,longbyungi,187228.62269115535,187228.62269115535,-7.199556170689069,0.23998394605952988,0.6737787961727512,17.809999465942383,1.1229646602879186
2012-11-01,NEUTRAL,longbyungi,195945.0098675448,66435.9653677617,-2.8792520049560455,4.655477913100747,0.6451612770908872,18.600000381469727,1.0752687951514788
2012-11-02,BULL,longbyungi,196280.46436323415,196280.46436323415,-2.7129829503795944,0.17119828461877873,0.7189933862202579,16.690000534057617,1.1983223103670966
2012-11-05,BULL,longbyungi,200927.2227073942,62376.79455500608,-0.4098028569334611,2.367407454040271,0.682205792831362,17.59000015258789,1.1370096547189366
2012-11-06,NEUTRAL,longbyungi,203954.15878405113,70454.54823963606,0.0,1.5064838083513443,0.6514657953472912,18.420000076293945,1.0857763255788186
2012-11-07,BULL,longbyungi,198245.91226438677,198245.91226438677,-2.7987889796884713,-2.7987889796884713,0.6825938596176211,17.579999923706055,1.1376564326960352
2012-11-08,NEUTRAL,longbyungi,198245.91226438677,198245.91226438677,-2.7987889796884713,0.0,0.6289308201249274,19.079999923706055,1.0482180335415456
2012-11-09,BEAR,yangbyungi,197916.33920637524,149905.25945804516,-2.9603807118583014,-0.16624456678431265,0.6489994672008756,18.489999771118164,1.081665778668126
2012-11-12,NEUTRAL,longbyungi,199006.81959651405,199006.81959651405,-2.4257113544693065,0.5509804771609783,0.6448145946499949,18.610000610351562,1.0746909910833249
2012-11-13,BEAR,yangbyungi,197636.77571785578,144964.2288184287,-3.0974524392435976,-0.6884406682323929,0.7194244472691297,16.68000030517578,1.1990407454485494
2012-11-14,BEAR,yangbyungi,199229.5676166237,141372.25342179788,-2.3164966066859582,0.8059187835778969,0.7207207372332218,16.649999618530273,1.2012012287220364
2012-11-15,BEAR,yangbyungi,199066.7991285086,199066.7991285086,-2.3963030146971986,-0.0816989616864161,0.6696428542918696,17.920000076293945,1.1160714238197829
2012-11-16,BEAR,yangbyungi,196678.05177872218,158626.03674198358,-3.567520784429301,-1.199972752987477,0.6670372513992613,17.989999771118164,1.1117287523321022
2012-11-19,BEAR,yangbyungi,194354.58935428038,141154.21762417577,-4.706728946838923,-1.1813531827414403,0.731261432759393,16.40999984741211,1.2187690545989884
2012-11-20,BEAR,yangbyungi,193634.80557440623,193634.80557440623,-5.059643437117234,-0.37034565649596285,0.7874015866287349,15.239999771118164,1.3123359777145582
2012-11-21,BEAR,yangbyungi,193634.80557440623,193634.80557440623,-5.059643437117234,0.0,0.7957559721957136,15.079999923706055,1.3262599536595228
2012-11-23,BEAR,yangbyungi,194795.33990580373,117749.1882260349,-4.4906261940678815,0.5993418011575269,0.7838014154868607,15.3100004196167,1.306335692478101
2012-11-26,BULL,longbyungi,194983.33359589815,40359.86922816973,-4.398451711715956,0.09650830979084368,0.7926023598336575,15.140000343322754,1.3210039330560959
2012-11-27,NEUTRAL,longbyungi,195612.35319515804,195612.35319515804,-4.090039467018414,0.322601725829319,0.7741935483870968,15.5,1.2903225806451613
2012-11-28,NEUTRAL,longbyungi,200457.18514799493,48165.856518485845,-1.7145880510133882,2.476751531128163,0.753768840608794,15.920000076293945,1.2562814010146568
2012-11-29,BULL,longbyungi,202525.0525657354,202525.0525657354,-0.7006997194055287,1.0315756036451296,0.773694379298221,15.510000228881836,1.2894906321637019
2012-11-30,BULL,longbyungi,202525.0525657354,202525.0525657354,-0.7006997194055287,0.0,0.7968127268023953,15.0600004196167,1.3280212113373255
2012-12-03,NEUTRAL,longbyungi,202525.0525657354,202525.0525657354,-0.7006997194055287,0.0,0.7561436727494503,15.869999885559082,1.2602394545824172
2012-12-04,NEUTRAL,longbyungi,202039.8774923235,56473.32660830009,-0.9385840931807166,-0.2395629909807906,0.7211538726056125,16.639999389648438,1.2019231210093542
2012-12-05,NEUTRAL,longbyungi,198782.1261245182,60022.66884045466,-2.5358799694833123,-1.6124298867331577,0.7009345450789907,17.1200008392334,1.1682242417983177
2012-12-06,NEUTRAL,longbyungi,201451.32126756746,54010.56065033222,-1.2271568922179732,1.3427742197390957,0.7290401377555396,16.459999084472656,1.2150668962592326
2012-12-07,NEUTRAL,longbyungi,202921.20412732707,202921.20412732707,-0.5064641304116657,0.7296466712210403,0.7237635738973932,16.579999923706055,1.206272623162322
2012-12-10,NEUTRAL,longbyungi,203961.21321087872,49773.12186636595,0.0,0.5125186833107254,0.7547169992390999,15.899999618530273,1.2578616653984998
2012-12-11,BULL,longbyungi,210513.10287021237,51991.06742260294,0.0,3.212321380222205,0.7476635869421836,16.049999237060547,1.2461059782369728
2012-12-12,BULL,longbyungi,213477.5097352412,213477.5097352412,0.0,1.408181640292705,0.7707129245473936,15.569999694824219,1.2845215409123227
2012-12-13,BULL,longbyungi,207476.41543010843,52867.4691423366,-2.8111131297041347,-2.8111131297041347,0.7523511061755226,15.949999809265137,1.2539185102925376
2012-12-14,BULL,longbyungi,201861.49572607767,56512.05251659543,-5.441329170257769,-2.7062929983587614,0.724637704528882,16.559999465942383,1.2077295075481367
2012-12-17,BULL,longbyungi,201172.02139639854,59528.55709639366,-5.764301988581455,-0.3415581199372131,0.7058823529411765,17.0,1.1764705882352942
2012-12-18,BULL,longbyungi,205324.8746382472,54342.019234818465,-3.818966741323282,2.0643294296206705,0.7343941179890056,16.34000015258789,1.2239901966483426
2012-12-19,BULL,longbyungi,203921.69518139755,47197.21003637579,-4.476262893311322,-0.6833947710046528,0.7707129245473936,15.569999694824219,1.2845215409123227
2012-12-20,BULL,longbyungi,203566.35743787038,203566.35743787038,-4.642714967802853,-0.17425205455019466,0.6912442153282266,17.360000610351562,1.152073692213711
2012-12-21,BULL,longbyungi,203794.11698344807,65320.95400226442,-4.536024784907166,0.1118846691783082,0.6791171447757484,17.670000076293945,1.1318619079595806
2012-12-24,BULL,longbyungi,200401.63713585568,67421.73394011814,-6.125175722539799,-1.664660343393487,0.6726457341570855,17.84000015258789,1.1210762235951426
2012-12-26,BULL,longbyungi,195191.9136483399,65710.1556428883,-8.5655843135792,-2.599641181565815,0.6726457341570855,17.84000015258789,1.1210762235951426
2012-12-27,NEUTRAL,longbyungi,194690.2362190229,194690.2362190229,-8.800586787581821,-0.2570175269764663,0.6160164415805928,19.479999542236328,1.026694069300988
2012-12-28,NEUTRAL,longbyungi,193514.06364103954,74696.24972587414,-9.35154533091599,-0.6041250967820377,0.6163328414587661,19.469999313354492,1.027221402431277
2012-12-31,NEUTRAL,longbyungi,197237.85209215345,91784.44856579087,-7.607198371026758,1.9242986173973353,0.5281690300468702,22.719999313354492,0.8802817167447837
2013-01-02,NEUTRAL,longbyungi,209792.68016343098,67995.58514978163,-1.7260973188136908,6.365323865629846,0.6659267311411173,18.020000457763672,1.1098778852351956
2013-01-03,BULL,longbyungi,209157.81325917388,209157.81325917388,-2.023490194083999,-0.3026163275870908,0.8174386751047352,14.680000305175781,1.3623977918412253
2013-01-04,BULL,longbyungi,209157.81325917388,209157.81325917388,-2.023490194083999,0.0,0.8241758004232193,14.5600004196167,1.3736263340386987
2013-01-07,BULL,longbyungi,209157.81325917388,209157.81325917388,-2.023490194083999,0.0,0.8676789635718476,13.829999923706055,1.4461316059530793
2013-01-08,BULL,longbyungi,209157.81325917388,209157.81325917388,-2.023490194083999,0.0,0.8701957964608654,13.789999961853027,1.4503263274347757
2013-01-09,BULL,longbyungi,210469.3849144991,24877.8000286849,-1.409106197872012,0.6270727518555619,0.8810572761254775,13.619999885559082,1.4684287935424625
2013-01-10,BULL,longbyungi,216399.77430659797,216399.77430659797,0.0,2.8176969275165664,0.8689355275438191,13.8100004196167,1.4482258792396985
2013-01-11,BULL,longbyungi,218874.5419649779,23901.825030211097,0.0,1.143609167943782,0.8895478282877197,13.489999771118164,1.4825797138128662
2013-01-14,BULL,longbyungi,214067.9095728745,21687.109273888607,-2.196067367612131,-2.196067367612131,0.898203615896238,13.359999656677246,1.49700602649373
2013-01-15,BULL,longbyungi,211586.91592894995,211586.91592894995,-3.3295905364791323,-1.1589750415533118,0.8875739344453325,13.520000457763672,1.479289890742221
2013-01-16,BULL,longbyungi,213762.7594694927,24203.671987482696,-2.3354851823302103,1.0283450330517585,0.8856088436223998,13.550000190734863,1.4760147393706664
2013-01-17,BULL,longbyungi,222498.13947581928,23070.391710883297,0.0,4.086483552142406,0.8941877743501405,13.420000076293945,1.4903129572502343
2013-01-18,BULL,longbyungi,216104.5266283749,25208.594828615896,-2.873557892442158,-2.873557892442158,0.8843036307935189,13.569999694824219,1.4738393846558648
2013-01-22,BULL,longbyungi,215884.13264077975,215884.13264077975,-2.972612198295854,-0.10198490102623081,0.9630818590097385,12.460000038146973,1.6051364316828975
2013-01-23,BULL,longbyungi,216889.76610991172,7468.241402978107,-2.5206383204463,0.46582092756455307,0.9654062514385674,12.430000305175781,1.609010419064279
2013-01-24,BULL,longbyungi,207960.69924620318,7684.012859137409,-6.533735636560689,-4.116868685811403,0.9630818590097385,12.460000038146973,1.6051364316828975
2013-01-25,BULL,longbyungi,211950.68211467675,11408.638309455302,-4.740469914036661,1.918623510565265,0.9456265088101398,12.6899995803833,1.576044181350233
2013-01-28,BULL,longbyungi,213858.07622198932,213858.07622198932,-3.883206967116659,0.8999235521594429,0.9309542032879937,12.890000343322754,1.551590338813323
2013-01-29,BULL,longbyungi,213858.07622198932,213858.07622198932,-3.883206967116659,0.0,0.8843036307935189,13.569999694824219,1.4738393846558648
2013-01-30,BULL,longbyungi,212676.93348561047,21048.396751086984,-4.4140620741128345,-0.552302142264105,0.9015777326583717,13.3100004196167,1.5026295544306196
2013-01-31,BULL,longbyungi,208139.64280543066,34374.12851756046,-6.453310892493591,-2.133419269225456,0.8379888446741551,14.319999694824219,1.3966480744569252
2013-02-01,BULL,longbyungi,214392.70282517362,33893.014561229444,-3.642923338478765,3.0042619154431405,0.8403361501676443,14.279999732971191,1.4005602502794072
2013-02-04,BULL,longbyungi,203006.52605325726,14662.8336246541,-8.760348948751695,-5.310897536098147,0.9302325856477186,12.899999618530273,1.5503876427461978
2013-02-05,BULL,longbyungi,208382.46362144724,37563.574101230595,-6.344177028907739,2.648159974315134,0.8179959057663166,14.670000076293945,1.3633265096105278
2013-02-06,BULL,longbyungi,206544.1222329316,25775.908793557,-7.170404786518015,-0.8821958223198756,0.8746355514903141,13.720000267028809,1.4577259191505236
2013-02-07,BULL,longbyungi,208030.78158051075,208030.78158051075,-6.502237694837354,0.71977809463033,0.8948545963120041,13.40999984741211,1.4914243271866736
2013-02-08,BULL,longbyungi,211020.4104023483,23114.531286723388,-5.158573056166327,1.4371088735637416,0.8888888888888888,13.5,1.4814814814814814
2013-02-11,BULL,longbyungi,211172.50352838053,211172.50352838053,-5.0902160234331255,0.07207507830273574,0.9216589537709687,13.020000457763672,1.536098256284948
2013-02-12,BULL,longbyungi,211172.50352838053,211172.50352838053,-5.0902160234331255,0.0,0.9273570625297147,12.9399995803833,1.5455951042161913
2013-02-13,BULL,longbyungi,211172.50352838053,211172.50352838053,-5.0902160234331255,0.0,0.9493670628212567,12.640000343322754,1.582278438035428
2013-02-14,BULL,longbyungi,216604.1728623629,15943.67982196834,-2.6489959095127302,2.5721480037538935,0.9244992621881493,12.979999542236328,1.5408321036469155
2013-02-15,BULL,longbyungi,217439.91977245157,217439.91977245157,-2.2733761798118035,0.38584063226692056,0.9478673100026125,12.65999984741211,1.5797788500043541
2013-02-19,BULL,longbyungi,220807.15355085972,8027.4776150705,-0.7600000291882569,1.5485812273716482,0.9630818590097385,12.460000038146973,1.6051364316828975
2013-02-20,BULL,longbyungi,220792.12635724494,220792.12635724494,-0.766753880546378,-0.006805573720380931,0.9748171885418707,12.3100004196167,1.6246953142364513
2013-02-21,BULL,longbyungi,220792.12635724494,220792.12635724494,-0.766753880546378,0.0,0.8174386751047352,14.680000305175781,1.3623977918412253
2013-02-22,BULL,longbyungi,223771.06249364576,46711.60928744031,0.0,1.3492039709698922,0.7884362542355327,15.220000267028809,1.3140604237258877
2013-02-25,BULL,longbyungi,227791.92089098517,227791.92089098517,0.0,1.7968625400138993,0.8468595578962416,14.170000076293945,1.411432596493736
2013-02-26,NEUTRAL,longbyungi,228407.17323017077,83847.57736080786,0.0,0.27009401245623454,0.6319115400017415,18.989999771118164,1.0531859000029027
2013-02-27,BULL,longbyungi,232811.6335548485,66104.1275700044,0.0,1.9283371281160422,0.7113218377614082,16.8700008392334,1.1855363962690137
2013-02-28,BULL,longbyungi,234661.33976835184,42884.64287741529,0.0,0.7945076391844275,0.8146639764374455,14.729999542236328,1.3577732940624092
2013-03-01,BULL,longbyungi,224862.2218819864,51012.23136634703,-4.175855254230942,-4.175855254230942,0.773694379298221,15.510000228881836,1.2894906321637019
2013-03-04,BULL,longbyungi,225582.75549407682,225582.75549407682,-3.868802710850039,0.32043337740768063,0.7812500174622986,15.359999656677246,1.3020833624371644
2013-03-05,BULL,longbyungi,228144.57001166095,32364.124394527433,-2.7770956064275376,1.1356428872292046,0.8565310352573593,14.010000228881836,1.4275517254289323
2013-03-06,BULL,longbyungi,232107.13072331372,232107.13072331372,-1.0884660624368436,1.7368639154770271,0.890207745363855,13.479999542236328,1.4836795756064252
2013-03-07,BULL,longbyungi,229366.66992559782,26247.143757289217,-2.2563025711779816,-1.1806878957901112,0.8869179775929528,13.529999732971191,1.478196629321588
2013-03-08,BULL,longbyungi,234141.20059055384,234141.20059055384,-0.22165524935273684,2.0816148512357024,0.9188361113660815,13.0600004196167,1.531393518943469
2013-03-11,BULL,longbyungi,234141.20059055384,234141.20059055384,-0.22165524935273684,0.0,0.9531373990915627,12.59000015258789,1.5885623318192712
2013-03-12,BULL,longbyungi,237226.5701402872,0.0,0.0,1.3177388438905258,1.0380622460563795,11.5600004196167,1.7301037434272992
2013-03-13,BULL,longbyungi,235417.43670280228,5201.161530028185,-0.7626183847850854,-0.7626183847850854,0.977995073537847,12.270000457763672,1.629991789229745
2013-03-14,BULL,longbyungi,234695.99985056865,0.0,-1.066731390257869,-0.3064500498934586,1.0143702516813449,11.829999923706055,1.6906170861355747
2013-03-15,BULL,longbyungi,234496.54932249564,234496.54932249564,-1.1508073552541354,-0.08498249999999707,1.0619468847300624,11.300000190734863,1.7699114745501041
2013-03-18,BULL,longbyungi,231085.74813974916,0.0,-2.5885894640328755,-1.4545208416076538,1.0619468847300624,11.300000190734863,1.7699114745501041
2013-03-19,BULL,longbyungi,234591.3744146871,234591.3744146871,-1.1108349811076113,1.5170240065250251,0.898203615896238,13.359999656677246,1.49700602649373
2013-03-20,NEUTRAL,longbyungi,234642.61622903976,38962.713830081484,-1.089234612176615,0.0218430087127075,0.8339124192980467,14.390000343322754,1.3898540321634112
2013-03-21,BULL,longbyungi,233907.46433602544,233907.46433602544,-1.399129027705015,-0.31330706451752066,0.9471191734601847,12.670000076293945,1.5785319557669746
2013-03-22,NEUTRAL,longbyungi,233688.46884167628,33272.037748883944,-1.4914439375482313,-0.09362484218740086,0.8577555537044078,13.989999771118164,1.4295925895073465
2013-03-25,NEUTRAL,longbyungi,229147.40138173962,27503.762645685812,-3.405676165941207,-1.9432141784510693,0.8843036307935189,13.569999694824219,1.4738393846558648
2013-03-26,NEUTRAL,longbyungi,231298.98321398027,29204.112124825246,-2.4987027898272784,0.9389510067610685,0.8733624599633772,13.739999771118164,1.4556040999389621
2013-03-27,BULL,longbyungi,228888.2979442231,13737.61589440654,-3.5148980955772124,-1.0422377289600937,0.9397023938792781,12.770000457763672,1.5661706564654636
2013-03-28,BULL,longbyungi,232144.60554712298,232144.60554712298,-2.142240892392,1.4226623344865796,0.9125475549892978,13.149999618530273,1.5209125916488297
2013-04-01,BULL,longbyungi,232144.60554712298,232144.60554712298,-2.142240892392,0.0,0.9448819039544819,12.699999809265137,1.5748031732574699
2013-04-02,BULL,longbyungi,232144.60554712298,232144.60554712298,-2.142240892392,0.0,0.8836524350086399,13.579999923706055,1.4727540583477332
2013-04-03,BULL,longbyungi,232144.60554712298,232144.60554712298,-2.142240892392,0.0,0.9389671557692708,12.779999732971191,1.5649452596154514
2013-04-04,BEAR,yangbyungi,235004.99043046613,94916.2676610577,-0.9364801373249576,1.2321565158069259,0.8444757190560034,14.210000038146973,1.4074595317600056
2013-04-05,BULL,longbyungi,231944.35128016668,31044.63191895053,-2.2266556638224744,-1.3023719814175827,0.8639308641751531,13.890000343322754,1.4398847736252551
2013-04-08,BEAR,yangbyungi,233378.32351484365,110843.07030954983,-1.6221819601269116,0.618239774653917,0.862068960792339,13.920000076293945,1.436781601320565
2013-04-09,NEUTRAL,longbyungi,236526.6145045463,20943.223178014887,-0.2950578576956908,1.3490074580565725,0.9097801654100796,13.1899995803833,1.516300275683466
2013-04-10,NEUTRAL,longbyungi,246793.21318996084,15597.02268737636,0.0,4.340568061196848,0.9345794281459888,12.84000015258789,1.5576323802433147
2013-04-11,BULL,longbyungi,240636.15228097228,7111.311210440181,-2.494825862269301,-2.494825862269301,0.9708738133756529,12.359999656677246,1.618123022292755
2013-04-12,BULL,longbyungi,233369.67504755847,4604.874073022365,-5.439184477115278,-3.019694740185719,0.980392175195585,12.239999771118164,1.6339869586593083
2013-04-15,BULL,longbyungi,213339.48072047264,1130.0313558243506,-13.555369710972688,-8.583032188309758,0.9950248410009088,12.0600004196167,1.6583747350015148
2013-04-16,BULL,longbyungi,221182.87146670787,66648.12954725034,-10.377247166655367,3.676483471201486,0.6948465363013606,17.270000457763672,1.1580775605022677
2013-04-17,BULL,longbyungi,215041.37509753765,215041.37509753765,-12.865766315860261,-2.7766600227426053,0.8595988515192626,13.960000038146973,1.4326647525321043
2013-04-18,BEAR,yangbyungi,207716.84367631,131136.99815779238,-15.833648344119212,-3.4061033221655213,0.7268322128189769,16.510000228881836,1.2113870213649616
2013-04-19,BEAR,yangbyungi,208171.52256399303,133587.3278058524,-15.649413582633676,0.2188936051770396,0.6833713191890466,17.559999465942383,1.138952198648411
2013-04-22,BEAR,yangbyungi,209355.22367364616,108305.15620123624,-15.169780818688084,0.5686181736453744,0.801603192114152,14.970000267028809,1.3360053201902533
2013-04-23,NEUTRAL,longbyungi,216432.92676461974,35014.86322577772,-12.30191301977671,3.3807148284996646,0.8339124192980467,14.390000343322754,1.3898540321634112
2013-04-24,NEUTRAL,longbyungi,220315.20301816263,23387.7338785592,-10.728824277439763,1.793754911314882,0.890207745363855,13.479999542236328,1.4836795756064252
2013-04-25,BULL,longbyungi,222724.15284265133,26287.423546714446,-9.752723762619498,1.0934106187352466,0.8817046511909822,13.609999656677246,1.4695077519849704
2013-04-26,BULL,longbyungi,217138.72287014668,217138.72287014668,-12.01592618229278,-2.507779197369131,0.8810572761254775,13.619999885559082,1.4684287935424625
2013-04-29,BULL,longbyungi,220844.5340099977,25686.500961868645,-10.51434066786513,1.706656044977839,0.8817046511909822,13.609999656677246,1.4695077519849704
2013-04-30,BULL,longbyungi,223333.34199784938,27765.5193314394,-9.505881822631002,1.1269502317585056,0.8752735205405517,13.710000038146973,1.4587892009009196
2013-05-01,BULL,longbyungi,224131.80281415462,224131.80281415462,-9.182347473373731,0.35751975462443575,0.8875739344453325,13.520000457763672,1.479289890742221
2013-05-02,BULL,longbyungi,224452.37268978663,38515.40003609544,-9.052453352101741,0.14302739352782812,0.828157362977928,14.489999771118164,1.38026227162988
2013-05-03,BULL,longbyungi,230817.6843700717,230817.6843700717,-6.4732447920245235,2.835929780560842,0.883002197591211,13.59000015258789,1.471670329318685
2013-05-06,BULL,longbyungi,230817.6843700717,230817.6843700717,-6.4732447920245235,0.0,0.933852112355151,12.850000381469727,1.556420187258585
2013-05-07,BULL,longbyungi,230817.6843700717,230817.6843700717,-6.4732447920245235,0.0,0.9478673100026125,12.65999984741211,1.5797788500043541
2013-05-08,BULL,longbyungi,235749.46957822167,14932.085857864062,-4.47489761529164,2.136658298782157,0.9353078777364245,12.829999923706055,1.558846462894041
2013-05-09,BULL,longbyungi,235567.24818404648,12283.034991667868,-4.548733273825301,-0.0772945086583654,0.9478673100026125,12.65999984741211,1.5797788500043541
2013-05-10,BULL,longbyungi,237878.85689038225,20439.06522205897,-3.612075139488158,0.981294608718164,0.9139375396350455,13.130000114440918,1.523229232725076
2013-05-13,BULL,longbyungi,238253.1586839064,238253.1586839064,-3.4604089778923597,0.1573497529024248,0.9531373990915627,12.59000015258789,1.5885623318192712
2013-05-14,BULL,longbyungi,238253.1586839064,238253.1586839064,-3.4604089778923597,0.0,0.9561752842728317,12.550000190734863,1.5936254737880529
2013-05-15,BULL,longbyungi,240612.64427810942,14366.095119340054,-2.504351246925951,0.9903270988039115,0.9397023938792781,12.770000457763672,1.5661706564654636
2013-05-16,BULL,longbyungi,242290.57389803868,242290.57389803868,-1.8244583121726277,0.6973572087050517,0.9367681191972251,12.8100004196167,1.561280198662042
2013-05-17,BULL,longbyungi,241965.2219714403,19835.56589005515,-1.9562901086766726,-0.13428171032988656,0.9181331507415456,13.069999694824219,1.530221917902576
2013-05-20,BULL,longbyungi,243025.380173939,243025.380173939,-1.5267166253561726,0.4381448680355504,0.9638554364530791,12.449999809265137,1.6064257274217986
2013-05-21,BULL,longbyungi,243025.380173939,243025.380173939,-1.5267166253561726,0.0,0.9216589537709687,13.020000457763672,1.536098256284948
2013-05-22,BULL,longbyungi,225334.85127330566,225334.85127330566,-8.694875211231324,-7.279292758629497,0.8975317952665941,13.369999885559082,1.4958863254443235
2013-05-23,BULL,longbyungi,228004.74649148577,29675.062923790712,-7.61304026785099,1.1848567601031368,0.8683068209107245,13.819999694824219,1.4471780348512076
2013-05-24,BULL,longbyungi,224687.15349962903,32954.28798373445,-8.95732074824781,-1.4550543543095151,0.8528784833175449,14.069999694824219,1.4214641388625748
2013-05-28,BULL,longbyungi,234657.95601678838,234657.95601678838,-4.917176212553198,4.43763800549275,0.8577555537044078,13.989999771118164,1.4295925895073465
2013-05-29,BULL,longbyungi,239483.1311419778,40190.030518044456,-2.9620271779339236,2.056258908538444,0.8287293079670007,14.479999542236328,1.3812155132783346
2013-05-30,BULL,longbyungi,245093.14800327198,45909.87442588704,-0.6888622116931087,2.3425519929285876,0.809170604297695,14.829999923706055,1.3486176738294917
2013-05-31,BULL,longbyungi,236009.3010792628,41831.739522167365,-4.3696145332803304,-3.706283508132957,0.8258775100160418,14.529999732971191,1.376462516693403
2013-06-03,BULL,longbyungi,233479.39147978628,62013.46240875774,-5.394727649956355,-1.071953345867016,0.7361963534768861,16.299999237060547,1.2269939224614768
2013-06-04,BULL,longbyungi,232903.97019512174,61718.60797917345,-5.6278869322667795,-0.24645485026216774,0.7371007060118618,16.280000686645508,1.2285011766864364
2013-06-05,BULL,longbyungi,231703.56050748745,231703.56050748745,-6.114289970712705,-0.515409714410886,0.7375537592117198,16.270000457763672,1.2292562653528665
2013-06-06,BULL,longbyungi,228243.23727107144,72821.1190166389,-7.516404393426801,-1.493426872179715,0.6857142857142856,17.5,1.1428571428571428
2013-06-07,BULL,longbyungi,233098.63728649812,64326.33246089457,-5.549008307988501,2.127291951112742,0.7215875288983977,16.6299991607666,1.2026458814973295
2013-06-10,BULL,longbyungi,235647.8856077314,235647.8856077314,-4.516059189055044,1.0936350168791575,0.7926023598336575,15.140000343322754,1.3210039330560959
2013-06-11,BULL,longbyungi,235647.8856077314,235647.8856077314,-4.516059189055044,0.0,0.7772020936610736,15.4399995803833,1.295336822768456
2013-06-12,BULL,longbyungi,235647.8856077314,235647.8856077314,-4.516059189055044,0.0,0.7029877102832351,17.06999969482422,1.171646183805392
2013-06-13,NEUTRAL,longbyungi,243227.9019066503,83535.2119077731,-1.4446553198228518,3.216670618270223,0.645508332517657,18.59000015258789,1.0758472208627619
2013-06-14,BULL,longbyungi,246498.4780138658,246498.4780138658,-0.1194259648737539,1.344654984719118,0.731261432759393,16.40999984741211,1.2187690545989884
2013-06-17,BULL,longbyungi,246482.07332569404,74021.40501321445,-0.12607310397442228,-0.006655087002538362,0.6997084703742039,17.149999618530273,1.1661807839570066
2013-06-18,BULL,longbyungi,251920.82674231243,71451.39708752555,0.0,2.206551309486837,0.7142857467236177,16.799999237060547,1.1904762445393628
2013-06-19,BULL,longbyungi,252052.07860888893,252052.07860888893,0.0,0.05210044293431082,0.7224563250480224,16.610000610351562,1.2040938750800374
2013-06-20,BULL,longbyungi,252052.07860888893,252052.07860888893,0.0,0.0,0.7211538726056125,16.639999389648438,1.2019231210093542
2013-06-21,NEUTRAL,longbyungi,250497.00310905091,104437.38963412135,-0.6169659494262847,-0.6169659494262847,0.5856515438772572,20.489999771118164,0.9760859064620954
2013-06-24,NEUTRAL,longbyungi,238582.80683699786,89336.22227139623,-5.343844750747495,-4.7562230781924235,0.6349206477356087,18.899999618530273,1.058201079559348
2013-06-25,NEUTRAL,longbyungi,246744.5896830772,97782.55786337971,-2.1057112304347925,3.4209434260095595,0.5967180326102545,20.110000610351562,0.9945300543504241
2013-06-26,NEUTRAL,longbyungi,250939.1744318409,250939.1744318409,-0.4415373930619082,1.6999703029562996,0.6497022439694168,18.469999313354492,1.0828370732823613
2013-06-27,NEUTRAL,longbyungi,250939.1744318409,250939.1744318409,-0.4415373930619082,0.0,0.6972690667268389,17.209999084472656,1.162115111211398
2013-06-28,NEUTRAL,longbyungi,250043.90319651287,72334.78628411709,-0.7967303517032898,-0.3567682237558323,0.7117437464760434,16.860000610351562,1.1862395774600725
2013-07-01,BULL,longbyungi,245818.9470658778,72414.95618143267,-2.472953834545888,-1.6896857218368644,0.7117437464760434,16.860000610351562,1.1862395774600725
2013-07-02,BULL,longbyungi,243316.2609134998,65582.4662981827,-3.4658780612337514,-1.018101404407723,0.7330482214295326,16.3700008392334,1.2217470357158877
2013-07-03,NEUTRAL,longbyungi,243203.7754353382,64244.525038327934,-3.5105059328952026,-0.046230152370130284,0.7299269835874047,16.440000534057617,1.2165449726456745
2013-07-05,NEUTRAL,longbyungi,247126.60439332307,63863.7371049122,-1.9541494133872073,1.6129802882224764,0.7407407058555365,16.200000762939453,1.2345678430925608
2013-07-08,BULL,longbyungi,251541.11274044352,251541.11274044352,-0.20272233867917322,1.7863347242429661,0.8059099881338324,14.890000343322754,1.3431833135563873
2013-07-09,NEUTRAL,longbyungi,251541.11274044352,251541.11274044352,-0.20272233867917322,0.0,0.8119079984305024,14.779999732971191,1.3531799973841707
2013-07-10,NEUTRAL,longbyungi,255903.14631808386,41193.1494899946,0.0,1.7341235117065645,0.8362369115680093,14.350000381469727,1.3937281859466821
2013-07-11,BULL,longbyungi,265831.1657802386,41181.75419994694,0.0,3.8796003898343256,0.8444757190560034,14.210000038146973,1.4074595317600056
2013-07-12,BULL,longbyungi,267476.06281323364,267476.06281323364,0.0,0.6187750891311516,0.8565310352573593,14.010000228881836,1.4275517254289323
2013-07-15,BULL,longbyungi,267476.06281323364,267476.06281323364,0.0,0.0,0.8670520135620204,13.84000015258789,1.445086689270034
2013-07-16,BULL,longbyungi,267118.2070980732,34719.517299255356,-0.1337898095988943,-0.1337898095988943,0.8701957964608654,13.789999961853027,1.4503263274347757
2013-07-17,BULL,longbyungi,270194.8761660567,270194.8761660567,0.0,1.151800583497442,0.8321775268037374,14.420000076293945,1.3869625446728957
2013-07-18,BULL,longbyungi,270194.8761660567,270194.8761660567,0.0,0.0,0.870827302796515,13.779999732971191,1.4513788379941917
2013-07-19,BULL,longbyungi,270194.8761660567,270194.8761660567,0.0,0.0,0.8714596660186945,13.770000457763672,1.4524327766978242
2013-07-22,BULL,longbyungi,270194.8761660567,270194.8761660567,0.0,0.0,0.9569378019540893,12.539999961853027,1.594896336590149
2013-07-23,BULL,longbyungi,263129.9264468938,6375.6309214198845,-2.614760805020211,-2.614760805020211,0.976403583177123,12.289999961853027,1.627339305295205
2013-07-24,BULL,longbyungi,265754.9153796835,265754.9153796835,-1.643243887291379,0.9976018190844149,0.9478673100026125,12.65999984741211,1.5797788500043541
2013-07-25,BULL,longbyungi,269371.97894866404,23792.934293548024,-0.3045569290836436,1.361052368048532,0.9104703886302342,13.180000305175781,1.517450647717057
2013-07-26,BULL,longbyungi,268667.29369268764,268667.29369268764,-0.5653632278468046,-0.26160302891441445,0.9252120087079212,12.970000267028809,1.5420200145132021
2013-07-29,BULL,longbyungi,268667.29369268764,268667.29369268764,-0.5653632278468046,0.0,0.9433962066105372,12.720000267028809,1.5723270110175622
2013-07-30,BULL,longbyungi,270358.3623905195,27890.038901952707,0.0,0.6294285674259159,0.8961911644747708,13.390000343322754,1.4936519407912847
2013-07-31,BULL,longbyungi,269785.49701239343,28285.756071147684,-0.21189112593403836,-0.21189112593403836,0.8961911644747708,13.390000343322754,1.4936519407912847
2013-08-01,BULL,longbyungi,278679.36112918006,29927.387749928894,0.0,3.296642782980319,0.8921933212024068,13.449999809265137,1.486988868670678
2013-08-02,BULL,longbyungi,276092.87297115126,276092.87297115126,-0.9281233269477274,-0.9281233269477274,0.9273570625297147,12.9399995803833,1.5455951042161913
2013-08-05,BULL,longbyungi,276092.87297115126,276092.87297115126,-0.9281233269477274,0.0,1.0016694873562524,11.979999542236328,1.669449145593754
2013-08-06,BULL,longbyungi,276092.87297115126,276092.87297115126,-0.9281233269477274,0.0,1.0135135004518676,11.84000015258789,1.6891891674197794
2013-08-07,BULL,longbyungi,276092.87297115126,276092.87297115126,-0.9281233269477274,0.0,0.9433962066105372,12.720000267028809,1.5723270110175622
2013-08-08,BULL,longbyungi,276092.87297115126,276092.87297115126,-0.9281233269477274,0.0,0.9244992621881493,12.979999542236328,1.5408321036469155
2013-08-09,BULL,longbyungi,276092.87297115126,276092.87297115126,-0.9281233269477274,0.0,0.942655179223354,12.729999542236328,1.5710919653722566
2013-08-12,BULL,longbyungi,278622.9714546233,29029.89658393027,-0.020234607373970093,0.9163939859238468,0.8948545963120041,13.40999984741211,1.4914243271866736
2013-08-13,BULL,longbyungi,282814.48018391547,17750.901935038273,0.0,1.5043658128435444,0.9367681191972251,12.8100004196167,1.561280198662042
2013-08-14,BULL,longbyungi,276876.7103005765,276876.7103005765,-2.099528241792137,-2.099528241792137,0.9748171885418707,12.3100004196167,1.6246953142364513
2013-08-15,BULL,longbyungi,276876.7103005765,276876.7103005765,-2.099528241792137,0.0,0.9202454014650748,13.039999961853027,1.5337423357751248
2013-08-16,BEAR,yangbyungi,275947.79324562335,158199.68677258954,-2.4279828012436555,-0.33549844403479856,0.8146639764374455,14.729999542236328,1.3577732940624092
2013-08-19,BEAR,yangbyungi,270649.70344891533,153090.98522144792,-4.301327402716204,-1.919960922460484,0.8350730755439478,14.369999885559082,1.391788459239913
2013-08-20,BEAR,yangbyungi,271081.43266052776,120163.51126014325,-4.148672838730771,0.1595158635353533,0.7947019666784939,15.100000381469727,1.3245032777974899
2013-08-21,BEAR,yangbyungi,269511.2751404026,269511.2751404026,-4.703862770697498,-0.5792198693635564,0.8048289820796215,14.90999984741211,1.3413816367993692
2013-08-22,BEAR,yangbyungi,270469.4763839254,127485.25438909323,-4.365053653533602,0.35553289673080357,0.7528231063925437,15.9399995803833,1.2547051773209061
2013-08-23,BULL,longbyungi,271887.5590233272,271887.5590233272,-3.8636356785842207,0.5243041316014718,0.8130081174740657,14.760000228881836,1.3550135291234429
2013-08-26,BULL,longbyungi,267634.8328541949,38507.67239151316,-5.367351530179487,-1.5641488652179958,0.8583691268190418,13.979999542236328,1.4306152113650696
2013-08-27,BULL,longbyungi,258878.49595560762,258878.49595560762,-8.463493175010761,-3.271747853298923,0.8005337013494078,14.989999771118164,1.3342228355823464
2013-08-28,BEAR,yangbyungi,260002.36269885759,129207.69651204637,-8.06610661173468,0.4341290454046298,0.7155634867287436,16.770000457763672,1.1926058112145728
2013-08-29,BULL,longbyungi,263674.2782193181,70987.19060340076,-6.767758833334991,1.4122623665206557,0.7277137760194339,16.489999771118164,1.2128562933657232
2013-08-30,BULL,longbyungi,263124.19075830013,263124.19075830013,-6.962263535025026,-0.20862386150551915,0.7138608198240813,16.809999465942383,1.1897680330401357
2013-09-03,NEUTRAL,longbyungi,256461.25816834674,77498.66185687215,-9.318201104282608,-2.5322387009538816,0.7054673626414659,17.010000228881836,1.1757789377357766
2013-09-04,NEUTRAL,longbyungi,267244.20517742727,72080.92780797574,-5.505473056529064,4.2045130270718545,0.7224563250480224,16.610000610351562,1.2040938750800374
2013-09-05,BULL,longbyungi,268537.10658812604,65642.06503116558,-5.048317747558329,0.48379025088323147,0.7556675008514305,15.880000114440918,1.2594458347523843
2013-09-06,BULL,longbyungi,270381.6923598738,270381.6923598738,-4.3960930911163265,0.6869016335149913,0.7609384687171853,15.770000457763672,1.2682307811953089
2013-09-09,BULL,longbyungi,274403.8430193844,65676.31505832297,-2.9739061306413905,1.4875824706937602,0.7570977735766636,15.850000381469727,1.2618296226277728
2013-09-10,BULL,longbyungi,282385.2569028002,64779.13336676548,-0.1517684953175502,2.9086377929670393,0.7677543129966404,15.630000114440918,1.2795905216610675
2013-09-11,BULL,longbyungi,279472.81877356034,279472.81877356034,-1.181573662063562,-1.0313704621776054,0.8258775100160418,14.529999732971191,1.376462516693403
2013-09-12,BULL,longbyungi,279472.81877356034,279472.81877356034,-1.181573662063562,0.0,0.8683068209107245,13.819999694824219,1.4471780348512076
2013-09-13,BULL,longbyungi,279548.6575443139,44786.056405798765,-1.1547579308802791,0.0271363673527647,0.8397480778190235,14.289999961853027,1.3995801296983725
2013-09-16,BULL,longbyungi,287758.17594832304,287758.17594832304,0.0,2.936704642449528,0.8474576362508314,14.15999984741211,1.4124293937513857
2013-09-17,BULL,longbyungi,287445.1481950205,47626.181240468315,-0.108781532365132,-0.108781532365132,0.8344923438456141,14.380000114440918,1.3908205730760235
2013-09-18,BULL,longbyungi,289540.47881237144,49953.824245349824,0.0,0.7289497250200005,0.8258775100160418,14.529999732971191,1.376462516693403
2013-09-19,BULL,longbyungi,290494.562876379,290494.562876379,0.0,0.32951664234341926,0.883002197591211,13.59000015258789,1.471670329318685
2013-09-20,BULL,longbyungi,282623.01852364454,25605.900647249015,-2.7097045379414597,-2.7097045379414597,0.9118541139162535,13.15999984741211,1.5197568565270891
2013-09-23,BULL,longbyungi,283302.2531230004,283302.2531230004,-2.475884464811595,0.24033237027329957,0.9146341543194795,13.119999885559082,1.5243902571991326
2013-09-24,BULL,longbyungi,281487.4689622094,45732.236506113055,-3.1006067118724667,-0.6405823253382459,0.8385743988902989,14.3100004196167,1.3976239981504983
2013-09-25,BULL,longbyungi,282664.29120578535,282664.29120578535,-2.6954968082916753,0.4180726935783863,0.8522727318908557,14.079999923706055,1.4204545531514263
2013-09-26,BULL,longbyungi,282664.29120578535,282664.29120578535,-2.6954968082916753,0.0,0.8565310352573593,14.010000228881836,1.4275517254289323
2013-09-27,BULL,longbyungi,282664.29120578535,282664.29120578535,-2.6954968082916753,0.0,0.8534850385393616,14.0600004196167,1.4224750642322694
2013-09-30,BULL,longbyungi,285792.98714235297,63261.219659869355,-1.6184728855069164,1.106859279331407,0.7761966345660057,15.460000038146973,1.2936610576100096
2013-10-01,BULL,longbyungi,287749.22343063296,79545.24990214009,-0.9450570842230666,0.6844941535621318,0.7228915496529372,16.600000381469727,1.2048192494215622
2013-10-02,BULL,longbyungi,284048.23860159406,64389.2484794959,-2.219086034160367,-1.286184124118439,0.7722007740963399,15.539999961853027,1.2870012901605665
2013-10-03,BULL,longbyungi,278943.30974306935,78272.94852985462,-3.976409409846793,-1.7972048985964273,0.7228915496529372,16.600000381469727,1.2048192494215622
2013-10-04,BULL,longbyungi,279989.00259064615,89453.40401790736,-3.6164395580111197,0.37487647527376655,0.6791171447757484,17.670000076293945,1.1318619079595806
2013-10-07,BULL,longbyungi,273980.79799723707,77976.2868134625,-5.684707044299975,-2.145871637034724,0.7168458879374554,16.739999771118164,1.1947431465624256
2013-10-08,BULL,longbyungi,274206.68113562267,274206.68113562267,-5.6069489148021345,0.082444879362642,0.6182380264984872,19.40999984741211,1.030396710830812
2013-10-09,NEUTRAL,longbyungi,274206.68113562267,274206.68113562267,-5.6069489148021345,0.0,0.5899704970490485,20.34000015258789,0.9832841617484142
2013-10-10,NEUTRAL,longbyungi,277711.6078727472,106325.04289145386,-4.400411104792923,1.278206177401997,0.6122448860432198,19.600000381469727,1.0204081434053665
2013-10-11,BULL,longbyungi,276596.7798883683,74939.53968615856,-4.784180072218747,-0.40143370056381356,0.7281553600317398,16.479999542236328,1.2135922667195662
2013-10-14,BULL,longbyungi,277513.6701262958,64102.06738226637,-4.468549297980228,0.3314898453617321,0.7633587656591106,15.720000267028809,1.272264609431851
2013-10-15,BULL,longbyungi,277595.3547620047,277595.3547620047,-4.4404301363339505,0.029434454768195728,0.7467330571179119,16.06999969482422,1.2445550951965199
2013-10-16,BULL,longbyungi,278630.79106657836,99077.44027198711,-4.083991002216902,0.37300202860433007,0.643086821978953,18.65999984741211,1.0718113699649217
2013-10-17,BULL,longbyungi,280418.894051188,50791.80501940072,-3.468453497175683,0.6417463690085778,0.8157715818409778,14.710000038146973,1.3596193030682964
2013-10-18,BULL,longbyungi,282753.9350783085,282753.9350783085,-2.6646377548086964,0.8326974667742126,0.890207745363855,13.479999542236328,1.4836795756064252
2013-10-21,BULL,longbyungi,282753.9350783085,282753.9350783085,-2.6646377548086964,0.0,0.9202454014650748,13.039999961853027,1.5337423357751248
2013-10-22,BULL,longbyungi,282753.9350783085,282753.9350783085,-2.6646377548086964,0.0,0.9118541139162535,13.15999984741211,1.5197568565270891
2013-10-23,BULL,longbyungi,282753.9350783085,282753.9350783085,-2.6646377548086964,0.0,0.9002250614164832,13.329999923706055,1.5003751023608054
2013-10-24,BULL,longbyungi,280516.354549309,29918.823181891727,-3.4349036444156322,-0.7913525689323464,0.8941877743501405,13.420000076293945,1.4903129572502343
2013-10-25,BULL,longbyungi,282612.6837830957,282612.6837830957,-2.7132621744240693,0.747310878595564,0.909090922226919,13.199999809265137,1.5151515370448652
2013-10-28,BULL,longbyungi,283872.55008023645,23533.068361801852,-2.279565142484463,0.44579255264696194,0.9167303178088658,13.09000015258789,1.5278838630147764
2013-10-29,BULL,longbyungi,290768.61117498693,28173.912803279673,0.0,2.429280708121051,0.9015777326583717,13.3100004196167,1.5026295544306196
2013-10-30,BULL,longbyungi,291938.2696055077,291938.2696055077,0.0,0.402264338572933,0.8948545963120041,13.40999984741211,1.4914243271866736
2013-10-31,BULL,longbyungi,291565.35922839807,35289.23420844323,-0.1277360373525438,-0.1277360373525438,0.8791209036892316,13.649999618530273,1.4652015061487194
2013-11-01,BULL,longbyungi,293404.2674132127,293404.2674132127,0.0,0.6307018740776105,0.8727272727272727,13.75,1.4545454545454546
2013-11-04,BULL,longbyungi,293404.2674132127,293404.2674132127,0.0,0.0,0.9036144760008356,13.279999732971191,1.5060241266680594
2013-11-05,BULL,longbyungi,292806.7712065374,21103.329605099745,-0.20364264362721096,-0.20364264362721096,0.9280742240351294,12.930000305175781,1.5467903733918824
2013-11-06,BULL,longbyungi,296559.04689314927,296559.04689314927,0.0,1.2814852850397962,0.9042953719703413,13.270000457763672,1.5071589532839023
2013-11-07,BULL,longbyungi,296559.04689314927,296559.04689314927,0.0,0.0,0.9471191734601847,12.670000076293945,1.5785319557669746
2013-11-08,BULL,longbyungi,302068.56175316207,40720.901547671616,0.0,1.8578137870796096,0.8626887226193999,13.90999984741211,1.437814537699
2013-11-11,BULL,longbyungi,299344.9920684263,299344.9920684263,-0.9016395711386127,-0.9016395711386127,0.9302325856477186,12.899999618530273,1.5503876427461978
2013-11-12,BULL,longbyungi,302302.84718873596,12661.833139952389,0.0,0.9881091044387835,0.9577015367704629,12.529999732971191,1.5961692279507715
2013-11-13,BULL,longbyungi,305440.0657440646,19103.753585408616,0.0,1.0377734065369015,0.9360374637797163,12.819999694824219,1.5600624396328606
2013-11-14,BULL,longbyungi,305002.2988224198,305002.2988224198,-0.1433233458021932,-0.1433233458021932,0.9584664186301032,12.520000457763672,1.597444031050172
2013-11-15,BULL,longbyungi,304424.57850990765,9122.943953402573,-0.33246693804991345,-0.18941506826101184,0.9700889337928753,12.369999885559082,1.6168148896547923
2013-11-18,BULL,longbyungi,305320.4153944729,305320.4153944729,-0.03917310235650451,0.2942721934444892,0.9844134875370252,12.1899995803833,1.6406891458950421
2013-11-19,BULL,longbyungi,305320.4153944729,305320.4153944729,-0.03917310235650451,0.0,0.9160305076764956,13.100000381469727,1.5267175127941595
2013-11-20,BULL,longbyungi,305320.4153944729,305320.4153944729,-0.03917310235650451,0.0,0.8961911644747708,13.390000343322754,1.4936519407912847
2013-11-21,BULL,longbyungi,312437.8970830833,31899.14009330765,0.0,2.3311515803535965,0.8955224135533352,13.399999618530273,1.4925373559222253
2013-11-22,BULL,longbyungi,311178.45031358255,311178.45031358255,-0.4031030746458497,-0.4031030746458497,0.9478673100026125,12.65999984741211,1.5797788500043541
2013-11-25,BULL,longbyungi,311178.45031358255,311178.45031358255,-0.4031030746458497,0.0,0.978792803912896,12.260000228881836,1.6313213398548267
2013-11-26,BULL,longbyungi,309421.68423662655,19220.56017282413,-0.9653799601828328,-0.5645526144839597,0.9382329973253125,12.789999961853027,1.5637216622088543
2013-11-27,BULL,longbyungi,308369.6599294415,19363.36446677905,-1.3020946535688416,-0.33999695586315326,0.9367681191972251,12.8100004196167,1.561280198662042
2013-11-29,BULL,longbyungi,309089.7050879082,309089.7050879082,-1.0716344036475034,0.23350064939313686,0.9244992621881493,12.979999542236328,1.5408321036469155
2013-12-02,BULL,longbyungi,309089.7050879082,309089.7050879082,-1.0716344036475034,0.0,0.8759124209537983,13.699999809265137,1.4598540349229971
2013-12-03,BULL,longbyungi,309406.60904189467,48437.802039990405,-0.9702049813702818,0.10252814919744502,0.843288853550738,14.229999542236328,1.4054814225845633
2013-12-04,BULL,longbyungi,308100.0033394365,308100.0033394365,-1.3884019141548798,-0.4222940507005335,0.8247422572297525,14.550000190734863,1.3745704287162541
2013-12-05,BULL,longbyungi,305464.79906982346,56589.79326834783,-2.2318348953057843,-0.8553080951154035,0.816326541204213,14.699999809265137,1.360544235340355
2013-12-06,BULL,longbyungi,316497.4889281235,316497.4889281235,0.0,3.611771271811315,0.7957559721957136,15.079999923706055,1.3262599536595228
2013-12-09,BULL,longbyungi,316497.4889281235,316497.4889281235,0.0,0.0,0.8701957964608654,13.789999961853027,1.4503263274347757
2013-12-10,BULL,longbyungi,316497.4889281235,316497.4889281235,0.0,0.0,0.8895478282877197,13.489999771118164,1.4825797138128662
2013-12-11,BULL,longbyungi,316497.4889281235,316497.4889281235,0.0,0.0,0.8626887226193999,13.90999984741211,1.437814537699
2013-12-12,BULL,longbyungi,316497.4889281235,316497.4889281235,0.0,0.0,0.7782101128811466,15.420000076293945,1.297016854801911
2013-12-13,BULL,longbyungi,316497.4889281235,316497.4889281235,0.0,0.0,0.7722007740963399,15.539999961853027,1.2870012901605665
2013-12-16,BULL,longbyungi,317051.9357545392,75509.55669590767,0.0,0.17518206172613127,0.7614213087388637,15.760000228881836,1.269035514564773
2013-12-17,BULL,longbyungi,320407.88572221604,79656.40866404961,0.0,1.0584858785643858,0.7485963497180087,16.030000686645508,1.2476605828633478
2013-12-18,BULL,longbyungi,321153.3107417387,83292.35813191635,0.0,0.23264877449642452,0.7402838172578702,16.209999084472656,1.2338063620964503
2013-12-19,BULL,longbyungi,320577.06042485696,320577.06042485696,-0.17943153553386937,-0.17943153553386937,0.8695652053727246,13.800000190734863,1.4492753422878744
2013-12-20,BULL,longbyungi,323151.00523985975,48709.581357189396,0.0,0.8029098562422288,0.8480565599652229,14.149999618530273,1.4134275999420383
2013-12-23,BULL,longbyungi,327931.43469153316,327931.43469153316,0.0,1.4793175246739843,0.8701957964608654,13.789999961853027,1.4503263274347757
2013-12-24,BULL,longbyungi,327931.43469153316,327931.43469153316,0.0,0.0,0.9202454014650748,13.039999961853027,1.5337423357751248
2013-12-26,BULL,longbyungi,327931.43469153316,327931.43469153316,0.0,0.0,0.9615384968074834,12.479999542236328,1.6025641613458057
2013-12-27,BULL,longbyungi,327931.43469153316,327931.43469153316,0.0,0.0,0.9732360157544213,12.329999923706055,1.622060026257369
2013-12-30,BULL,longbyungi,326882.019071484,12106.618941080756,-0.3200106818171622,-0.3200106818171622,0.9630818590097385,12.460000038146973,1.6051364316828975
2013-12-31,BULL,longbyungi,329542.7125126438,37817.06030521373,0.0,0.8139613946088309,0.8849557248272714,13.5600004196167,1.4749262080454524
2014-01-02,BULL,longbyungi,323804.9334407467,323804.9334407467,-1.7411336540106181,-1.7411336540106181,0.8746355514903141,13.720000267028809,1.4577259191505236
2014-01-03,BULL,longbyungi,323804.9334407467,323804.9334407467,-1.7411336540106181,0.0,0.843288853550738,14.229999542236328,1.4054814225845633
2014-01-06,BULL,longbyungi,323804.9334407467,323804.9334407467,-1.7411336540106181,0.0,0.8720930087495459,13.760000228881836,1.4534883479159098
2014-01-07,BULL,longbyungi,323321.14906520845,37040.42077705893,-1.8879384101678887,-0.14940611632984213,0.8856088436223998,13.550000190734863,1.4760147393706664
2014-01-08,BULL,longbyungi,331104.7452363263,23468.875721851422,0.0,2.4073885032333653,0.9287925641748258,12.920000076293945,1.5479876069580432
2014-01-09,BULL,longbyungi,333923.7496759211,333923.7496759211,0.0,0.8513935484623536,0.9324009406919052,12.869999885559082,1.554001567819842
2014-01-10,BULL,longbyungi,332747.0845911959,23056.031337434542,-0.3523753808667873,-0.3523753808667873,0.9309542032879937,12.890000343322754,1.551590338813323
2014-01-13,BULL,longbyungi,330896.27580453746,330896.27580453746,-0.9066362827806818,-0.5562208873842733,0.9884678468399091,12.140000343322754,1.6474464113998486
2014-01-14,BULL,longbyungi,345024.18687988137,31893.610932792362,0.0,4.269589024836695,0.9036144760008356,13.279999732971191,1.5060241266680594
2014-01-15,BULL,longbyungi,347624.84854956093,7941.087912528543,0.0,0.7537621327935895,0.9771987183176065,12.279999732971191,1.6286645305293443
2014-01-16,BULL,longbyungi,346488.6246630948,346488.6246630948,-0.3268534718409599,-0.3268534718409599,0.9771987183176065,12.279999732971191,1.6286645305293443
2014-01-17,BULL,longbyungi,339627.53126230696,14655.936349764816,-2.300559732890839,-1.9801785433675279,0.9577015367704629,12.529999732971191,1.5961692279507715
2014-01-21,BULL,longbyungi,343546.38957044896,343546.38957044896,-1.1732357442596708,1.153869444440092,0.9646302576185664,12.4399995803833,1.607717096030944
2014-01-22,BULL,longbyungi,349331.90563921566,23223.412763654662,0.0,1.6840567225871794,0.9324009406919052,12.869999885559082,1.554001567819842
2014-01-23,BULL,longbyungi,339829.1027895361,339829.1027895361,-2.7202791088581146,-2.7202791088581146,0.9345794281459888,12.84000015258789,1.5576323802433147
2014-01-24,BULL,longbyungi,339829.1027895361,339829.1027895361,-2.7202791088581146,0.0,0.8714596660186945,13.770000457763672,1.4524327766978242
2014-01-27,NEUTRAL,longbyungi,339829.1027895361,339829.1027895361,-2.7202791088581146,0.0,0.6615215217067637,18.139999389648438,1.1025358695112728
2014-01-28,BULL,longbyungi,340729.2088721532,105733.28099766813,-2.4626141008566194,0.2648702171851758,0.6888633724135417,17.420000076293945,1.1481056206892362
2014-01-29,BULL,longbyungi,333354.22060096834,80822.01319813865,-4.573783493669437,-2.1644719851276584,0.7594936617176,15.800000190734863,1.2658227695293334
2014-01-30,BULL,longbyungi,338883.1489168204,104593.1236833414,-2.991068537892605,1.6585745654831063,0.6916426360898716,17.350000381469727,1.1527377268164527
2014-01-31,BULL,longbyungi,331454.19811396976,101477.38425386325,-5.117685283436357,-2.192186547662811,0.6940427625555161,17.290000915527344,1.1567379375925269
2014-02-03,NEUTRAL,longbyungi,330737.01491097093,330737.01491097093,-5.322986657694306,-0.21637475315736676,0.6518196686289944,18.40999984741211,1.0863661143816574
2014-02-04,NEUTRAL,longbyungi,330737.01491097093,330737.01491097093,-5.322986657694306,0.0,0.5597014785954832,21.440000534057617,0.9328357976591388
2014-02-05,NEUTRAL,longbyungi,329450.44257482665,123052.86775391662,-5.691281770558421,-0.38900161703721015,0.6279434650305455,19.110000610351562,1.046572441717576
2014-02-06,NEUTRAL,longbyungi,335572.0506084488,132574.861564951,-3.9389058968400725,1.858127124000375,0.6015037363954421,19.950000762939453,1.0025062273257368
2014-02-07,BULL,longbyungi,342418.50645617826,102647.65628271995,-1.9790345718313618,2.040234231461069,0.6964596818812502,17.229999542236328,1.1607661364687503
2014-02-10,BULL,longbyungi,342259.06480542594,73326.23906444106,-2.0246764522833027,-0.04656338595785403,0.7848266860653212,15.289999961853027,1.3080444767755355
2014-02-11,BULL,longbyungi,347934.19148022647,73349.31753907347,-0.40011065019429637,1.6581377261773333,0.7863695819144355,15.260000228881836,1.3106159698573925
2014-02-12,BULL,longbyungi,350978.99421276856,60904.24598754925,0.0,0.8751088013478903,0.8270158380917365,14.510000228881836,1.3783597301528943
2014-02-13,BULL,longbyungi,356652.6065475162,55593.47320314305,0.0,1.6165105115402367,0.8391608279680262,14.300000190734863,1.3986013799467103
2014-02-14,BULL,longbyungi,356601.42242656194,53932.46895313135,-0.014351253857280977,-0.014351253857280977,0.848656273595261,14.140000343322754,1.4144271226587684
2014-02-18,BULL,longbyungi,360414.6212257083,360414.6212257083,0.0,1.0693167663770708,0.8843036307935189,13.569999694824219,1.4738393846558648
2014-02-19,BULL,longbyungi,356133.4168762932,48592.30757078895,-1.1878553469488629,-1.1878553469488629,0.8651766473692581,13.869999885559082,1.4419610789487636
2014-02-20,BULL,longbyungi,358028.9881627876,80499.66695781378,-0.6619135080612404,0.5322643696625606,0.7741935483870968,15.5,1.2903225806451613
2014-02-21,BULL,longbyungi,358897.94912799646,358897.94912799646,-0.4208131436382545,0.24270687400702595,0.8113590284618587,14.789999961853027,1.3522650474364313
2014-02-24,BULL,longbyungi,353417.0611681698,65520.88509500044,-1.9415305721341203,-1.5271438505412016,0.8174386751047352,14.680000305175781,1.3623977918412253
2014-02-25,BULL,longbyungi,352057.88214019896,352057.88214019896,-2.318645968659505,-0.384582177068149,0.843288853550738,14.229999542236328,1.4054814225845633
2014-02-26,BULL,longbyungi,351065.3289376222,43009.26750202413,-2.594038015519662,-0.2819289818318804,0.8778346695703386,13.670000076293945,1.463057782617231
2014-02-27,BULL,longbyungi,349424.6559750575,349424.6559750575,-3.0492562186505645,-0.46734121182789856,0.8362369115680093,14.350000381469727,1.3937281859466821
2014-02-28,BULL,longbyungi,349424.6559750575,349424.6559750575,-3.0492562186505645,0.0,0.8547008570230946,14.039999961853027,1.4245014283718245
2014-03-03,BULL,longbyungi,348850.56616628985,49917.80799643678,-3.2085421562785266,-0.1642957355615593,0.8571428571428571,14.0,1.4285714285714286
2014-03-04,BULL,longbyungi,358997.86916351615,89445.4750776749,-0.39308950823748745,2.908782149543443,0.75,16.0,1.25
2014-03-05,BULL,longbyungi,358768.7968002122,358768.7968002122,-0.4566475188767183,-0.06380883648076097,0.8510638067620512,14.100000381469727,1.418439677936752
2014-03-06,BULL,longbyungi,358251.1687257221,48817.36014152499,-0.6002676840991206,-0.14427901174981494,0.8639308641751531,13.890000343322754,1.4398847736252551
2014-03-07,BULL,longbyungi,360891.71130176936,360891.71130176936,0.0,0.7370646090114619,0.8444757190560034,14.210000038146973,1.4074595317600056
2014-03-10,BULL,longbyungi,360891.71130176936,360891.71130176936,0.0,0.0,0.8504606868874915,14.109999656677246,1.4174344781458192
2014-03-11,BULL,longbyungi,360891.71130176936,360891.71130176936,0.0,0.0,0.8450704338862249,14.199999809265137,1.4084507231437082
2014-03-12,BULL,longbyungi,368287.5880065155,68276.81401735247,0.0,2.049334044849238,0.8108108003614941,14.800000190734863,1.3513513339358236
2014-03-13,BULL,longbyungi,371206.51273616165,371206.51273616165,0.0,0.7925666855746583,0.8293019888426039,14.470000267028809,1.3821699814043398
2014-03-14,BULL,longbyungi,365127.1751270972,96577.76172466116,-1.6377238546419037,-1.6377238546419037,0.739827404932131,16.219999313354492,1.233045674886885
2014-03-17,BULL,longbyungi,370213.24866882415,121017.27576490512,-0.2675772200267046,1.3929594640433418,0.673400684932973,17.81999969482422,1.1223344748882884
2014-03-18,BULL,longbyungi,377065.5694838225,86781.60442851711,0.0,1.8509118297730387,0.7672634102673282,15.640000343322754,1.278772350445547
2014-03-19,BULL,longbyungi,371244.6741418357,65480.41965013987,-1.543735576269989,-1.543735576269989,0.8264462549368407,14.520000457763672,1.3774104248947345
2014-03-20,BULL,longbyungi,382570.70106703043,75551.34114347264,0.0,3.0508254297185067,0.7936507996578125,15.119999885559082,1.322751332763021
2014-03-21,BULL,longbyungi,385938.2145477176,385938.2145477176,0.0,0.8802329794975972,0.8264462549368407,14.520000457763672,1.3774104248947345
2014-03-24,BULL,longbyungi,385938.2145477176,385938.2145477176,0.0,0.0,0.7999999999999999,15.0,1.3333333333333333
2014-03-25,BULL,longbyungi,385040.19901431096,79029.1007145833,-0.23268375598902713,-0.23268375598902713,0.7952286201893798,15.09000015258789,1.3253810336489664
2014-03-26,BULL,longbyungi,369423.5473614048,56337.11928208708,-4.279096125701464,-4.055849673069001,0.8559200861762395,14.020000457763672,1.4265334769603992
2014-03-27,BULL,longbyungi,357149.89799311844,71926.33669109363,-7.459307078034827,-3.3223787319326292,0.8037508208114345,14.930000305175781,1.3395847013523907
2014-03-28,BULL,longbyungi,358464.41442350653,64525.790198464994,-7.118704261097264,0.3680573444860391,0.8207934400774525,14.619999885559082,1.3679890667957542
2014-03-31,BULL,longbyungi,367576.0576182852,61060.52183549426,-4.757797035194111,2.541854317514969,0.83275504004638,14.40999984741211,1.3879250667439667
2014-04-01,BULL,longbyungi,376705.7788937476,50646.716980963014,-2.392205618919996,2.483763859544763,0.8645533069927755,13.880000114440918,1.4409221783212927
2014-04-02,BULL,longbyungi,379509.5369939379,379509.5369939379,-1.665727132337358,0.7442832728566051,0.9160305076764956,13.100000381469727,1.5267175127941595
2014-04-03,BULL,longbyungi,374368.27206109144,31601.638533989666,-2.99787428414805,-1.354712973373473,0.9167303178088658,13.09000015258789,1.5278838630147764
2014-04-04,BULL,longbyungi,383432.3869540284,383432.3869540284,-0.6492820610225936,2.4211760369099444,0.8975317952665941,13.369999885559082,1.4958863254443235
2014-04-07,BULL,longbyungi,374799.7239267008,53834.34749305609,-2.8860812951808867,-2.2514172826935908,0.8595988515192626,13.960000038146973,1.4326647525321043
2014-04-08,BULL,longbyungi,380934.7798877896,86497.23809074378,-1.2964341107789767,1.636889135566344,0.7707129245473936,15.569999694824219,1.2845215409123227
2014-04-09,BULL,longbyungi,386742.3964294977,386742.3964294977,0.0,1.5245697815827741,0.8059099881338324,14.890000343322754,1.3431833135563873
2014-04-10,BULL,longbyungi,386742.3964294977,386742.3964294977,0.0,0.0,0.8683068209107245,13.819999694824219,1.4471780348512076
2014-04-11,NEUTRAL,longbyungi,376977.41000225703,94677.66031360702,-2.524933008998609,-2.524933008998609,0.7551919283024183,15.890000343322754,1.2586532138373638
2014-04-14,NEUTRAL,longbyungi,379132.4919472831,113206.80823079456,-1.967693367076151,0.5716740281634269,0.7046388441669349,17.030000686645508,1.1743980736115582
2014-04-15,NEUTRAL,longbyungi,380064.88458437007,97401.30987390585,-1.7266045581700085,0.2459279162010164,0.7448789289486022,16.110000610351562,1.2414648815810037
2014-04-16,NEUTRAL,longbyungi,385505.96208110475,385505.96208110475,-0.31970488878592107,1.4316180519241994,0.7687380053763773,15.609999656677246,1.2812300089606288
2014-04-17,NEUTRAL,longbyungi,399709.12032616115,59266.79103646701,0.0,3.6842901646403803,0.846262323112922,14.180000305175781,1.4104372051882035
2014-04-21,NEUTRAL,longbyungi,403069.5521840789,40793.59404929273,0.0,0.8407193348942466,0.898203615896238,13.359999656677246,1.49700602649373
2014-04-22,BULL,longbyungi,407310.73800978967,38207.22433975857,0.0,1.052221831872302,0.9056603773584906,13.25,1.509433962264151
2014-04-23,BULL,longbyungi,408144.98459452734,408144.98459452734,0.0,0.2048182154033018,0.9097801654100796,13.1899995803833,1.516300275683466
2014-04-24,BULL,longbyungi,408144.98459452734,408144.98459452734,0.0,0.0,0.9042953719703413,13.270000457763672,1.5071589532839023
2014-04-25,BULL,longbyungi,408144.98459452734,408144.98459452734,0.0,0.0,0.9009009215415272,13.319999694824219,1.5015015359025454
2014-04-28,NEUTRAL,longbyungi,394127.6569743593,59799.34668821999,-3.4343990859261875,-3.4343990859261875,0.8534850385393616,14.0600004196167,1.4224750642322694
2014-04-29,NEUTRAL,longbyungi,394576.7845394607,56204.03015327238,-3.324357903980124,0.11395484614027396,0.8589835197298964,13.970000267028809,1.4316391995498274
2014-04-30,NEUTRAL,longbyungi,395848.05445816176,48726.58938796155,-3.01288282363239,0.32218568565427486,0.8752735205405517,13.710000038146973,1.4587892009009196
2014-05-01,NEUTRAL,longbyungi,386566.0283091291,41647.16315002693,-5.2870810863536395,-2.3448457165560432,0.8948545963120041,13.40999984741211,1.4914243271866736
2014-05-02,NEUTRAL,longbyungi,382934.6327593826,36131.307110651396,-6.176812845119251,-0.93939852025553,0.9056603773584906,13.25,1.509433962264151
2014-05-05,NEUTRAL,longbyungi,378862.46387772507,26708.19240010495,-7.174538907024197,-1.0634109671183167,0.9295120171829805,12.90999984741211,1.5491866953049676
2014-05-06,NEUTRAL,longbyungi,380115.3466317815,380115.3466317815,-6.867568883785735,0.33069593150847343,0.9029345398377893,13.289999961853027,1.5048908997296488
2014-05-07,NEUTRAL,longbyungi,380115.3466317815,380115.3466317815,-6.867568883785735,0.0,0.8695652053727246,13.800000190734863,1.4492753422878744
2014-05-08,NEUTRAL,longbyungi,384776.2576069672,39713.53398742585,-5.725594548411728,1.2261833194808336,0.8955224135533352,13.399999618530273,1.4925373559222253
2014-05-09,NEUTRAL,longbyungi,383425.26640843065,383425.26640843065,-6.056602217139718,-0.3511108525611095,0.8935219454444334,13.430000305175781,1.489203242407389
2014-05-12,NEUTRAL,longbyungi,394613.2027362138,27302.730051528662,-3.3154350461409465,2.917892300781655,0.9287925641748258,12.920000076293945,1.5479876069580432
2014-05-13,BULL,longbyungi,397117.65816513833,397117.65816513833,-2.7018159834413136,0.6346608302912449,0.9811938224983554,12.229999542236328,1.6353230374972592
2014-05-14,NEUTRAL,longbyungi,397117.65816513833,397117.65816513833,-2.7018159834413136,0.0,0.9892827606583324,12.130000114440918,1.6488046010972208
2014-05-15,NEUTRAL,longbyungi,397117.65816513833,397117.65816513833,-2.7018159834413136,0.0,0.9860312181406563,12.170000076293945,1.6433853635677607
2014-05-16,NEUTRAL,longbyungi,402635.30967516673,35279.2473545401,-1.3499308155983325,1.3894248710879298,0.91116172592892,13.170000076293945,1.5186028765482
2014-05-19,NEUTRAL,longbyungi,408594.7844447331,14182.082774129405,0.0,1.4801172739604684,0.9646302576185664,12.4399995803833,1.607717096030944
2014-05-20,NEUTRAL,longbyungi,408623.97434296075,408623.97434296075,0.0,0.007143972301881796,0.9661835689441258,12.420000076293945,1.6103059482402098
2014-05-21,NEUTRAL,longbyungi,408623.97434296075,408623.97434296075,0.0,0.0,0.9259259232005191,12.960000038146973,1.5432098720008653
2014-05-22,NEUTRAL,longbyungi,405381.22708189895,0.0,-0.7935773387442335,-0.7935773387442335,1.0075566879715323,11.90999984741211,1.6792611466192204
2014-05-23,BULL,longbyungi,409411.01727578865,1009.1374465605477,0.0,0.9940742009435954,0.99750625655552,12.029999732971191,1.6625104275925335
2014-05-27,BULL,longbyungi,420508.22708863486,420508.22708863486,0.0,2.7105303337186193,1.0563380600937404,11.359999656677246,1.7605634334895675
2014-05-28,BULL,longbyungi,420508.22708863486,420508.22708863486,0.0,0.0,1.0425716560707459,11.510000228881836,1.7376194267845766
2014-05-29,BULL,longbyungi,415524.18698284624,0.0,-1.1852419964040517,-1.1852419964040517,1.0273972334300725,11.680000305175781,1.7123287223834542
2014-05-30,BULL,longbyungi,414775.82774730795,414775.82774730795,-1.3632074171330388,-0.1801000420630583,1.0371651094656587,11.569999694824219,1.728608515776098
2014-06-02,BULL,longbyungi,414775.82774730795,414775.82774730795,-1.3632074171330388,0.0,1.0526316141707976,11.399999618530273,1.7543860236179962
2014-06-03,BULL,longbyungi,419463.276296198,0.0,-0.24849711019246934,1.1301161339001053,1.0362694368791954,11.579999923706055,1.7271157281319924
2014-06-04,BULL,longbyungi,418177.4413770504,-5.820766091346741e-11,-0.5542782664970658,-0.30654290656891847,1.01095198952774,11.869999885559082,1.6849199825462333
2014-06-05,BULL,longbyungi,417006.16883550026,2783.8179247861262,-0.8328156329736713,-0.28008984360639033,0.9933774897176065,12.079999923706055,1.6556291495293443
2014-06-06,BULL,longbyungi,419577.5882624121,419577.5882624121,-0.22131287006343925,0.6166382224254807,1.0273972334300725,11.680000305175781,1.7123287223834542
2014-06-09,BULL,longbyungi,413859.9411898567,5.820766091346741e-11,-1.5810120873989142,-1.3627150811924449,1.1183597867609023,10.729999542236328,1.8639329779348373
2014-06-10,BULL,longbyungi,414301.9047409448,414301.9047409448,-1.4759098509580126,0.1067906088754178,1.0762332206771652,11.149999618530273,1.793722034461942
2014-06-11,BULL,longbyungi,417571.6492850459,-5.820766091346741e-11,-0.6983401547028367,0.7892178401027738,1.0919017515847569,10.989999771118164,1.8198362526412615
2014-06-12,BULL,longbyungi,417099.5552968598,417099.5552968598,-0.8106076343320945,-0.11305700207243641,1.0344827246013928,11.600000381469727,1.7241378743356548
2014-06-13,BULL,longbyungi,417099.5552968598,417099.5552968598,-0.8106076343320945,0.0,0.9554139808194537,12.5600004196167,1.5923566346990896
2014-06-16,BULL,longbyungi,417030.5607530781,6164.043133087107,-0.8270150526267228,-0.01654150499695861,0.9852216501916431,12.180000305175781,1.6420360836527386
2014-06-17,BULL,longbyungi,419313.7369846306,21481.003954697168,-0.284058676396004,0.5474841525833218,0.9486166293967214,12.649999618530273,1.5810277156612025
2014-06-18,BULL,longbyungi,420029.3578529406,420029.3578529406,-0.11387868413649249,0.17066478037572885,0.9950248410009088,12.0600004196167,1.6583747350015148
2014-06-19,BULL,longbyungi,420029.3578529406,420029.3578529406,-0.11387868413649249,0.0,1.131008519161259,10.609999656677246,1.8850141986020985
2014-06-20,BULL,longbyungi,420029.3578529406,420029.3578529406,-0.11387868413649249,0.0,1.1299435150011086,10.619999885559082,1.8832391916685143
2014-06-23,BULL,longbyungi,420029.3578529406,420029.3578529406,-0.11387868413649249,0.0,1.1059907445251624,10.850000381469727,1.8433179075419375
2014-06-24,BULL,longbyungi,406555.782603037,-5.820766091346741e-11,-3.3179956031292868,-3.207769885128109,1.092896220426975,10.979999542236328,1.8214937007116252
2014-06-25,BULL,longbyungi,404169.15234538034,4319.216036889353,-3.885554120160073,-0.5870363575635085,0.9892827606583324,12.130000114440918,1.6488046010972208
2014-06-26,BULL,longbyungi,401335.57322054065,401335.57322054065,-4.559400419067893,-0.7010874304475001,1.0353753099235776,11.59000015258789,1.7256255165392962
2014-06-27,BULL,longbyungi,401335.57322054065,401335.57322054065,-4.559400419067893,0.0,1.0318142632775777,11.630000114440918,1.7196904387959628
2014-06-30,BULL,longbyungi,407055.6806424936,5.820766091346741e-11,-3.199116112252831,1.4252679811190383,1.065719338905524,11.260000228881836,1.7761988981758734
2014-07-01,BULL,longbyungi,416857.42463046906,0.0,-0.8681881168989047,2.407961479005638,1.0371651094656587,11.569999694824219,1.728608515776098
2014-07-02,BULL,longbyungi,420005.27611942496,420005.27611942496,-0.11960550039461504,0.7551386404467619,1.0762332206771652,11.149999618530273,1.793722034461942
2014-07-03,BULL,longbyungi,420818.5130876486,0.0,0.0,0.19362541721794635,1.1090573325746245,10.819999694824219,1.8484288876243742
2014-07-07,BULL,longbyungi,420460.890994764,420460.890994764,-0.08498249999997487,-0.08498249999997487,1.1627907320596482,10.319999694824219,1.9379845534327471
2014-07-08,BULL,longbyungi,420460.890994764,420460.890994764,-0.08498249999997487,0.0,1.0591350468495668,11.329999923706055,1.7652250780826113
2014-07-09,BULL,longbyungi,420460.890994764,420460.890994764,-0.08498249999997487,0.0,1.0016694873562524,11.979999542236328,1.669449145593754
2014-07-10,BULL,longbyungi,426581.18224868696,5.820766091346741e-11,0.0,1.4556148704920169,1.03004295218285,11.649999618530273,1.7167382536380835
2014-07-11,BULL,longbyungi,428477.0208331254,428477.0208331254,0.0,0.44442621084330725,0.9531373990915627,12.59000015258789,1.5885623318192712
2014-07-14,BULL,longbyungi,428477.0208331254,428477.0208331254,0.0,0.0,0.9933774897176065,12.079999923706055,1.6556291495293443
2014-07-15,BULL,longbyungi,428477.0208331254,428477.0208331254,0.0,0.0,1.0152284526077104,11.819999694824219,1.6920474210128507
2014-07-16,BULL,longbyungi,428477.0208331254,428477.0208331254,0.0,0.0,1.0033444784051375,11.960000038146973,1.672240797341896
2014-07-17,BULL,longbyungi,428477.0208331254,428477.0208331254,0.0,0.0,1.0909090909090908,11.0,1.8181818181818181
2014-07-18,BULL,longbyungi,431993.49883987976,74850.86791102967,0.0,0.8206923208896821,0.8253094932244195,14.539999961853027,1.375515822040699
2014-07-21,BULL,longbyungi,431659.61374062364,431659.61374062364,-0.0772893805468744,-0.0772893805468744,0.9950248410009088,12.0600004196167,1.6583747350015148
2014-07-22,BULL,longbyungi,431659.61374062364,431659.61374062364,-0.0772893805468744,0.0,0.9367681191972251,12.8100004196167,1.561280198662042
2014-07-23,BULL,longbyungi,431659.61374062364,431659.61374062364,-0.0772893805468744,0.0,0.980392175195585,12.239999771118164,1.6339869586593083
2014-07-24,BULL,longbyungi,431659.61374062364,431659.61374062364,-0.0772893805468744,0.0,1.041666625274554,11.520000457763672,1.7361110421242565
2014-07-25,BULL,longbyungi,431659.61374062364,431659.61374062364,-0.0772893805468744,0.0,1.0135135004518676,11.84000015258789,1.6891891674197794
2014-07-28,BULL,longbyungi,431659.61374062364,431659.61374062364,-0.0772893805468744,0.0,0.9456265088101398,12.6899995803833,1.576044181350233
2014-07-29,BULL,longbyungi,420757.6343218368,19245.983817706583,-2.6009337057656845,-2.525596342987424,0.9554139808194537,12.5600004196167,1.5923566346990896
2014-07-30,BEAR,yangbyungi,426258.5708611687,224292.3563476053,-1.3275496029714007,1.3073884085782694,0.9036144760008356,13.279999732971191,1.5060241266680594
2014-07-31,BULL,longbyungi,419898.92255221,419898.92255221,-2.7997125697839853,-1.4919696033584229,0.9002250614164832,13.329999923706055,1.5003751023608054
2014-08-01,BEAR,yangbyungi,420957.5354266418,211807.43047684984,-2.5546596054975557,0.25211135765659254,0.7079645699035928,16.950000762939453,1.1799409498393214
2014-08-04,BULL,longbyungi,422531.0406917451,422531.0406917451,-2.190416794129102,0.3737919226243447,0.7046388441669349,17.030000686645508,1.1743980736115582
2014-08-05,BULL,longbyungi,412216.64407748566,87188.94236649392,-4.578044534351767,-2.441097959897398,0.7936507996578125,15.119999885559082,1.322751332763021
2014-08-06,BULL,longbyungi,409472.69217525725,117501.71256303182,-5.213228144660098,-0.6656577170408018,0.7113218377614082,16.8700008392334,1.1855363962690137
2014-08-07,BEAR,yangbyungi,415406.20632092695,415406.20632092695,-3.839708829762034,1.4490622351758908,0.7330482214295326,16.3700008392334,1.2217470357158877
2014-08-08,BULL,longbyungi,417598.8193499329,116194.05016802932,-3.3321518792768456,0.5278238494376364,0.7202881218431719,16.65999984741211,1.2004802030719532
2014-08-11,BULL,longbyungi,421574.4446138289,100819.43036522437,-2.4118544038350676,0.9520202356138707,0.7609384687171853,15.770000457763672,1.2682307811953089
2014-08-12,BULL,longbyungi,419450.6023282987,419450.6023282987,-2.9034919611672594,-0.5037881951017509,0.843288853550738,14.229999542236328,1.4054814225845633
2014-08-13,BULL,longbyungi,420767.1930397393,63229.286887867725,-2.598721006285687,0.3138845680832114,0.8492568933340595,14.130000114440918,1.4154281555567658
2014-08-14,BULL,longbyungi,420775.76975958986,420775.76975958986,-2.5967356245904516,0.0020383527975731397,0.9302325856477186,12.899999618530273,1.5503876427461978
2014-08-15,BULL,longbyungi,418256.10712021624,14229.13480805757,-3.1799996427157695,-0.5988136248466058,0.9661835689441258,12.420000076293945,1.6103059482402098
2014-08-18,BULL,longbyungi,422950.347383668,422950.347383668,-2.0933535991854435,1.122336334972518,0.9125475549892978,13.149999618530273,1.5209125916488297
2014-08-19,BULL,longbyungi,423815.8830134192,10985.713103989023,-1.8929951141444357,0.20464237353281511,0.9740259981533397,12.319999694824219,1.6233766635888995
2014-08-20,BULL,longbyungi,427031.9954481332,7283.183971750783,-1.1485134394546903,0.7588466038239927,0.9828009797304764,12.210000038146973,1.6380016328841274
2014-08-21,BULL,longbyungi,428085.42707315524,428085.42707315524,-0.9046598565070174,0.24668681416166738,1.0186757446532912,11.779999732971191,1.6977929077554854
2014-08-22,BULL,longbyungi,428085.42707315524,428085.42707315524,-0.9046598565070174,0.0,1.0204081434053665,11.760000228881836,1.7006802390089442
2014-08-25,BULL,longbyungi,428085.42707315524,428085.42707315524,-0.9046598565070174,0.0,1.0462074734640334,11.470000267028809,1.7436791224400559
2014-08-26,BULL,longbyungi,428085.42707315524,428085.42707315524,-0.9046598565070174,0.0,1.0256410423611542,11.699999809265137,1.7094017372685903
2014-08-27,BULL,longbyungi,428085.42707315524,428085.42707315524,-0.9046598565070174,0.0,1.0318142632775777,11.630000114440918,1.7196904387959628
2014-08-28,BULL,longbyungi,434526.5251203833,0.0,0.0,1.5046291323828065,1.0186757446532912,11.779999732971191,1.6977929077554854
2014-08-29,BULL,longbyungi,436467.10731231875,436467.10731231875,0.0,0.446596946273381,0.9958506066436987,12.050000190734863,1.6597510110728313
2014-09-02,BULL,longbyungi,436467.10731231875,436467.10731231875,0.0,0.0,0.9925558187384615,12.09000015258789,1.654259697897436
2014-09-03,BULL,longbyungi,436467.10731231875,436467.10731231875,0.0,0.0,0.9795918367346939,12.25,1.6326530612244898
2014-09-04,BULL,longbyungi,430699.13759438106,12712.622422967514,-1.3215130353019577,-1.3215130353019577,0.9708738133756529,12.359999656677246,1.618123022292755
2014-09-05,BULL,longbyungi,434061.8094209402,21760.93773375766,-0.5510834266962195,0.7807472857598308,0.9493670628212567,12.640000343322754,1.582278438035428
2014-09-08,BULL,longbyungi,429613.36356514407,3228.6264690986136,-1.5702772631318584,-1.0248415684693701,0.9925558187384615,12.09000015258789,1.654259697897436
2014-09-09,BULL,longbyungi,429285.81571335776,429285.81571335776,-1.6453225176994435,-0.07624247278253948,0.9478673100026125,12.65999984741211,1.5797788500043541
2014-09-10,BULL,longbyungi,429285.81571335776,429285.81571335776,-1.6453225176994435,0.0,0.8888888888888888,13.5,1.4814814814814814
2014-09-11,BULL,longbyungi,429644.0870122433,29330.090341541567,-1.5632381422944652,0.08345752078720015,0.9316770103554369,12.880000114440918,1.5527950172590617
2014-09-12,BULL,longbyungi,426356.644472833,426356.644472833,-2.31643179293487,-0.7651548429936983,0.9374999860301616,12.800000190734863,1.562499976716936
2014-09-15,BULL,longbyungi,426356.644472833,426356.644472833,-2.31643179293487,0.0,0.9015777326583717,13.3100004196167,1.5026295544306196
2014-09-16,BULL,longbyungi,440638.5414887918,64013.884193737176,0.0,3.349753592703486,0.8498583638285107,14.119999885559082,1.4164306063808512
2014-09-17,BULL,longbyungi,443346.7445545861,25331.5851213212,0.0,0.6146087577006076,0.942655179223354,12.729999542236328,1.5710919653722566
2014-09-18,BULL,longbyungi,454171.5464723064,23070.523229585204,0.0,2.4416107822322175,0.9486166293967214,12.649999618530273,1.5810277156612025
2014-09-19,BULL,longbyungi,457376.81500460143,457376.81500460143,0.0,0.7057396169335872,0.99750625655552,12.029999732971191,1.6625104275925335
2014-09-22,BULL,longbyungi,457376.81500460143,457376.81500460143,0.0,0.0,0.9909166259458484,12.109999656677246,1.6515277099097474
2014-09-23,BULL,longbyungi,454348.1705287282,56462.136532306904,-0.6621770882380029,-0.6621770882380029,0.8765522547710711,13.6899995803833,1.460920424618452
2014-09-24,BULL,longbyungi,461438.41524833546,89664.67304971564,0.0,1.5605311475902495,0.8037508208114345,14.930000305175781,1.3395847013523907
2014-09-25,BULL,longbyungi,460276.89194387593,460276.89194387593,-0.2517179467674824,-0.2517179467674824,0.9042953719703413,13.270000457763672,1.5071589532839023
2014-09-26,BULL,longbyungi,461508.68646264146,107123.27416377113,0.0,0.2676203260092658,0.7672634102673282,15.640000343322754,1.278772350445547
2014-09-29,BULL,longbyungi,457567.6293966536,86407.25083932286,-0.8539507882712072,-0.8539507882712072,0.8080807873226695,14.850000381469727,1.3468013122044493
2014-09-30,BULL,longbyungi,457856.6744790972,457856.6744790972,-0.7913203132829616,0.06316991497512525,0.7509386948530948,15.979999542236328,1.2515644914218247
2014-10-01,BULL,longbyungi,457856.6744790972,457856.6744790972,-0.7913203132829616,0.0,0.7357449658448928,16.309999465942383,1.226241609741488
2014-10-02,BULL,longbyungi,457856.6744790972,457856.6744790972,-0.7913203132829616,0.0,0.7181328939240156,16.709999084472656,1.196888156540026
2014-10-03,BEAR,yangbyungi,457856.6744790972,457856.6744790972,-0.7913203132829616,0.0,0.7425742644373664,16.15999984741211,1.2376237740622773
2014-10-06,BULL,longbyungi,457856.6744790972,457856.6744790972,-0.7913203132829616,0.0,0.8247422572297525,14.550000190734863,1.3745704287162541
2014-10-07,BEAR,yangbyungi,457856.6744790972,457856.6744790972,-0.7913203132829616,0.0,0.7761966345660057,15.460000038146973,1.2936610576100096
2014-10-08,BEAR,yangbyungi,468157.4846665242,234252.2619774816,0.0,2.2497892378976925,0.6976743876579468,17.200000762939453,1.162790646096578
2014-10-09,BULL,longbyungi,467325.2044338876,467325.2044338876,-0.17777783329245844,-0.17777783329245844,0.7941760604009737,15.109999656677246,1.3236267673349562
2014-10-10,BEAR,yangbyungi,467325.2044338876,467325.2044338876,-0.17777783329245844,0.0,0.6396588408098993,18.760000228881836,1.0660980680164989
2014-10-13,BEAR,yangbyungi,456625.0817019696,259947.20297106687,-2.4633597330542156,-2.2896523941780544,0.5649717575005543,21.239999771118164,0.9416195958342571
2014-10-14,BEAR,yangbyungi,454646.0456007751,372401.50051540165,-2.886088444228019,-0.4334050363195341,0.48701299907666984,24.639999389648438,0.8116883317944498
2014-10-15,BEAR,yangbyungi,450170.9846831268,450170.9846831268,-3.8419763802792772,-0.9842955769547967,0.5265467098697714,22.790000915527344,0.8775778497829523
2014-10-16,BEAR,yangbyungi,458024.7050825874,343284.3262276487,-2.1643955112999214,1.7446083081051444,0.4748713803965624,25.270000457763672,0.7914523006609374
2014-10-17,BEAR,yangbyungi,459370.2462266742,380303.5265138943,-1.8769834356294313,0.2937704296636534,0.4761904617736313,25.200000762939453,0.7936507696227189
2014-10-20,NEUTRAL,longbyungi,468030.6271175401,208464.2701311685,-0.027097195524805606,1.8852724925054298,0.5457025977672311,21.989999771118164,0.9095043296120519
2014-10-21,NEUTRAL,longbyungi,493576.9169677698,168955.42637206404,0.0,5.458251740396047,0.6462035647391319,18.56999969482422,1.0770059412318864
2014-10-22,NEUTRAL,longbyungi,499504.59334167285,499504.59334167285,0.0,1.2009630455003917,0.7462686602572003,16.079999923706055,1.2437811004286672
2014-10-23,NEUTRAL,longbyungi,496791.3134360922,164079.02878656727,-0.5431941851482991,-0.5431941851482991,0.6715164765775571,17.8700008392334,1.1191941276292618
2014-10-24,BULL,longbyungi,502356.292243909,135988.8736383302,0.0,1.1201844028483787,0.7259527829115416,16.530000686645508,1.2099213048525694
2014-10-27,BULL,longbyungi,500126.79593634134,126545.10280222248,-0.4438077798546103,-0.4438077798546103,0.7448789289486022,16.110000610351562,1.2414648815810037
2014-10-28,BULL,longbyungi,509975.20565286285,127014.28690853424,0.0,1.969182574607542,0.7481296331089068,16.040000915527344,1.246882721848178
2014-10-29,BULL,longbyungi,505699.80480828846,84371.93807373487,-0.838354648850248,-0.838354648850248,0.8339124192980467,14.390000343322754,1.3898540321634112
2014-10-30,BULL,longbyungi,501931.3576809147,501931.3576809147,-1.5773017752207297,-0.7451944990966353,0.7920792278649668,15.149999618530273,1.3201320464416113
2014-10-31,BULL,longbyungi,509798.4177337894,87112.06689015887,-0.034665983191695116,1.5673577537022476,0.8264462549368407,14.520000457763672,1.3774104248947345
2014-11-03,BULL,longbyungi,510381.36787945445,74755.89427997702,0.0,0.11434914769967719,0.8553100661719478,14.029999732971191,1.4255167769532464
2014-11-04,BULL,longbyungi,499921.88616698084,93799.55020512675,-2.049346306651223,-2.049346306651223,0.8146639764374455,14.729999542236328,1.3577732940624092
2014-11-05,BULL,longbyungi,508265.920764643,508265.920764643,-0.41448360930587125,1.6690676740796162,0.8059099881338324,14.890000343322754,1.3431833135563873
2014-11-06,BULL,longbyungi,508265.920764643,508265.920764643,-0.41448360930587125,0.0,0.8468595578962416,14.170000076293945,1.411432596493736
2014-11-07,BULL,longbyungi,508265.920764643,508265.920764643,-0.41448360930587125,0.0,0.8778346695703386,13.670000076293945,1.463057782617231
2014-11-10,BULL,longbyungi,507140.5753032597,43388.55015666218,-0.6349747032615372,-0.22140879712932993,0.9146341543194795,13.119999885559082,1.5243902571991326
2014-11-11,BULL,longbyungi,510081.9534910045,510081.9534910045,-0.058664835218025235,0.5799926748093265,0.9471191734601847,12.670000076293945,1.5785319557669746
2014-11-12,BULL,longbyungi,508132.6902836217,36321.627968790184,-0.44058771290488297,-0.3821470636320323,0.9287925641748258,12.920000076293945,1.5479876069580432
2014-11-13,BULL,longbyungi,501253.11133207,40065.05811133265,-1.7885168076003155,-1.3538941861252374,0.9216589537709687,13.020000457763672,1.536098256284948
2014-11-14,BULL,longbyungi,504387.091293048,64465.502453011286,-1.1744701048378103,0.6252290290327478,0.8701957964608654,13.789999961853027,1.4503263274347757
2014-11-17,BULL,longbyungi,498677.8978005446,498677.8978005446,-2.2930833324765976,-1.1319071385961221,0.9015777326583717,13.3100004196167,1.5026295544306196
2014-11-18,BULL,longbyungi,514387.6937090132,70934.16145248839,0.0,3.1502891902283725,0.8577555537044078,13.989999771118164,1.4295925895073465
2014-11-19,BULL,longbyungi,515025.9526416327,515025.9526416327,0.0,0.12408129907177656,0.865800887247413,13.859999656677246,1.4430014787456884
2014-11-20,BULL,longbyungi,530319.3679652045,72310.23524827108,0.0,2.969445567767992,0.8595988515192626,13.960000038146973,1.4326647525321043
2014-11-21,BULL,longbyungi,545107.1538173645,545107.1538173645,0.0,2.7884679959737424,0.8836524350086399,13.579999923706055,1.4727540583477332
2014-11-24,BULL,longbyungi,548975.414557192,38030.716666768945,0.0,0.7096330900701275,0.9302325856477186,12.899999618530273,1.5503876427461978
2014-11-25,BULL,longbyungi,551981.1239741684,551981.1239741684,0.0,0.5475125729265784,0.9508716409523473,12.619999885559082,1.5847860682539123
2014-11-26,BULL,longbyungi,574949.2299967228,11264.92089743202,0.0,4.161031061567466,0.9795918367346939,12.25,1.6326530612244898
2014-11-28,BULL,longbyungi,579253.4478001937,579253.4478001937,0.0,0.748625718395246,0.9942005222374417,12.069999694824219,1.6570008703957362
2014-12-01,BULL,longbyungi,579253.4478001937,579253.4478001937,0.0,0.0,0.9002250614164832,13.329999923706055,1.5003751023608054
2014-12-02,BULL,longbyungi,579253.4478001937,579253.4478001937,0.0,0.0,0.8474576362508314,14.15999984741211,1.4124293937513857
2014-12-03,BULL,longbyungi,598744.3935604469,38316.391982978676,0.0,3.364838972348494,0.933852112355151,12.850000381469727,1.556420187258585
2014-12-04,BULL,longbyungi,605852.4037771253,605852.4037771253,0.0,1.1871526970650192,0.96,12.5,1.6
2014-12-05,BULL,longbyungi,610052.6480969264,18596.44431675435,0.0,0.6932784773346023,0.9693053222190475,12.380000114440918,1.6155088703650793
2014-12-08,BULL,longbyungi,608537.8680547581,608537.8680547581,-0.24830316643879025,-0.24830316643879025,1.0092514426830121,11.890000343322754,1.6820857378050205
2014-12-09,BULL,longbyungi,608537.8680547581,608537.8680547581,-0.24830316643879025,0.0,0.8444757190560034,14.210000038146973,1.4074595317600056
2014-12-10,BULL,longbyungi,608537.8680547581,608537.8680547581,-0.24830316643879025,0.0,0.7817589382268815,15.350000381469727,1.3029315637114691
2014-12-11,BULL,longbyungi,601282.0858007583,214449.67884492478,-1.4376730145386651,-1.1923304423426373,0.6475984649395262,18.530000686645508,1.0793307748992105
2014-12-12,BULL,longbyungi,577028.4201936892,237876.7087928488,-5.413340636460983,-4.033658440824706,0.5976095640236051,20.079999923706055,0.9960159400393419
2014-12-15,BULL,longbyungi,562771.6410027284,251038.525709947,-7.750315852523915,-2.4707239179268314,0.5692599641096342,21.079999923706055,0.9487666068493903
2014-12-16,BULL,longbyungi,551996.0478404036,230359.72599830467,-9.51665408512391,-1.9147363472553747,0.5876591554929071,20.420000076293945,0.979431925821512
2014-12-17,NEUTRAL,longbyungi,565270.914874708,271271.6824000321,-7.340634183281725,2.4048844346332254,0.5091217715473751,23.56999969482422,0.848536285912292
2014-12-18,BULL,longbyungi,578854.9330604081,578854.9330604081,-5.113938138591855,2.403098731642861,0.6172839336591982,19.440000534057617,1.0288065560986637
2014-12-19,BULL,longbyungi,578854.9330604081,578854.9330604081,-5.113938138591855,0.0,0.7138608198240813,16.809999465942383,1.1897680330401357
2014-12-22,BULL,longbyungi,584670.8726781646,157614.22395554197,-4.160587696478457,1.004731805084158,0.7277137760194339,16.489999771118164,1.2128562933657232
2014-12-23,BULL,longbyungi,593603.0510700739,593603.0510700739,-2.696422526509379,1.527727617247998,0.7868852459016392,15.25,1.3114754098360655
2014-12-24,BULL,longbyungi,593603.0510700739,593603.0510700739,-2.696422526509379,0.0,0.8108108003614941,14.800000190734863,1.3513513339358236
2014-12-26,BULL,longbyungi,593603.0510700739,593603.0510700739,-2.696422526509379,0.0,0.8350730755439478,14.369999885559082,1.391788459239913
2014-12-29,BULL,longbyungi,593603.0510700739,593603.0510700739,-2.696422526509379,0.0,0.8275862068965517,14.5,1.3793103448275863
2014-12-30,BULL,longbyungi,587745.9851825503,120612.58530870668,-3.6565143982183024,-0.9866974027450182,0.7968127268023953,15.0600004196167,1.3280212113373255
2014-12-31,BULL,longbyungi,572019.0919540003,144949.59558191005,-6.2344711168081375,-2.6757976447368326,0.753768840608794,15.920000076293945,1.2562814010146568
2015-01-02,BULL,longbyungi,567397.368165603,217231.48111059202,-6.992065367536315,-0.807966701357743,0.6249999751647323,19.200000762939453,1.041666625274554
2015-01-05,BULL,longbyungi,540532.0604968426,181445.6116130589,-11.395834083657352,-4.734831209319146,0.674536221610098,17.790000915527344,1.12422703601683
2015-01-06,NEUTRAL,longbyungi,539803.8393561151,539803.8393561151,-11.515204295883985,-0.1347230245802966,0.6024096362469775,19.920000076293945,1.0040160604116293
2015-01-07,NEUTRAL,longbyungi,538794.1936021976,233097.12463666138,-11.680705709092686,-0.18703937992027297,0.568181795604302,21.1200008392334,0.9469696593405035
2015-01-08,NEUTRAL,longbyungi,561604.2938703476,208478.43799722212,-7.941667719616429,4.233546043926206,0.6214396857526979,19.309999465942383,1.03573280958783
2015-01-09,BULL,longbyungi,565624.2816862729,565624.2816862729,-7.282710197103281,0.7158043234002598,0.7054673626414659,17.010000228881836,1.1757789377357766
2015-01-12,BULL,longbyungi,565624.2816862729,565624.2816862729,-7.282710197103281,0.0,0.6837607134853575,17.549999237060547,1.1396011891422626
2015-01-13,NEUTRAL,longbyungi,537538.109440571,537538.109440571,-11.88660337473596,-4.965517421205767,0.6122448860432198,19.600000381469727,1.0204081434053665
2015-01-14,NEUTRAL,longbyungi,537938.5462871256,223799.90511950437,-11.820963655311145,0.07449459666613034,0.5836576027094742,20.559999465942383,0.972762671182457
2015-01-15,NEUTRAL,longbyungi,526172.1867745551,239980.29775653972,-13.74970858401129,-2.1873055191494184,0.55865922978277,21.479999542236328,0.9310987163046167
2015-01-16,BEAR,yangbyungi,527913.8915406506,355011.38061297627,-13.464207853618792,0.33101422117580714,0.5359535653023714,22.389999389648438,0.893255942170619
2015-01-20,NEUTRAL,longbyungi,531382.3026305602,226070.8729260348,-12.895664941670226,0.6570031865968717,0.5727923419090274,20.950000762939453,0.9546539031817123
2015-01-21,NEUTRAL,longbyungi,536624.5503449275,209696.3694657382,-12.036354236156432,0.9865303545895321,0.6033182688907113,19.889999389648438,1.0055304481511855
2015-01-22,NEUTRAL,longbyungi,537290.520833788,195256.3131578738,-11.927188168123127,0.12410361926833424,0.6366047616527615,18.850000381469727,1.0610079360879359
2015-01-23,BULL,longbyungi,528024.9123495019,143045.3574830232,-13.446009291708183,-1.7245062261488253,0.7317073340929389,16.399999618530273,1.2195122234882314
2015-01-26,BULL,longbyungi,527283.5042408634,527283.5042408634,-13.567541115387883,-0.1404115774271908,0.7202881218431719,16.65999984741211,1.2004802030719532
2015-01-27,BULL,longbyungi,527283.5042408634,527283.5042408634,-13.567541115387883,0.0,0.7731958534831848,15.520000457763672,1.288659755805308
2015-01-28,BULL,longbyungi,504449.5142582218,159838.53889854078,-17.31049511351784,-4.33049579571354,0.6968641392856347,17.219999313354492,1.1614402321427246
2015-01-29,BEAR,yangbyungi,499451.10187550384,293925.4904237086,-18.129836263549826,-0.9908647429402229,0.5870841333886129,20.440000534057617,0.9784735556476881
2015-01-30,BEAR,yangbyungi,482514.0619465859,325131.7343396816,-20.906160566338027,-3.391130756407812,0.6396588408098993,18.760000228881836,1.0660980680164989
2015-02-02,BEAR,yangbyungi,477422.97203394235,399215.52160755754,-21.740693442889793,-1.0551174181545608,0.5722460845460278,20.969999313354492,0.9537434742433797
2015-02-03,BEAR,yangbyungi,480126.8610282518,299750.68184682593,-21.297471205801845,0.5663508361967162,0.6176016372374131,19.43000030517578,1.0293360620623553
2015-02-04,NEUTRAL,longbyungi,479772.8715482716,147229.76923752774,-21.355497259960366,-0.07372832239006533,0.6924408570588024,17.329999923706055,1.154068095098004
2015-02-05,NEUTRAL,longbyungi,483130.34085594537,166151.58485883783,-20.80513995585761,0.6998039086367758,0.6546644871765922,18.329999923706055,1.0911074786276538
2015-02-06,NEUTRAL,longbyungi,472228.19326942135,139551.15151073778,-22.5922230249228,-2.256564463993105,0.7121661559839865,16.850000381469727,1.1869435933066441
2015-02-09,BULL,longbyungi,466281.4679365933,466281.4679365933,-23.567011897879752,-1.2592906178804264,0.6940427625555161,17.290000915527344,1.1567379375925269
2015-02-10,NEUTRAL,longbyungi,480096.66808844527,164643.8482400779,-21.30242044090488,2.9628456419225735,0.6469002961480194,18.549999237060547,1.078167160246699
2015-02-11,BULL,longbyungi,477945.77071199444,145517.99709174578,-21.654996137963256,-0.4480133938472908,0.6964596818812502,17.229999542236328,1.1607661364687503
2015-02-12,BULL,longbyungi,488306.15988582966,141492.2437725516,-19.956718258807292,2.167691359294044,0.7075472080058264,16.959999084472656,1.1792453466763773
2015-02-13,BULL,longbyungi,493787.197356078,493787.197356078,-19.058265069997027,1.1224592111493958,0.7822685710974765,15.34000015258789,1.3037809518291275
2015-02-17,BULL,longbyungi,493787.197356078,493787.197356078,-19.058265069997027,0.0,0.8168822561455028,14.6899995803833,1.3614704269091713
2015-02-18,BULL,longbyungi,493787.197356078,493787.197356078,-19.058265069997027,0.0,0.7594936617176,15.800000190734863,1.2658227695293334
2015-02-19,BULL,longbyungi,493843.0129074445,110263.15583993943,-19.049115769270173,0.011303563896625235,0.7766990387147951,15.449999809265137,1.2944983978579918
2015-02-20,BULL,longbyungi,494301.0447974733,105573.13255187031,-18.974035054276538,0.09274848039910744,0.7848266860653212,15.289999961853027,1.3080444767755355
2015-02-23,BULL,longbyungi,493655.5708609847,493655.5708609847,-19.079841321735948,-0.13058316248412138,0.8391608279680262,14.300000190734863,1.3986013799467103
2015-02-24,BULL,longbyungi,505019.43968331994,86796.59561325127,-17.217072779088827,2.301983304374655,0.8241758004232193,14.5600004196167,1.3736263340386987
2015-02-25,BULL,longbyungi,504553.18108086963,504553.18108086963,-17.29350201907407,-0.09232488213576362,0.8765522547710711,13.6899995803833,1.460920424618452
2015-02-26,BULL,longbyungi,500615.5624064247,67079.32947557891,-17.938957568972647,-0.7804169752749557,0.8670520135620204,13.84000015258789,1.445086689270034
2015-02-27,BULL,longbyungi,501191.76112329814,501191.76112329814,-17.844506914808477,0.11509804331764073,0.8626887226193999,13.90999984741211,1.437814537699
2015-03-02,BULL,longbyungi,520718.7107849735,50344.6048500028,-14.643643887233704,3.896103483008284,0.8995502145981656,13.34000015258789,1.4992503576636094
2015-03-03,BULL,longbyungi,515870.92780733947,515870.92780733947,-15.438293823228044,-0.9309792172296105,0.9202454014650748,13.039999961853027,1.5337423357751248
2015-03-04,BULL,longbyungi,515870.92780733947,515870.92780733947,-15.438293823228044,0.0,0.865800887247413,13.859999656677246,1.4430014787456884
2015-03-05,BULL,longbyungi,515870.92780733947,515870.92780733947,-15.438293823228044,0.0,0.843288853550738,14.229999542236328,1.4054814225845633
2015-03-06,BULL,longbyungi,515870.92780733947,515870.92780733947,-15.438293823228044,0.0,0.8547008570230946,14.039999961853027,1.4245014283718245
2015-03-09,BULL,longbyungi,514056.0440939802,108604.40074365528,-15.735790067039268,-0.3518096515097713,0.7894736941171157,15.199999809265137,1.3157894901951928
2015-03-10,BULL,longbyungi,504764.9131605689,504764.9131605689,-17.25879483759394,-1.8074159501006992,0.7968127268023953,15.0600004196167,1.3280212113373255
2015-03-11,BULL,longbyungi,497476.756858558,141842.279002077,-18.453471448661286,-1.4438714165721955,0.7189933862202579,16.690000534057617,1.1983223103670966
2015-03-12,BULL,longbyungi,491203.39218127326,140444.92381940398,-19.481803133943632,-1.2610367400679112,0.7113218377614082,16.8700008392334,1.1855363962690137
2015-03-13,BULL,longbyungi,492499.75504494377,109379.93237126007,-19.269302972242087,0.26391569852841634,0.7782101128811466,15.420000076293945,1.297016854801911
2015-03-16,BULL,longbyungi,502493.3679860802,123728.21102823352,-17.63114715531191,2.029160997293178,0.75,16.0,1.25
2015-03-17,BULL,longbyungi,495039.9300343608,495039.9300343608,-18.852916780436978,-1.4832908107009768,0.7687380053763773,15.609999656677246,1.2812300089606288
2015-03-18,BULL,longbyungi,497286.1775418232,115698.9837830732,-18.484711263344376,0.45375077265110697,0.7662835323707272,15.65999984741211,1.2771392206178787
2015-03-19,BULL,longbyungi,496961.8952048872,496961.8952048872,-18.53786771434047,-0.0652104063175396,0.8589835197298964,13.970000267028809,1.4316391995498274
2015-03-20,BULL,longbyungi,498824.55310371245,73113.78775593033,-18.232540312740653,0.3748089977919422,0.8528784833175449,14.069999694824219,1.4214641388625748
2015-03-23,BULL,longbyungi,498436.24213924445,498436.24213924445,-18.296192354196307,-0.07784519868797579,0.9216589537709687,13.020000457763672,1.536098256284948
2015-03-24,BULL,longbyungi,498436.24213924445,498436.24213924445,-18.296192354196307,0.0,0.8948545963120041,13.40999984741211,1.4914243271866736
2015-03-25,BULL,longbyungi,498436.24213924445,498436.24213924445,-18.296192354196307,0.0,0.8810572761254775,13.619999885559082,1.4684287935424625
2015-03-26,BEAR,yangbyungi,498436.24213924445,498436.24213924445,-18.296192354196307,0.0,0.7772020936610736,15.4399995803833,1.295336822768456
2015-03-27,BEAR,yangbyungi,517394.42558976583,233444.82546667795,-15.188561642377929,3.8035322971609276,0.7594936617176,15.800000190734863,1.2658227695293334
2015-03-30,NEUTRAL,longbyungi,525093.9416555609,106479.57506476896,-13.926454824251023,1.4881327832279023,0.7962840240880291,15.069999694824219,1.3271400401467153
2015-03-31,NEUTRAL,longbyungi,517114.6991069277,517114.6991069277,-15.234414485359714,-1.5195838145600216,0.8270158380917365,14.510000228881836,1.3783597301528943
2015-04-01,NEUTRAL,longbyungi,517114.6991069277,517114.6991069277,-15.234414485359714,0.0,0.7848266860653212,15.289999961853027,1.3080444767755355
2015-04-02,NEUTRAL,longbyungi,505745.83626558114,106434.58459475299,-17.0980016489942,-2.198518599641619,0.7941760604009737,15.109999656677246,1.3236267673349562
2015-04-06,BULL,longbyungi,505281.1535253029,89809.92326503503,-17.174172573213255,-0.09188068530815441,0.8179959057663166,14.670000076293945,1.3633265096105278
2015-04-07,NEUTRAL,longbyungi,499576.61946021696,94430.41420004942,-18.109261386102006,-1.128982156822178,0.814111274513927,14.739999771118164,1.3568521241898783
2015-04-08,NEUTRAL,longbyungi,500095.550499342,93459.62261560984,-18.024198065625676,0.10387416442461106,0.8119079984305024,14.779999732971191,1.3531799973841707
2015-04-09,NEUTRAL,longbyungi,509880.9304165473,69808.2798350188,-16.42017586397947,1.956702055724091,0.8583691268190418,13.979999542236328,1.4306152113650696
2015-04-10,BULL,longbyungi,512044.30147088267,512044.30147088267,-16.065555478167838,0.42428946157448966,0.9167303178088658,13.09000015258789,1.5278838630147764
2015-04-13,BULL,longbyungi,495081.43119992915,23607.762924353126,-18.846113897817286,-3.312773957688131,0.9538950773272192,12.579999923706055,1.5898251288786989
2015-04-14,BULL,longbyungi,498625.9695067867,498625.9695067867,-18.265092191262145,0.7159505656002318,0.8608321636455919,13.9399995803833,1.4347202727426531
2015-04-15,NEUTRAL,longbyungi,502610.61208866176,60914.806325606885,-17.611928469359583,0.7991245593999885,0.8778346695703386,13.670000076293945,1.463057782617231
2015-04-16,BULL,longbyungi,489804.9694098314,32113.129301264125,-19.71103298415481,-2.547825766275591,0.9345794281459888,12.84000015258789,1.5576323802433147
2015-04-17,NEUTRAL,longbyungi,479360.43050515204,479360.43050515204,-21.42310471062978,-2.1323872882024975,0.9523809235472626,12.600000381469727,1.5873015392454377
2015-04-20,NEUTRAL,longbyungi,476321.1090066703,65226.15952746256,-21.92131113723296,-0.6340367925819157,0.8639308641751531,13.890000343322754,1.4398847736252551
2015-04-21,NEUTRAL,longbyungi,489699.6585867201,489699.6585867201,-19.728295563612463,2.8087248973596157,0.9022556261585261,13.300000190734863,1.5037593769308768
2015-04-22,NEUTRAL,longbyungi,495239.2280019639,46198.080998747144,-18.820247802075063,1.1312177409375845,0.9056603773584906,13.25,1.509433962264151
2015-04-23,NEUTRAL,longbyungi,470282.1759413564,470282.1759413564,-22.91121472738251,-5.039393216344424,0.9441384708091247,12.710000038146973,1.573564118015208
2015-04-24,NEUTRAL,longbyungi,470282.1759413564,470282.1759413564,-22.91121472738251,0.0,0.9615384968074834,12.479999542236328,1.6025641613458057
2015-04-27,BULL,longbyungi,466672.95037204475,11096.974247881852,-23.5028399880171,-0.7674595708602183,0.976403583177123,12.289999961853027,1.627339305295205
2015-04-28,BULL,longbyungi,462593.41199756187,462593.41199756187,-24.171559054676194,-0.8741750236928358,0.9146341543194795,13.119999885559082,1.5243902571991326
2015-04-29,BULL,longbyungi,462593.41199756187,462593.41199756187,-24.171559054676194,0.0,0.9669621392060204,12.40999984741211,1.6116035653433674
2015-04-30,BEAR,yangbyungi,462593.41199756187,462593.41199756187,-24.171559054676194,0.0,0.8961911644747708,13.390000343322754,1.4936519407912847
2015-05-01,BEAR,yangbyungi,476122.4333937602,195529.17764422443,-21.953878099040246,2.9246031277828877,0.8247422572297525,14.550000190734863,1.3745704287162541
2015-05-04,NEUTRAL,longbyungi,477020.3931122452,477020.3931122452,-21.80668429186865,0.18859848969612347,0.9448819039544819,12.699999809265137,1.5748031732574699
2015-05-05,NEUTRAL,longbyungi,477020.3931122452,477020.3931122452,-21.80668429186865,0.0,0.933852112355151,12.850000381469727,1.556420187258585
2015-05-06,NEUTRAL,longbyungi,477020.3931122452,477020.3931122452,-21.80668429186865,0.0,0.8385743988902989,14.3100004196167,1.3976239981504983
2015-05-07,NEUTRAL,longbyungi,480137.59314125427,99182.44846005511,-21.295711994849164,0.6534731164576479,0.7920792278649668,15.149999618530273,1.3201320464416113
2015-05-08,NEUTRAL,longbyungi,484623.78504618636,101153.95152973931,-20.560334168209636,0.9343554783081354,0.7931262332606679,15.130000114440918,1.3218770554344466
2015-05-11,NEUTRAL,longbyungi,483358.16428478813,483358.16428478813,-20.767795075943805,-0.2611553127293553,0.9331259969178372,12.859999656677246,1.555209994863062
2015-05-12,NEUTRAL,longbyungi,483358.16428478813,483358.16428478813,-20.767795075943805,0.0,0.8664259689158644,13.850000381469727,1.4440432815264408
2015-05-13,NEUTRAL,longbyungi,479475.6850455262,64866.23678873782,-21.404212154268677,-0.8032303012832642,0.865800887247413,13.859999656677246,1.4430014787456884
2015-05-14,BULL,longbyungi,487712.68142842874,62407.95650960726,-20.05400141285184,1.7179174335233416,0.8720930087495459,13.760000228881836,1.4534883479159098
2015-05-15,BULL,longbyungi,491402.9560124109,491402.9560124109,-19.44909057515708,0.7566492987580276,0.9419152445515927,12.739999771118164,1.5698587409193212
2015-05-18,NEUTRAL,longbyungi,498414.414980256,15083.455395408557,-18.29977026817743,1.4268247437380088,0.9693053222190475,12.380000114440918,1.6155088703650793
2015-05-19,BULL,longbyungi,503351.98354998,503351.98354998,-17.490402652918835,0.9906552501936616,0.942655179223354,12.729999542236328,1.5710919653722566
2015-05-20,BULL,longbyungi,493875.40238442697,33295.670453675964,-19.043806477181448,-1.8826947097173918,0.933852112355151,12.850000381469727,1.556420187258585
2015-05-21,BULL,longbyungi,493095.6219623996,33630.5224427355,-19.17162830116007,-0.15789011120266316,0.9316770103554369,12.880000114440918,1.5527950172590617
2015-05-22,BULL,longbyungi,494062.581526761,494062.581526761,-19.01312402003321,0.1960998072773723,0.9909166259458484,12.109999656677246,1.6515277099097474
2015-05-26,BULL,longbyungi,494062.581526761,494062.581526761,-19.01312402003321,0.0,0.9892827606583324,12.130000114440918,1.6488046010972208
2015-05-27,BULL,longbyungi,532550.0860647906,72387.56009153696,-12.704241555857,7.790005958171298,0.8534850385393616,14.0600004196167,1.4224750642322694
2015-05-28,BULL,longbyungi,525872.4559782811,51026.81444095785,-13.798840539623491,-1.2538971002432842,0.9042953719703413,13.270000457763672,1.5071589532839023
2015-05-29,BULL,longbyungi,522168.88996220723,52002.216991243535,-14.40593011256891,-0.7042707740195553,0.9015777326583717,13.3100004196167,1.5026295544306196
2015-06-01,BULL,longbyungi,529710.2041733301,529710.2041733301,-13.169755786525384,1.444228937436054,0.8670520135620204,13.84000015258789,1.445086689270034
2015-06-02,BULL,longbyungi,529710.2041733301,529710.2041733301,-13.169755786525384,0.0,0.8589835197298964,13.970000267028809,1.4316391995498274
2015-06-03,BULL,longbyungi,529710.2041733301,529710.2041733301,-13.169755786525384,0.0,0.8426966427582833,14.239999771118164,1.4044944045971388
2015-06-04,BULL,longbyungi,529710.2041733301,529710.2041733301,-13.169755786525384,0.0,0.8784773158158857,13.65999984741211,1.464128859693143
2015-06-05,BULL,longbyungi,529710.2041733301,529710.2041733301,-13.169755786525384,0.0,0.8157715818409778,14.710000038146973,1.3596193030682964
2015-06-08,BULL,longbyungi,529710.2041733301,529710.2041733301,-13.169755786525384,0.0,0.8444757190560034,14.210000038146973,1.4074595317600056
2015-06-09,NEUTRAL,longbyungi,529710.2041733301,529710.2041733301,-13.169755786525384,0.0,0.7848266860653212,15.289999961853027,1.3080444767755355
2015-06-10,NEUTRAL,longbyungi,529541.26710032,90420.47834216565,-13.197447998588906,-0.031892357685237016,0.8293019888426039,14.470000267028809,1.3821699814043398
2015-06-11,NEUTRAL,longbyungi,535149.4419371383,535149.4419371383,-12.278154417237651,1.0590628502907373,0.9077155641160207,13.220000267028809,1.5128592735267012
2015-06-12,NEUTRAL,longbyungi,535149.4419371383,535149.4419371383,-12.278154417237651,0.0,0.933852112355151,12.850000381469727,1.556420187258585
2015-06-15,NEUTRAL,longbyungi,533663.0046590699,69126.69682195992,-12.521811629890589,-0.2777611563393956,0.870827302796515,13.779999732971191,1.4513788379941917
2015-06-16,NEUTRAL,longbyungi,530630.6972193259,116501.63548441714,-13.018868310031785,-0.5682064173965329,0.779727078122284,15.390000343322754,1.2995451302038068
2015-06-17,NEUTRAL,longbyungi,533341.2766707367,533341.2766707367,-12.574549371352228,0.51082220942269,0.8102633126266024,14.8100004196167,1.3504388543776709
2015-06-18,NEUTRAL,longbyungi,540939.9101901825,91955.39252943732,-11.328979248322701,1.4247225654234974,0.8275862068965517,14.5,1.3793103448275863
2015-06-19,BULL,longbyungi,541735.3509588719,541735.3509588719,-11.198590375957206,0.14704789824246944,0.9097801654100796,13.1899995803833,1.516300275683466
2015-06-22,NEUTRAL,longbyungi,541735.3509588719,541735.3509588719,-11.198590375957206,0.0,0.8595988515192626,13.960000038146973,1.4326647525321043
2015-06-23,BULL,longbyungi,541735.3509588719,541735.3509588719,-11.198590375957206,0.0,0.9419152445515927,12.739999771118164,1.5698587409193212
2015-06-24,NEUTRAL,longbyungi,541735.3509588719,541735.3509588719,-11.198590375957206,0.0,0.9909166259458484,12.109999656677246,1.6515277099097474
2015-06-25,NEUTRAL,longbyungi,541735.3509588719,541735.3509588719,-11.198590375957206,0.0,0.9049773599447299,13.260000228881836,1.5082955999078833
2015-06-26,NEUTRAL,longbyungi,541735.3509588719,541735.3509588719,-11.198590375957206,0.0,0.8565310352573593,14.010000228881836,1.4275517254289323
2015-06-29,BEAR,yangbyungi,525116.8227284506,328882.05187288614,-13.922704152409636,-3.067646997931084,0.8559200861762395,14.020000457763672,1.4265334769603992
2015-06-30,BEAR,yangbyungi,530380.5724273453,530380.5724273453,-13.05986883560296,1.0023959376400882,0.6366047616527615,18.850000381469727,1.0610079360879359
2015-07-01,BEAR,yangbyungi,530380.5724273453,530380.5724273453,-13.05986883560296,0.0,0.658255639129211,18.229999542236328,1.0970927318820185
2015-07-02,BEAR,yangbyungi,528018.3240904112,351750.38187866256,-13.447089240973419,-0.4453874179672579,0.7458048406587453,16.09000015258789,1.2430080677645756
2015-07-06,BEAR,yangbyungi,516281.90245841286,353657.2128434952,-15.370926743951296,-2.2227299880579032,0.7147110986100325,16.790000915527344,1.1911851643500542
2015-07-07,BEAR,yangbyungi,510753.1780061695,405394.70314611576,-16.27719679613291,-1.0708731849628839,0.7054673626414659,17.010000228881836,1.1757789377357766
2015-07-08,NEUTRAL,longbyungi,496490.4763796502,131000.80469707632,-18.615142819482234,-2.7924841666569167,0.7458048406587453,16.09000015258789,1.2430080677645756
2015-07-09,BEAR,yangbyungi,513965.1443426041,513965.1443426041,-15.750690379604048,3.519638098675548,0.6103764035165843,19.65999984741211,1.0172940058609738
2015-07-10,BEAR,yangbyungi,513051.86941312416,374728.3755819711,-15.90039466042782,-0.1776919971193891,0.6009013726893454,19.969999313354492,1.0015022878155757
2015-07-13,BEAR,yangbyungi,517035.09571239306,517035.09571239306,-15.247463095964553,0.7763788686366624,0.7130124809505963,16.829999923706055,1.1883541349176605
2015-07-14,BEAR,yangbyungi,519061.541497898,249218.3481373419,-14.915287538358745,0.3919358284011354,0.8633093762105317,13.899999618530273,1.4388489603508863
2015-07-15,NEUTRAL,longbyungi,520450.44014883385,520450.44014883385,-14.687618884633768,0.2675788013359215,0.8975317952665941,13.369999885559082,1.4958863254443235
2015-07-16,NEUTRAL,longbyungi,520450.44014883385,520450.44014883385,-14.687618884633768,0.0,0.9070295098416598,13.229999542236328,1.5117158497360996
2015-07-17,BULL,longbyungi,520450.44014883385,520450.44014883385,-14.687618884633768,0.0,0.9909166259458484,12.109999656677246,1.6515277099097474
2015-07-20,BULL,longbyungi,520450.44014883385,520450.44014883385,-14.687618884633768,0.0,1.0041841164462695,11.949999809265137,1.6736401940771157
2015-07-21,BULL,longbyungi,517238.88629190176,10621.437554057862,-15.214057687407688,-0.6170719840324579,0.9795918367346939,12.25,1.6326530612244898
2015-07-22,BULL,longbyungi,483589.85234735114,483589.85234735114,-20.729816704194125,-6.5055112514415425,0.9819967052191971,12.220000267028809,1.6366611753653286
2015-07-23,BEAR,yangbyungi,486990.4750243458,148428.56537755614,-20.172385687772355,0.7032038948890262,0.9900990192498218,12.119999885559082,1.6501650320830363
2015-07-24,BEAR,yangbyungi,493587.97413612437,353054.73866036534,-19.09092179570342,1.3547491070433626,0.9493670628212567,12.640000343322754,1.582278438035428
2015-07-27,BEAR,yangbyungi,496177.65602627856,496177.65602627856,-18.666420418939833,0.5246647053519959,0.8733624599633772,13.739999771118164,1.4556040999389621
2015-07-28,BEAR,yangbyungi,502761.6222203801,267172.58961405384,-17.58717484650598,1.3269372600996032,0.7692307504206253,15.600000381469727,1.2820512507010422
2015-07-29,BEAR,yangbyungi,502561.41277074546,502561.41277074546,-17.61999323525639,-0.03982194359832825,0.8928571707334657,13.4399995803833,1.4880952845557762
2015-07-30,NEUTRAL,longbyungi,504512.1635147458,20102.456510829914,-17.300225629938115,0.38816166431190346,0.96,12.5,1.6
2015-07-31,NEUTRAL,longbyungi,504977.8487621363,504977.8487621363,-17.22389037447397,0.09230406738784946,0.9892827606583324,12.130000114440918,1.6488046010972208
2015-08-03,NEUTRAL,longbyungi,504977.8487621363,504977.8487621363,-17.22389037447397,0.0,0.9900990192498218,12.119999885559082,1.6501650320830363
2015-08-04,NEUTRAL,longbyungi,504977.8487621363,504977.8487621363,-17.22389037447397,0.0,0.9554139808194537,12.5600004196167,1.5923566346990896
2015-08-05,BEAR,yangbyungi,507554.7672363809,225297.80944772233,-16.8014811804014,0.5103032698486665,0.9230769230769231,13.0,1.5384615384615385
2015-08-06,NEUTRAL,longbyungi,508168.9585827797,508168.9585827797,-16.700802763822974,0.12100986652987533,0.9592325963588394,12.510000228881836,1.598720993931399
2015-08-07,BEAR,yangbyungi,508727.9261464776,242459.7080262095,-16.609176645086887,0.10999640065714189,0.8714596660186945,13.770000457763672,1.4524327766978242
2015-08-10,NEUTRAL,longbyungi,530784.9916666682,53383.79515759391,-12.993576321246291,4.335729254587806,0.8961911644747708,13.390000343322754,1.4936519407912847
2015-08-11,NEUTRAL,longbyungi,520964.896056172,520964.896056172,-14.603289129006447,-1.8501080031786632,0.9811938224983554,12.229999542236328,1.6353230374972592
2015-08-12,NEUTRAL,longbyungi,535435.3363229453,64978.117407043756,-12.23129052988321,2.7776229024869092,0.8752735205405517,13.710000038146973,1.4587892009009196
2015-08-13,NEUTRAL,longbyungi,535035.5300168801,535035.5300168801,-12.296826890935385,-0.07466939123047522,0.8817046511909822,13.609999656677246,1.4695077519849704
2015-08-14,NEUTRAL,longbyungi,535035.5300168801,535035.5300168801,-12.296826890935385,0.0,0.8895478282877197,13.489999771118164,1.4825797138128662
2015-08-17,NEUTRAL,longbyungi,549695.4483643384,34612.583923208935,-9.893768992049079,2.739989687599942,0.9353078777364245,12.829999923706055,1.558846462894041
2015-08-18,BEAR,yangbyungi,548246.3394645329,548246.3394645329,-10.131307326539718,-0.2636203199639753,0.9216589537709687,13.020000457763672,1.536098256284948
2015-08-19,BEAR,yangbyungi,548246.3394645329,548246.3394645329,-10.131307326539718,0.0,0.8701957964608654,13.789999961853027,1.4503263274347757
2015-08-20,BEAR,yangbyungi,550902.841842198,375683.55720684386,-9.695852716851173,0.48454539254374485,0.7868852459016392,15.25,1.3114754098360655
2015-08-21,BEAR,yangbyungi,546324.2546917733,397012.7176456601,-10.446375997867607,-0.8311061048648982,0.6269592676418793,19.139999389648438,1.0449321127364655
2015-08-24,BEAR,yangbyungi,516298.13409192,516298.13409192,-15.36826605006565,-5.496025545633798,0.42811272586651156,28.030000686645508,0.7135212097775193
2015-08-25,BEAR,yangbyungi,516298.13409192,516298.13409192,-15.36826605006565,0.0,0.3,40.7400016784668,0.5
2015-08-26,BEAR,yangbyungi,518877.09409582644,430296.22500855045,-14.945522207882256,0.49950984394750986,0.3331482467378355,36.02000045776367,0.5552470778963925
2015-08-27,BEAR,yangbyungi,527628.3555966483,419929.97864345316,-13.511012985092785,1.6865769563544575,0.3957783680996693,30.31999969482422,0.6596306134994488
2015-08-28,BEAR,yangbyungi,528283.2026341148,404482.2828778145,-13.403670276310308,0.12411141867574305,0.4597701082226675,26.100000381469727,0.7662835137044459
2015-08-31,BEAR,yangbyungi,524744.5325778903,434201.64830626524,-13.983730057587119,-0.669843379191315,0.4606526046621899,26.049999237060547,0.7677543411036498
2015-09-01,BEAR,yangbyungi,517228.1339479108,517228.1339479108,-15.21582021462965,-1.4323919856875977,0.4220893377132802,28.43000030517578,0.7034822295221337
2015-09-02,BEAR,yangbyungi,517610.0157167935,418394.7313558912,-15.153222048705118,0.07383236599445286,0.3821656097383634,31.399999618530273,0.6369426828972723
2015-09-03,BEAR,yangbyungi,517995.44771416177,429472.4118878024,-15.09004192833835,0.07446378270608012,0.4599463369037087,26.09000015258789,0.7665772281728478
2015-09-04,BEAR,yangbyungi,511144.76348531636,422735.5660483827,-16.213007995319007,-1.3225375356243907,0.4685669548617504,25.610000610351562,0.780944924769584
2015-09-08,BEAR,yangbyungi,521769.59506197873,405605.8383873678,-14.471382643833897,2.0786345348068114,0.43165468810526586,27.799999237060547,0.7194244801754431
2015-09-09,BEAR,yangbyungi,515026.03131818504,325964.97419205576,-15.576789491067554,-1.2924409179098761,0.48192771822653957,24.899999618530273,0.8032128637108993
2015-09-10,BEAR,yangbyungi,515250.8500341879,397419.64017608773,-15.5399371445194,0.04365191317172723,0.45749143001993736,26.229999542236328,0.7624857166998956
2015-09-11,BEAR,yangbyungi,513430.97714099626,385644.8241067163,-15.838251216078437,-0.35320133738175885,0.49240868226320017,24.3700008392334,0.8206811371053336
2015-09-14,BEAR,yangbyungi,515045.4235943995,515045.4235943995,-15.573610703748964,0.3144427440652686,0.5172413623006964,23.200000762939453,0.8620689371678274
2015-09-15,BEAR,yangbyungi,516212.382458487,387611.50435454806,-15.382322481703225,0.22657397010608094,0.49484536082474223,24.25,0.8247422680412371
2015-09-16,BEAR,yangbyungi,515992.44882309006,515992.44882309006,-15.418374064477769,-0.04260526149130195,0.5323868461661617,22.540000915527344,0.8873114102769362
2015-09-17,BEAR,yangbyungi,509857.07741877437,405679.2840734658,-16.42408585401841,-1.1890428664817931,0.5620608798871565,21.350000381469727,0.9367681331452608
2015-09-18,BEAR,yangbyungi,501910.1676648132,396961.8616940012,-17.726745514418496,-1.5586543966778943,0.5676442926425062,21.139999389648438,0.9460738210708437
2015-09-21,BEAR,yangbyungi,503565.40465478355,503565.40465478355,-17.45541860597316,0.3297874991597505,0.5385996243345147,22.280000686645508,0.8976660405575245
2015-09-22,BEAR,yangbyungi,503565.40465478355,503565.40465478355,-17.45541860597316,0.0,0.5958292136874523,20.139999389648438,0.9930486894790873
2015-09-23,BEAR,yangbyungi,503565.40465478355,503565.40465478355,-17.45541860597316,0.0,0.5347593455618403,22.440000534057617,0.8912655759364007
2015-09-24,BEAR,yangbyungi,504467.14250271115,367036.1438093874,-17.30760548677097,0.17907065092086505,0.5422503594701586,22.1299991607666,0.9037505991169311
2015-09-25,BEAR,yangbyungi,504770.9535368772,410921.90267540177,-17.257804697427005,0.06022414713846569,0.5112910247582312,23.469999313354492,0.8521517079303853
2015-09-28,BEAR,yangbyungi,492943.3499001092,302249.86380475515,-19.196588780024538,-2.343162488628392,0.5080440124315198,23.6200008392334,0.8467400207191996
2015-09-29,BEAR,yangbyungi,492657.84274961724,412859.7492339309,-19.2433891916583,-0.05791885630465066,0.43431054522214674,27.6299991607666,0.7238509087035779
2015-09-30,BEAR,yangbyungi,501407.9516745714,385238.0423938445,-17.809068899426094,1.7761026346638786,0.4472605305301256,26.829999923706055,0.7454342175502093
2015-10-01,BEAR,yangbyungi,498495.2669974626,426792.8553703978,-18.286516982996414,-0.5809011738607595,0.4897959183673469,24.5,0.8163265306122449
2015-10-02,BEAR,yangbyungi,512169.5763291293,367612.5819492561,-16.04502038851002,2.743117184247268,0.532150794057598,22.549999237060547,0.8869179900959967
2015-10-05,BEAR,yangbyungi,517698.9523591385,368147.7591301794,-15.138643529519523,1.079598688707728,0.5730658879632186,20.940000534057617,0.955109813272031
2015-10-06,NEUTRAL,longbyungi,519107.4687286569,519107.4687286569,-14.90775913390019,0.2720724782423911,0.6141248432831071,19.540000915527344,1.0235414054718452
2015-10-07,NEUTRAL,longbyungi,520786.52531331935,198010.05907748046,-14.6325277108582,0.32345066981498416,0.6185567131938484,19.399999618530273,1.0309278553230807
2015-10-08,NEUTRAL,longbyungi,521640.1405255825,179813.49000340933,-14.492602867498206,0.16390885147221645,0.6521739265643809,18.399999618530273,1.0869565442739682
2015-10-09,BULL,longbyungi,519504.9713165971,519504.9713165971,-14.842600398964734,-0.40931842531023443,0.6888633724135417,17.420000076293945,1.1481056206892362
2015-10-12,NEUTRAL,longbyungi,519504.9713165971,519504.9713165971,-14.842600398964734,0.0,0.702576115550486,17.079999923706055,1.1709601925841435
2015-10-13,BULL,longbyungi,507041.17571353365,133972.52688954858,-16.88566924588222,-2.3991677252820254,0.7421150243278366,16.170000076293945,1.2368583738797276
2015-10-14,NEUTRAL,longbyungi,540010.9987291764,164823.88895676052,-11.481246673749656,6.502395583405218,0.6791171447757484,17.670000076293945,1.1318619079595806
2015-10-15,NEUTRAL,longbyungi,545005.5832545401,183289.91014234297,-10.662532987161377,0.9249042217876369,0.6655573789793686,18.030000686645508,1.1092622982989477
2015-10-16,BULL,longbyungi,546373.9645177291,546373.9645177291,-10.438227549350765,0.25107655870562073,0.7476635869421836,16.049999237060547,1.2461059782369728
2015-10-19,BULL,longbyungi,545599.5201346922,110726.95514100645,-10.56517468833178,-0.1417425487542201,0.7973421825859832,15.050000190734863,1.3289036376433054
2015-10-20,BULL,longbyungi,542720.312676077,542720.312676077,-11.037135176921897,-0.5277144411535373,0.8010681152670147,14.979999542236328,1.3351135254450246
2015-10-21,BULL,longbyungi,525439.4505104095,129219.12206573266,-13.869818916526256,-3.184119289815779,0.7619047619047619,15.75,1.2698412698412698
2015-10-22,NEUTRAL,longbyungi,557581.1091014168,152584.69936770893,-8.601149287556709,6.11710037375095,0.7185628414239555,16.700000762939453,1.1976047357065926
2015-10-23,BULL,longbyungi,566037.4330437321,96636.37166027958,-7.214986311509475,1.5166087595656297,0.8304498379512619,14.449999809265137,1.3840830632521033
2015-10-26,BULL,longbyungi,559332.7588663115,559332.7588663115,-8.314018370190956,-1.1844930716627289,0.8298755164829018,14.460000038146973,1.3831258608048365
2015-10-27,BULL,longbyungi,552320.2161257999,120353.48331749078,-9.463516329487975,-1.2537336012153122,0.7848266860653212,15.289999961853027,1.3080444767755355
2015-10-28,BULL,longbyungi,567172.8710557534,124517.4857966312,-7.028864996314244,2.6891383831894045,0.777705752602919,15.430000305175781,1.2961762543381983
2015-10-29,BULL,longbyungi,540238.2908777975,540238.2908777975,-11.443988881437761,-4.748918989693395,0.8374040519112951,14.329999923706055,1.3956734198521585
2015-10-30,NEUTRAL,longbyungi,541566.619882281,96510.73147496808,-11.226248821030305,0.24587835162983573,0.8213552554407905,14.609999656677246,1.3689254257346508
2015-11-02,BULL,longbyungi,545295.5937846703,111122.65448230534,-10.61499438028295,0.6885531281820567,0.7962840240880291,15.069999694824219,1.3271400401467153
2015-11-03,BULL,longbyungi,544543.2459643842,82607.18853121815,-10.738319444543077,-0.1379706399357583,0.8480565599652229,14.149999618530273,1.4134275999420383
2015-11-04,BULL,longbyungi,545632.078668863,545632.078668863,-10.559837684341645,0.19995339443621418,0.8253094932244195,14.539999961853027,1.375515822040699
2015-11-05,BULL,longbyungi,545632.078668863,545632.078668863,-10.559837684341645,0.0,0.773694379298221,15.510000228881836,1.2894906321637019
2015-11-06,BULL,longbyungi,563909.3060269931,110576.6061741049,-7.56382948486144,3.3497347521648013,0.7973421825859832,15.050000190734863,1.3289036376433054
2015-11-09,BULL,longbyungi,560194.7091508566,560194.7091508566,-8.172727239460864,-0.65872239319964,0.8374040519112951,14.329999923706055,1.3956734198521585
2015-11-10,BULL,longbyungi,560194.7091508566,560194.7091508566,-8.172727239460864,0.0,0.726392231687895,16.520000457763672,1.210653719479825
2015-11-11,BULL,longbyungi,551364.3855068325,120538.95201666333,-9.620196350786003,-1.5762954379574756,0.7848266860653212,15.289999961853027,1.3080444767755355
2015-11-12,BULL,longbyungi,546417.0867306405,546417.0867306405,-10.431158944199082,-0.8972829776889402,0.747198032319228,16.059999465942383,1.24533005386538
2015-11-13,NEUTRAL,longbyungi,546417.0867306405,546417.0867306405,-10.431158944199082,0.0,0.6532389467490506,18.3700008392334,1.0887315779150843
2015-11-16,NEUTRAL,longbyungi,553867.3293718618,219873.009754494,-9.20991309526088,1.363471754845369,0.5976095640236051,20.079999923706055,0.9960159400393419
2015-11-17,NEUTRAL,longbyungi,554880.2306212446,187912.3301217556,-9.043878040328712,0.1828779557248028,0.6607929570941081,18.15999984741211,1.101321595156847
2015-11-18,NEUTRAL,longbyungi,559344.1957490278,201493.41239542566,-8.312143633190484,0.8044916508892941,0.6369426700005447,18.84000015258789,1.0615711166675745
2015-11-19,NEUTRAL,longbyungi,555398.1978804923,161447.848054451,-8.958972702918333,-0.7054686360428386,0.7121661559839865,16.850000381469727,1.1869435933066441
2015-11-20,BULL,longbyungi,560018.0626081501,560018.0626081501,-8.201683189944408,0.8318112563721058,0.7062978317633163,16.989999771118164,1.1771630529388606
2015-11-23,BULL,longbyungi,560018.0626081501,560018.0626081501,-8.201683189944408,0.0,0.7756948799526258,15.470000267028809,1.292824799921043
2015-11-24,NEUTRAL,longbyungi,573009.6518239201,129786.51327819529,-6.0720982670205315,2.3198518196475337,0.7682458442969756,15.619999885559082,1.2804097404949595
2015-11-25,NEUTRAL,longbyungi,574748.836980067,574748.836980067,-5.787010551792616,0.3035176022970987,0.7532956541187954,15.930000305175781,1.255492756864659
2015-11-27,NEUTRAL,longbyungi,573503.498703493,120701.02695459983,-5.9911467489649155,-0.21667521471071538,0.7899934385447294,15.1899995803833,1.3166557309078823
2015-11-30,NEUTRAL,longbyungi,579649.775443232,118597.33165892743,-4.983647353804111,1.0717069300594906,0.7936507996578125,15.119999885559082,1.322751332763021
2015-12-01,BULL,longbyungi,589227.4296637438,149013.53521926858,-3.4136756062197793,1.652317421013083,0.7439554013857544,16.1299991607666,1.2399256689762574
2015-12-02,BULL,longbyungi,591209.9906943126,591209.9906943126,-3.0886936498667583,0.3364678782350916,0.8179959057663166,14.670000076293945,1.3633265096105278
2015-12-03,BULL,longbyungi,591209.9906943126,591209.9906943126,-3.0886936498667583,0.0,0.7542426219414387,15.90999984741211,1.2570710365690645
2015-12-04,NEUTRAL,longbyungi,603235.4603660209,199464.0133763125,-1.117475311708238,2.0340437172899684,0.6626173161551897,18.110000610351562,1.104362193591983
2015-12-07,BULL,longbyungi,600642.8503788784,600642.8503788784,-1.542456662945746,-0.4297840822503063,0.8102633126266024,14.8100004196167,1.3504388543776709
2015-12-08,NEUTRAL,longbyungi,601423.6188286841,145610.3923539985,-1.4144728811784968,0.12998880271581914,0.7575757502779743,15.84000015258789,1.2626262504632906
2015-12-09,NEUTRAL,longbyungi,597254.1669862373,597254.1669862373,-2.0979305885507227,-0.693263734897398,0.6818181670401711,17.600000381469727,1.1363636117336184
2015-12-10,NEUTRAL,longbyungi,597506.6785235312,231774.8308942453,-2.056538827022991,0.042278740149792604,0.6119326683582834,19.610000610351562,1.0198877805971391
2015-12-11,NEUTRAL,longbyungi,586581.3801092673,586581.3801092673,-3.847416786219726,-1.828481388904446,0.620475693139758,19.34000015258789,1.0341261552329302
2015-12-14,BEAR,yangbyungi,586581.3801092673,586581.3801092673,-3.847416786219726,0.0,0.49200493236145876,24.389999389648438,0.8200082206024313
2015-12-15,NEUTRAL,longbyungi,589191.9730749421,276903.56651179877,-3.4194876601322255,0.4450521367024063,0.5279366582345016,22.729999542236328,0.8798944303908361
2015-12-16,NEUTRAL,longbyungi,591086.9811108822,252914.21936021792,-3.1088574150457293,0.32162828458952575,0.5727923419090274,20.950000762939453,0.9546539031817123
2015-12-17,NEUTRAL,longbyungi,596372.5127478853,596372.5127478853,-2.242451596877182,0.8942053887009083,0.671892474239047,17.860000610351562,1.1198207903984116
2015-12-18,NEUTRAL,longbyungi,585057.0148632814,218522.9905102292,-4.097291161938143,-1.8973875627610437,0.6335797075835232,18.940000534057617,1.055966179305872
2015-12-21,NEUTRAL,longbyungi,598650.0601097809,249652.4803315514,-1.8691153989276454,2.3233710392611906,0.5797101235611727,20.700000762939453,0.9661835392686212
2015-12-22,NEUTRAL,longbyungi,602591.8423162538,602591.8423162538,-1.2229773616993178,0.6584451366713484,0.641711203765412,18.700000762939453,1.0695186729423534
2015-12-23,NEUTRAL,longbyungi,602591.8423162538,602591.8423162538,-1.2229773616993178,0.0,0.7228915496529372,16.600000381469727,1.2048192494215622
2015-12-24,NEUTRAL,longbyungi,602269.1040730709,138166.521216292,-1.2758807044172982,-0.05355834920405256,0.7707129245473936,15.569999694824219,1.2845215409123227
2015-12-28,NEUTRAL,longbyungi,596434.8325515657,596434.8325515657,-2.2322361172993466,-0.9687150614316353,0.7623888293835422,15.739999771118164,1.2706480489725704
2015-12-29,NEUTRAL,longbyungi,596586.0884813035,173181.25152246107,-2.2074422031659213,0.02536000942312544,0.7096392731095422,16.90999984741211,1.182732121849237
2015-12-30,NEUTRAL,longbyungi,593876.7423345995,593876.7423345995,-2.6515589781944238,-0.45414169036376295,0.7462686602572003,16.079999923706055,1.2437811004286672
2015-12-31,NEUTRAL,longbyungi,593876.7423345995,593876.7423345995,-2.6515589781944238,0.0,0.6940427625555161,17.290000915527344,1.1567379375925269
2016-01-04,NEUTRAL,longbyungi,593876.7423345995,593876.7423345995,-2.6515589781944238,0.0,0.6589786163269051,18.209999084472656,1.0982976938781752
2016-01-05,BEAR,yangbyungi,593876.7423345995,593876.7423345995,-2.6515589781944238,0.0,0.5797101235611727,20.700000762939453,0.9661835392686212
2016-01-06,BEAR,yangbyungi,593876.7423345995,593876.7423345995,-2.6515589781944238,0.0,0.620475693139758,19.34000015258789,1.0341261552329302
2016-01-07,BEAR,yangbyungi,593876.7423345995,593876.7423345995,-2.6515589781944238,0.0,0.5828071836362643,20.59000015258789,0.9713453060604404
2016-01-08,BEAR,yangbyungi,593911.5035924284,479806.77877659147,-2.645860903128716,0.005853278189049682,0.4801920812287813,24.989999771118164,0.8003201353813022
2016-01-11,BEAR,yangbyungi,587757.2411067191,491174.07171757764,-3.6546693239933203,-1.0362255064068626,0.4442798925698779,27.010000228881836,0.7404664876164632
2016-01-12,BEAR,yangbyungi,587338.817050615,480678.4779100959,-3.723257511817668,-0.07118994490247221,0.4938271759983636,24.299999237060547,0.823045293330606
2016-01-13,BEAR,yangbyungi,574346.749003696,339946.42587532004,-5.852920924876859,-2.2120227149569294,0.5340454101780099,22.469999313354492,0.8900756836300164
2016-01-14,BEAR,yangbyungi,578088.6003218129,437269.2335144841,-5.239555614556557,0.6514969092465073,0.47581285990145766,25.219999313354492,0.7930214331690961
2016-01-15,BEAR,yangbyungi,561007.6789328665,561007.6789328665,-8.039465006349333,-2.954723787917224,0.5010438253751106,23.950000762939453,0.835073042291851
2016-01-19,BEAR,yangbyungi,553351.3475718219,465642.8925853088,-9.294492975644896,-1.3647462679313604,0.4441154624981523,27.020000457763672,0.7401924374969205
2016-01-20,BEAR,yangbyungi,555461.1223885821,423195.1850838157,-8.948658100025275,0.381272192797244,0.4606526046621899,26.049999237060547,0.7677543411036498
2016-01-21,BEAR,yangbyungi,558676.5690731681,467722.15958343534,-8.421581183858018,0.578878800870708,0.43494019331762934,27.59000015258789,0.7249003221960489
2016-01-22,BEAR,yangbyungi,561970.2119726789,468215.0727061113,-7.881686322359515,0.5895437685841776,0.44960658523357727,26.690000534057617,0.7493443087226288
2016-01-25,BEAR,yangbyungi,560864.8974644179,560864.8974644179,-8.062869784427773,-0.196685604452429,0.5371530849613672,22.34000015258789,0.8952551416022787
2016-01-26,BEAR,yangbyungi,560498.2261431281,456242.09101060656,-8.122974649546144,-0.06537605097901578,0.4968944177867568,24.149999618530273,0.8281573629779281
2016-01-27,BEAR,yangbyungi,553549.5068886554,445589.39758995693,-9.262010645234298,-1.2397397405319088,0.5333333333333333,22.5,0.8888888888888888
2016-01-28,BEAR,yangbyungi,556120.4437572255,556120.4437572255,-8.84058195762999,0.46444569755299536,0.51925571973481,23.110000610351562,0.8654261995580167
2016-01-29,BEAR,yangbyungi,570863.2652578965,407292.49321357335,-6.423934550777233,2.6510123240689465,0.5352363942535551,22.420000076293945,0.8920606570892584
2016-02-01,BEAR,yangbyungi,570779.5001602713,398793.5978191823,-6.437665348911869,-0.014673408278842448,0.5940593835033989,20.200000762939453,0.9900989725056649
2016-02-02,BEAR,yangbyungi,563821.2806114223,462894.0047814631,-7.57825863550039,-1.219073135404336,0.6006006143610181,19.979999542236328,1.0010010239350302
2016-02-03,BEAR,yangbyungi,556104.1213567746,467898.08153647144,-8.843257530058345,-1.3687243671042348,0.5459508757923784,21.979999542236328,0.9099181263206307
2016-02-04,BEAR,yangbyungi,560329.1951583683,401933.3173755291,-8.150682255649834,0.7597630802097743,0.5542725270872142,21.649999618530273,0.9237875451453571
2016-02-05,BEAR,yangbyungi,561256.6490862963,435954.6321964882,-7.998653749451023,0.16551947247116505,0.5494505456117444,21.84000015258789,0.9157509093529075
2016-02-08,BEAR,yangbyungi,563456.7599719911,478319.83697891445,-7.6380109602494635,0.3919972955824136,0.5132592143175481,23.3799991607666,0.8554320238625802
2016-02-09,BEAR,yangbyungi,566537.2947872786,435556.01806748944,-7.133048835275924,0.5467207129506546,0.46153846153846156,26.0,0.7692307692307693
2016-02-10,BEAR,yangbyungi,562008.2434967936,471946.2032691197,-7.875452184333353,-0.7994268571825724,0.45214768598517063,26.540000915527344,0.7535794766419511
2016-02-11,BEAR,yangbyungi,559003.8481762031,430252.7731994563,-8.367933502128256,-0.5345820733691053,0.45644730247660753,26.290000915527344,0.7607455041276793
2016-02-12,BEAR,yangbyungi,565251.6260136694,474928.8829647535,-7.343796018755889,1.117662759898752,0.42643924165877245,28.139999389648438,0.7107320694312874
2016-02-16,BEAR,yangbyungi,574868.094790154,434729.6900579294,-5.7674617783451065,1.7012722005424363,0.47244095197724095,25.399999618530273,0.7874015866287349
2016-02-17,BEAR,yangbyungi,582445.6461969311,433915.6523382797,-4.525347441096428,1.318137408468134,0.4977187762843868,24.110000610351562,0.8295312938073114
2016-02-18,BEAR,yangbyungi,585899.9767249189,585899.9767249189,-3.9591126187800807,0.5930734568182938,0.5378754050764885,22.309999465942383,0.896459008460814
2016-02-19,BEAR,yangbyungi,585955.9359346759,423450.81038940063,-3.9499397695298644,0.009550983440842487,0.5545286662873122,21.639999389648438,0.9242144438121871
2016-02-22,BEAR,yangbyungi,590791.0728904493,461732.49944181053,-3.157362772961325,0.8251707439503653,0.5845104529297868,20.530000686645508,0.9741840882163113
2016-02-23,BEAR,yangbyungi,580089.7730255786,449374.0998613994,-4.911522827549019,-1.8113509759913216,0.6191950732533119,19.3799991607666,1.03199178875552
2016-02-24,BEAR,yangbyungi,585692.6321270545,410933.4247675693,-3.9931006030157423,0.9658606929498159,0.5719733203922119,20.979999542236328,0.9532888673203533
2016-02-25,BEAR,yangbyungi,589410.1085800978,417768.5060706776,-3.3837308273676814,0.6347145668441412,0.5791505983432025,20.719999313354492,0.9652509972386709
2016-02-26,NEUTRAL,longbyungi,593111.5960723442,593111.5960723442,-2.7769819666270124,0.62799864446903,0.6279434650305455,19.110000610351562,1.046572441717576
2016-02-29,NEUTRAL,longbyungi,580297.0236084738,233831.46761477634,-4.877550254273288,-2.160566839146294,0.6057546856894449,19.809999465942383,1.0095911428157416
2016-03-01,NEUTRAL,longbyungi,602581.7922782192,246692.07503339945,-1.2246247667332733,3.840234873370796,0.5839416275188373,20.549999237060547,0.9732360458647288
2016-03-02,BULL,longbyungi,602650.8429196882,194154.25021986215,-1.213305966350331,0.011459131748381424,0.6779660724719172,17.700000762939453,1.129943454119862
2016-03-03,BULL,longbyungi,602128.5147811848,602128.5147811848,-1.2989261403029806,-0.08667176768106799,0.7021650025077896,17.09000015258789,1.1702750041796492
2016-03-04,BULL,longbyungi,599476.3778602825,169461.33829763037,-1.7336651631030153,-0.44046027646873487,0.7185628414239555,16.700000762939453,1.1976047357065926
2016-03-07,BULL,longbyungi,597133.3633879588,169819.5944954359,-2.117732748029133,-0.3908435025724688,0.7117437464760434,16.860000610351562,1.1862395774600725
2016-03-08,BULL,longbyungi,586433.5182822812,586433.5182822812,-3.8716543380846846,-1.7918685777277399,0.6916426360898716,17.350000381469727,1.1527377268164527
2016-03-09,NEUTRAL,longbyungi,584414.3962468749,209507.85193893744,-4.202629384534362,-0.3443053598505941,0.6427423648078548,18.670000076293945,1.071237274679758
2016-03-10,NEUTRAL,longbyungi,583058.7124572233,203976.51904097677,-4.4248534489459646,-0.23197303118435153,0.654307519092726,18.34000015258789,1.09051253182121
2016-03-11,NEUTRAL,longbyungi,599023.8965870859,199036.55980889394,-1.8078360194394572,2.7381777836025245,0.6648199726990242,18.049999237060547,1.108033287831707
2016-03-14,NEUTRAL,longbyungi,595964.2812915018,595964.2812915018,-2.3093690109162845,-0.5107668179877511,0.7272727272727273,16.5,1.2121212121212122
2016-03-15,NEUTRAL,longbyungi,595964.2812915018,595964.2812915018,-2.3093690109162845,0.0,0.7092198549580863,16.920000076293945,1.1820330915968105
2016-03-16,BULL,longbyungi,604263.0890161844,171286.6500149367,-0.9490261371379316,1.3925008570477404,0.7125890671774071,16.84000015258789,1.1876484452956786
2016-03-17,BULL,longbyungi,606969.0578911314,120046.30645356444,-0.505462965436565,0.44781303444374476,0.8005337013494078,14.989999771118164,1.3342228355823464
2016-03-18,BULL,longbyungi,618388.8604756673,103002.8825959214,0.0,1.8814472395369153,0.8310249548969494,14.4399995803833,1.3850415914949157
2016-03-21,BULL,longbyungi,612378.7065581726,88176.44569377316,-0.9719052689389773,-0.9719052689389773,0.8559200861762395,14.020000457763672,1.4265334769603992
2016-03-22,BULL,longbyungi,602350.6290292756,78649.17753380688,-2.5935511571238523,-1.6375614340444655,0.8701957964608654,13.789999961853027,1.4503263274347757
2016-03-23,BULL,longbyungi,599179.3590259647,599179.3590259647,-3.106378959499123,-0.5264823925595574,0.8468595578962416,14.170000076293945,1.411432596493736
2016-03-24,NEUTRAL,longbyungi,601436.0230395352,117910.78404203523,-2.741452590703519,0.37662579319135414,0.8032128739652968,14.9399995803833,1.3386881232754948
2016-03-28,NEUTRAL,longbyungi,608911.1600913056,608911.1600913056,-1.532644099874536,1.2428814978511893,0.814111274513927,14.739999771118164,1.3568521241898783
2016-03-29,NEUTRAL,longbyungi,624429.2778006273,129453.54651946796,0.0,2.548502758102633,0.7874015866287349,15.239999771118164,1.3123359777145582
2016-03-30,NEUTRAL,longbyungi,630664.8752885138,83398.23926220904,0.0,0.9986074819953394,0.8683068209107245,13.819999694824219,1.4471780348512076
2016-03-31,BULL,longbyungi,625225.1513914277,625225.1513914277,-0.8625379516494558,-0.8625379516494558,0.8849557248272714,13.5600004196167,1.4749262080454524
2016-04-01,NEUTRAL,longbyungi,635124.072312564,87397.05681940622,0.0,1.5832569913584615,0.8602150655249464,13.949999809265137,1.4336917758749108
2016-04-04,BULL,longbyungi,634658.6002016227,634658.6002016227,-0.07328837485980344,-0.07328837485980344,0.9160305076764956,13.100000381469727,1.5267175127941595
2016-04-05,BULL,longbyungi,629690.4213572928,95288.68064457877,-0.8555259030706641,-0.7828112378452934,0.8498583638285107,14.119999885559082,1.4164306063808512
2016-04-06,NEUTRAL,longbyungi,636203.3978513717,139423.15914761485,0.0,1.0343140491227754,0.7782101128811466,15.420000076293945,1.297016854801911
2016-04-07,BULL,longbyungi,628088.5894856919,628088.5894856919,-1.2755053483030188,-1.2755053483030188,0.8516678403155288,14.09000015258789,1.4194464005258813
2016-04-08,NEUTRAL,longbyungi,628088.5894856919,628088.5894856919,-1.2755053483030188,0.0,0.7425742644373664,16.15999984741211,1.2376237740622773
2016-04-11,NEUTRAL,longbyungi,612085.5391422035,137394.36798212468,-3.790903788099931,-2.54789700233089,0.7812500174622986,15.359999656677246,1.3020833624371644
2016-04-12,NEUTRAL,longbyungi,613493.8721495173,613493.8721495173,-3.569538575013975,0.23008761312797166,0.7380073696853332,16.260000228881836,1.2300122828088886
2016-04-13,BULL,longbyungi,628851.5350196778,117741.26092530211,-1.1555837105748035,2.503311535346131,0.8080807873226695,14.850000381469727,1.3468013122044493
2016-04-14,BULL,longbyungi,614679.4685445384,614679.4685445384,-3.3831836452815844,-2.2536426622057903,0.8670520135620204,13.84000015258789,1.445086689270034
2016-04-15,BULL,longbyungi,614679.4685445384,614679.4685445384,-3.3831836452815844,0.0,0.8746355514903141,13.720000267028809,1.4577259191505236
2016-04-18,BULL,longbyungi,616679.959163089,73111.65029843128,-3.0687416562405145,0.3254526498644106,0.8810572761254775,13.619999885559082,1.4684287935424625
2016-04-19,BULL,longbyungi,618676.4485259353,618676.4485259353,-2.754928594318984,0.3237480532942483,0.8988763788094287,13.350000381469727,1.4981272980157145
2016-04-20,BULL,longbyungi,629517.2934817147,57942.497570267646,-1.0509381735837597,1.752264043929408,0.906344426544243,13.239999771118164,1.510574044240405
2016-04-21,BULL,longbyungi,629466.5610615022,629466.5610615022,-1.0589124189876342,-0.00805893987945172,0.9036144760008356,13.279999732971191,1.5060241266680594
2016-04-22,BULL,longbyungi,622661.0772013221,87989.94199221954,-2.1286149517254382,-1.08115097467667,0.8602150655249464,13.949999809265137,1.4336917758749108
2016-04-25,BULL,longbyungi,603631.675144931,56868.60535653622,-5.1197027265877715,-3.05614125455258,0.9077155641160207,13.220000267028809,1.5128592735267012
2016-04-26,NEUTRAL,longbyungi,616146.3047771651,90942.7163816155,-3.15262275271474,2.073222819069165,0.8522727318908557,14.079999923706055,1.4204545531514263
2016-04-27,BULL,longbyungi,624391.5748750754,84330.42404822662,-1.8566111115074113,1.3382000401499283,0.8595988515192626,13.960000038146973,1.4326647525321043
2016-04-28,BULL,longbyungi,569375.4353718881,569375.4353718881,-10.50418194954309,-8.811159810123092,0.8714596660186945,13.770000457763672,1.4524327766978242
2016-04-29,NEUTRAL,longbyungi,569375.4353718881,569375.4353718881,-10.50418194954309,0.0,0.7884362542355327,15.220000267028809,1.3140604237258877
2016-05-02,BEAR,yangbyungi,569564.4580766085,351779.72494294436,-10.474470900315946,0.033198254258537396,0.7643312194767268,15.699999809265137,1.2738853657945446
2016-05-03,BEAR,yangbyungi,563590.192937743,563590.192937743,-11.413520449413317,-1.0489181784692603,0.8174386751047352,14.680000305175781,1.3623977918412253
2016-05-04,BEAR,yangbyungi,557959.6020991154,399574.80524688796,-12.298550434736189,-0.9990576325109357,0.7692307504206253,15.600000381469727,1.2820512507010422
2016-05-05,BEAR,yangbyungi,562414.0835280307,562414.0835280307,-11.598384191682598,0.7983519617113854,0.7476635869421836,16.049999237060547,1.2461059782369728
2016-05-06,BEAR,yangbyungi,562414.0835280307,562414.0835280307,-11.598384191682598,0.0,0.7542426219414387,15.90999984741211,1.2570710365690645
2016-05-09,NEUTRAL,longbyungi,551429.7125113442,103924.34983873711,-13.324934388330956,-1.95307538313787,0.8152173765158611,14.720000267028809,1.3586956275264352
2016-05-10,BEAR,yangbyungi,558119.7613630863,326845.47442088893,-12.273376211443477,1.2132187838181485,0.8236101751095317,14.569999694824219,1.372683625182553
2016-05-11,NEUTRAL,longbyungi,547396.2681682578,66553.79695233074,-13.958920996498792,-1.9213605998538164,0.8804108510084354,13.630000114440918,1.4673514183473924
2016-05-12,NEUTRAL,longbyungi,552454.5237503488,552454.5237503488,-13.16385206112779,0.9240573741975622,0.8168822561455028,14.6899995803833,1.3614704269091713
2016-05-13,NEUTRAL,longbyungi,549023.7317762731,92395.2347008232,-13.70311230174619,-0.6210089385793593,0.83275504004638,14.40999984741211,1.3879250667439667
2016-05-16,NEUTRAL,longbyungi,561976.9150260151,111483.95083162753,-11.667099401864112,2.3593120843490967,0.7978723424492297,15.039999961853027,1.3297872374153827
2016-05-17,NEUTRAL,longbyungi,561201.4072901462,561201.4072901462,-11.78899559708847,-0.13799636873571552,0.8174386751047352,14.680000305175781,1.3623977918412253
2016-05-18,NEUTRAL,longbyungi,583811.1523775498,128676.22941744467,-8.235140782140505,4.028811188585291,0.7707129245473936,15.569999694824219,1.2845215409123227
2016-05-19,NEUTRAL,longbyungi,567919.2029516392,143145.96409840835,-10.733076109047268,-2.7221044615525436,0.7523511061755226,15.949999809265137,1.2539185102925376
2016-05-20,NEUTRAL,longbyungi,599487.9568117615,156045.26105912717,-5.771022469167564,5.558669912207659,0.7348438491159912,16.329999923706055,1.224739748526652
2016-05-23,BULL,longbyungi,601091.6046327043,128788.42791519116,-5.518957197847307,0.2675029252416472,0.7894736941171157,15.199999809265137,1.3157894901951928
2016-05-24,BULL,longbyungi,626390.944254962,147696.51920811675,-1.5423453614911375,4.208899180636005,0.758533516528828,15.819999694824219,1.2642225275480465
2016-05-25,BULL,longbyungi,633416.700110903,633416.700110903,-0.43801993983058063,1.1216247489493236,0.8321775268037374,14.420000076293945,1.3869625446728957
2016-05-26,BULL,longbyungi,633416.700110903,633416.700110903,-0.43801993983058063,0.0,0.8633093762105317,13.899999618530273,1.4388489603508863
2016-05-27,BULL,longbyungi,634765.723501754,67444.9779508157,-0.2259771567509783,0.21297565893270143,0.8935219454444334,13.430000305175781,1.489203242407389
2016-05-31,BULL,longbyungi,638981.1313970246,638981.1313970246,0.0,0.6640887715259502,0.9146341543194795,13.119999885559082,1.5243902571991326
2016-06-01,BULL,longbyungi,639577.2231158443,98616.52227015293,0.0,0.09328784365141285,0.8456659869524715,14.1899995803833,1.4094433115874525
2016-06-02,BULL,longbyungi,633340.6673819824,633340.6673819824,-0.9751059775829907,-0.9751059775829907,0.8450704338862249,14.199999809265137,1.4084507231437082
2016-06-03,BULL,longbyungi,633340.6673819824,633340.6673819824,-0.9751059775829907,0.0,0.8804108510084354,13.630000114440918,1.4673514183473924
2016-06-06,BULL,longbyungi,633340.6673819824,633340.6673819824,-0.9751059775829907,0.0,0.8908685792214124,13.470000267028809,1.4847809653690207
2016-06-07,BULL,longbyungi,633492.4737862998,76557.64752999297,-0.9513705475472145,0.02396915469597971,0.8791209036892316,13.649999618530273,1.4652015061487194
2016-06-08,BULL,longbyungi,632478.0219459342,632478.0219459342,-1.1099834255079877,-0.1601363682037782,0.8540925150957138,14.050000190734863,1.4234875251595231
2016-06-09,BULL,longbyungi,638168.3720227986,93434.2503211482,-0.22027849681420797,0.8996913535994633,0.8522727318908557,14.079999923706055,1.4204545531514263
2016-06-10,BULL,longbyungi,620438.2320604059,620438.2320604059,-2.9924441277315195,-2.778285596666852,0.8196721119254039,14.640000343322754,1.3661201865423398
2016-06-13,BULL,longbyungi,615553.2387486992,183253.35334438493,-3.756228880401158,-0.7873456307623372,0.7046388441669349,17.030000686645508,1.1743980736115582
2016-06-14,NEUTRAL,longbyungi,607538.247390253,260402.9848016512,-5.009399110478984,-1.3020793091332195,0.5722460845460278,20.969999313354492,0.9537434742433797
2016-06-15,NEUTRAL,longbyungi,612651.3500751031,612651.3500751031,-4.209948707923927,0.8416100067467402,0.5853658536585366,20.5,0.975609756097561
2016-06-16,NEUTRAL,longbyungi,619992.3005651389,247615.77789529826,-3.0621669820093067,1.1982264446386948,0.5958292136874523,20.139999389648438,0.9930486894790873
2016-06-17,NEUTRAL,longbyungi,617740.7227152041,617740.7227152041,-3.414208575824318,-0.3631622276409674,0.6195146866330709,19.3700008392334,1.0325244777217848
2016-06-20,NEUTRAL,longbyungi,606548.5851267851,235829.91741600708,-5.164136056652047,-1.8117856208710537,0.6182380264984872,19.40999984741211,1.030396710830812
2016-06-21,NEUTRAL,longbyungi,611839.8590218166,611839.8590218166,-4.336828000049609,0.8723578003113408,0.6532389467490506,18.3700008392334,1.0887315779150843
2016-06-22,NEUTRAL,longbyungi,604302.9071678672,214541.23942600092,-5.515255183124001,-1.2318504168720268,0.6493506654355597,18.479999542236328,1.0822511090592664
2016-06-23,NEUTRAL,longbyungi,626773.7307645467,268654.70963217167,-2.001868091693848,3.7184702125613533,0.5668398656945466,21.170000076293945,0.9447331094909109
2016-06-24,BULL,longbyungi,577996.5141139585,577996.5141139585,-9.628346159965107,-7.782268824682415,0.6956521739130435,17.25,1.1594202898550725
2016-06-27,NEUTRAL,longbyungi,577996.5141139585,577996.5141139585,-9.628346159965107,0.0,0.46583850517771846,25.760000228881836,0.7763975086295308
2016-06-28,BEAR,yangbyungi,580165.6765697069,432588.58836070774,-9.289190483785637,0.37528988545434405,0.5031446460404843,23.850000381469727,0.8385744100674738
2016-06-29,BEAR,yangbyungi,586694.2001428572,398127.55294301955,-8.268434375344945,1.1252860754794813,0.64,18.75,1.0666666666666667
2016-06-30,NEUTRAL,longbyungi,601139.3460308597,163870.77443907148,-6.009888359958437,2.4621252237511992,0.7211538726056125,16.639999389648438,1.2019231210093542
2016-07-01,BULL,longbyungi,588226.8159377525,588226.8159377525,-8.028804860799566,-2.1480094720741194,0.7677543129966404,15.630000114440918,1.2795905216610675
2016-07-05,NEUTRAL,longbyungi,588226.8159377525,588226.8159377525,-8.028804860799566,0.0,0.8124576593152605,14.770000457763672,1.3540960988587676
2016-07-06,BULL,longbyungi,592350.7069502363,135163.7975925025,-7.384020953018522,0.7010715766008646,0.770218232269768,15.579999923706055,1.2836970537829469
2016-07-07,NEUTRAL,longbyungi,601501.3800788078,117723.58574878133,-5.9532831471923675,1.5448066527487425,0.8021390353877557,14.960000038146973,1.336898392312926
2016-07-08,NEUTRAL,longbyungi,633619.8465442336,115043.43599462282,-0.9314553983939544,5.339716171759679,0.8130081174740657,14.760000228881836,1.3550135291234429
2016-07-11,BULL,longbyungi,641594.0565567131,58572.24530774739,0.0,1.258516452092029,0.909090922226919,13.199999809265137,1.5151515370448652
2016-07-12,BULL,longbyungi,655457.3010145602,74625.750638108,0.0,2.160750137282741,0.8862629271645677,13.539999961853027,1.4771048786076129
2016-07-13,BULL,longbyungi,661127.5904869029,661127.5904869029,0.0,0.8650890704193559,0.8856088436223998,13.550000190734863,1.4760147393706664
2016-07-14,BULL,longbyungi,661127.5904869029,661127.5904869029,0.0,0.0,0.9202454014650748,13.039999961853027,1.5337423357751248
2016-07-15,BULL,longbyungi,661127.5904869029,661127.5904869029,0.0,0.0,0.9360374637797163,12.819999694824219,1.5600624396328606
2016-07-18,BULL,longbyungi,660204.0228453662,34960.973433223786,-0.13969582495513277,-0.13969582495513277,0.9471191734601847,12.670000076293945,1.5785319557669746
2016-07-19,BULL,longbyungi,655720.0132287383,655720.0132287383,-0.8179324741510174,-0.6791854429033184,0.9646302576185664,12.4399995803833,1.607717096030944
2016-07-20,BULL,longbyungi,669027.2340064574,0.0,0.0,2.0294059216211524,1.0025062433000795,11.970000267028809,1.6708437388334658
2016-07-21,BULL,longbyungi,669236.4903191067,669236.4903191067,0.0,0.0312776972315687,1.0195411668046808,11.770000457763672,1.6992352780078013
2016-07-22,BULL,longbyungi,673310.4522834185,38872.437877335586,0.0,0.608747733162196,0.9419152445515927,12.739999771118164,1.5698587409193212
2016-07-25,BULL,longbyungi,672820.0885593962,1122.2217809050344,-0.07282877049648029,-0.07282877049648029,0.9983360684690529,12.020000457763672,1.6638934474484215
2016-07-26,BULL,longbyungi,739041.9659594416,46749.34289998934,0.0,9.842434630903462,0.9324009406919052,12.869999885559082,1.554001567819842
2016-07-27,BULL,longbyungi,753891.9039504237,753891.9039504237,0.0,2.009349762933099,0.919540216445335,13.050000190734863,1.5325670274088918
2016-07-28,BULL,longbyungi,745255.9583973989,48770.86722388049,-1.1455150941099168,-1.1455150941099168,0.9353078777364245,12.829999923706055,1.558846462894041
2016-07-29,BULL,longbyungi,745394.1672814876,745394.1672814876,-1.1271823751399346,0.01854515653734179,0.9433962066105372,12.720000267028809,1.5723270110175622
2016-08-01,BULL,longbyungi,745394.1672814876,745394.1672814876,-1.1271823751399346,0.0,1.01095198952774,11.869999885559082,1.6849199825462333
2016-08-02,BULL,longbyungi,745394.1672814876,745394.1672814876,-1.1271823751399346,0.0,0.9646302576185664,12.4399995803833,1.607717096030944
2016-08-03,BULL,longbyungi,751360.3388349499,76379.20214008621,-0.33579948295084927,0.800404915324382,0.8975317952665941,13.369999885559082,1.4958863254443235
2016-08-04,BULL,longbyungi,757562.9524244039,50544.58810301358,0.0,0.8255178333037572,0.9331259969178372,12.859999656677246,1.555209994863062
2016-08-05,BULL,longbyungi,772602.130343129,26048.123867840157,0.0,1.9852050407950683,0.9661835689441258,12.420000076293945,1.6103059482402098
2016-08-08,BULL,longbyungi,778933.5248138927,778933.5248138927,0.0,0.819489647012972,1.0535557189016989,11.390000343322754,1.755926198169498
2016-08-09,BULL,longbyungi,781657.106688975,0.0,0.0,0.34965523864607384,1.0434782608695652,11.5,1.7391304347826086
2016-08-10,BULL,longbyungi,783967.6654419831,783967.6654419831,0.0,0.295597485551613,1.0291595331935919,11.65999984741211,1.7152658886559866
2016-08-11,BULL,longbyungi,783967.6654419831,783967.6654419831,0.0,0.0,0.9958506066436987,12.050000190734863,1.6597510110728313
2016-08-12,BULL,longbyungi,782015.6159679568,0.0,-0.24899617166299626,-0.24899617166299626,1.0273972334300725,11.680000305175781,1.7123287223834542
2016-08-15,BULL,longbyungi,801068.1493286573,0.0,0.0,2.4363366883815685,1.038961021803802,11.550000190734863,1.7316017030063364
2016-08-16,BULL,longbyungi,799220.6511379863,799220.6511379863,-0.23062934061468532,-0.23062934061468532,1.0160880248630395,11.8100004196167,1.6934800414383993
2016-08-17,BULL,longbyungi,799220.6511379863,799220.6511379863,-0.23062934061468532,0.0,0.9493670628212567,12.640000343322754,1.582278438035428
2016-08-18,BULL,longbyungi,808007.9332692533,12457.062639629119,0.0,1.0994813658474767,0.9844134875370252,12.1899995803833,1.6406891458950421
2016-08-19,BULL,longbyungi,815347.472388161,0.0,0.0,0.9083498833001968,1.0498687383731835,11.430000305175781,1.7497812306219724
2016-08-22,BULL,longbyungi,812146.065226082,812146.065226082,-0.39264329264455666,-0.39264329264455666,1.0582010439621987,11.34000015258789,1.7636684066036648
2016-08-23,BULL,longbyungi,812146.065226082,812146.065226082,-0.39264329264455666,0.0,0.977995073537847,12.270000457763672,1.629991789229745
2016-08-24,BULL,longbyungi,812146.065226082,812146.065226082,-0.39264329264455666,0.0,0.9693053222190475,12.380000114440918,1.6155088703650793
2016-08-25,BULL,longbyungi,812146.065226082,812146.065226082,-0.39264329264455666,0.0,0.8921933212024068,13.449999809265137,1.486988868670678
2016-08-26,BULL,longbyungi,806265.748788237,97123.85679723485,-1.113847029331383,-0.7240466573224191,0.8804108510084354,13.630000114440918,1.4673514183473924
2016-08-29,BULL,longbyungi,801754.5246103312,97886.45264102728,-1.6671355757093331,-0.5595207516486789,0.8791209036892316,13.649999618530273,1.4652015061487194
2016-08-30,BULL,longbyungi,783079.6430454624,58292.55862371437,-3.9575555742125235,-2.3292517836360327,0.9273570625297147,12.9399995803833,1.5455951042161913
2016-08-31,BULL,longbyungi,783810.8981870508,783810.8981870508,-3.867869254409928,0.09338196287984601,0.9146341543194795,13.119999885559082,1.5243902571991326
2016-09-01,BULL,longbyungi,789670.7110876588,82936.77562578721,-3.149180217030012,0.7476054382711039,0.8941877743501405,13.420000076293945,1.4903129572502343
2016-09-02,BULL,longbyungi,797225.1641770655,797225.1641770655,-2.222648481145728,0.9566586405365785,0.890207745363855,13.479999542236328,1.4836795756064252
2016-09-06,BULL,longbyungi,797225.1641770655,797225.1641770655,-2.222648481145728,0.0,1.0016694873562524,11.979999542236328,1.669449145593754
2016-09-07,BULL,longbyungi,797225.1641770655,797225.1641770655,-2.222648481145728,0.0,0.9983360684690529,12.020000457763672,1.6638934474484215
2016-09-08,BULL,longbyungi,797225.1641770655,797225.1641770655,-2.222648481145728,0.0,1.005025160948521,11.9399995803833,1.6750419349142016
2016-09-09,BULL,longbyungi,797225.1641770655,797225.1641770655,-2.222648481145728,0.0,0.9592325963588394,12.510000228881836,1.598720993931399
2016-09-12,NEUTRAL,longbyungi,833593.8407729815,250556.48016993492,0.0,4.561907755816708,0.6857142857142856,17.5,1.1428571428571428
2016-09-13,BULL,longbyungi,805185.5584320812,171588.98668220977,-3.4079285320243735,-3.4079285320243735,0.7915567361993386,15.15999984741211,1.3192612269988977
2016-09-14,NEUTRAL,longbyungi,811703.486712805,264349.0722937295,-2.6260215694345668,0.809493937449135,0.6722688931960654,17.850000381469727,1.1204481553267758
2016-09-15,NEUTRAL,longbyungi,839373.8609321106,275513.63993950037,0.0,3.4089263717917095,0.6615215217067637,18.139999389648438,1.1025358695112728
2016-09-16,BULL,longbyungi,853407.9442927068,853407.9442927068,0.0,1.6719705025138198,0.7361963534768861,16.299999237060547,1.2269939224614768
2016-09-19,BULL,longbyungi,831446.925514252,187116.76616886456,-2.573331889552044,-2.573331889552044,0.7807417104325828,15.369999885559082,1.3012361840543047
2016-09-20,BULL,longbyungi,839747.0055837614,839747.0055837614,-1.6007512937165624,0.9982693801382059,0.7726980171495577,15.529999732971191,1.287830028582596
2016-09-21,BULL,longbyungi,845969.8477016529,206771.87878018303,-0.871575738285224,0.7410377264239987,0.753768840608794,15.920000076293945,1.2562814010146568
2016-09-22,BULL,longbyungi,856300.4339401525,856300.4339401525,0.0,1.2211530075883825,0.9022556261585261,13.300000190734863,1.5037593769308768
2016-09-23,BULL,longbyungi,856300.4339401525,856300.4339401525,0.0,0.0,0.9983360684690529,12.020000457763672,1.6638934474484215
2016-09-26,BULL,longbyungi,856300.4339401525,856300.4339401525,0.0,0.0,0.976403583177123,12.289999961853027,1.627339305295205
2016-09-27,BULL,longbyungi,884547.5861340392,147638.0058517505,0.0,3.298743183383812,0.8275862068965517,14.5,1.3793103448275863
2016-09-28,BULL,longbyungi,876087.5900402439,74601.38107724674,-0.9564206862821445,-0.9564206862821445,0.9160305076764956,13.100000381469727,1.5267175127941595
2016-09-29,BULL,longbyungi,892848.6356067946,27555.190736520803,0.0,1.9131700707894606,0.9685229755838598,12.390000343322754,1.6142049593064332
2016-09-30,BULL,longbyungi,917395.2277224234,131272.4000948161,0.0,2.7492445120831155,0.8559200861762395,14.020000457763672,1.4265334769603992
2016-10-03,BULL,longbyungi,886794.5805406148,89125.16319864208,-3.335601304334168,-3.335601304334168,0.9029345398377893,13.289999961853027,1.5048908997296488
2016-10-04,BULL,longbyungi,899143.2103816652,899143.2103816652,-1.9895478839661807,1.3925017261068762,0.8843036307935189,13.569999694824219,1.4738393846558648
2016-10-05,BULL,longbyungi,897347.9395527012,107527.77135108667,-2.1852400758060053,-0.1996646149618253,0.8804108510084354,13.630000114440918,1.4673514183473924
2016-10-06,BULL,longbyungi,897848.0704634123,68400.80675267719,-2.1307236693981824,0.055734335441881555,0.9237875451453572,12.989999771118164,1.5396459085755954
2016-10-07,BULL,longbyungi,902591.9860863647,902591.9860863647,-1.6136165949772852,0.5283650741159329,0.9345794281459888,12.84000015258789,1.5576323802433147
2016-10-10,BULL,longbyungi,902591.9860863647,902591.9860863647,-1.6136165949772852,0.0,0.890207745363855,13.479999542236328,1.4836795756064252
2016-10-11,BULL,longbyungi,902591.9860863647,902591.9860863647,-1.6136165949772852,0.0,0.896860978876114,13.380000114440918,1.4947682981268569
2016-10-12,BULL,longbyungi,902591.9860863647,902591.9860863647,-1.6136165949772852,0.0,0.7812500174622986,15.359999656677246,1.3020833624371644
2016-10-13,BULL,longbyungi,902591.9860863647,902591.9860863647,-1.6136165949772852,0.0,0.7542426219414387,15.90999984741211,1.2570710365690645
2016-10-14,BULL,longbyungi,884934.4600113768,253634.31763486145,-3.5383623906171335,-1.9563131899221653,0.7189933862202579,16.690000534057617,1.1983223103670966
2016-10-17,NEUTRAL,longbyungi,863233.1134354725,225261.27300949453,-5.903901900756214,-2.4523111661427732,0.7444168346935812,16.1200008392334,1.240694724489302
2016-10-18,NEUTRAL,longbyungi,892266.3510115626,892266.3510115626,-2.7391549412402183,3.3633137010400826,0.7402838172578702,16.209999084472656,1.2338063620964503
2016-10-19,NEUTRAL,longbyungi,889934.6790638779,191533.60236924712,-2.993317147149388,-0.2613201702654444,0.7853403278605033,15.279999732971191,1.3089005464341723
2016-10-20,NEUTRAL,longbyungi,893502.8690974903,148524.67323048925,-2.6043691860322404,0.40094965591921383,0.83275504004638,14.40999984741211,1.3879250667439667
2016-10-21,BULL,longbyungi,875433.8838712457,111202.8873835021,-4.573965787390599,-2.0222638170704244,0.8727272727272727,13.75,1.4545454545454546
2016-10-24,BULL,longbyungi,905036.0847717597,89634.76708568772,-1.3471993942400617,3.381431932884582,0.8995502145981656,13.34000015258789,1.4992503576636094
2016-10-25,BULL,longbyungi,911646.8498142862,911646.8498142862,-0.6265977557359248,0.7304421507341008,0.9216589537709687,13.020000457763672,1.536098256284948
2016-10-26,BULL,longbyungi,909774.1302942511,98885.91617631714,-0.830732185853289,-0.2054215972354445,0.8915304580973856,13.460000038146973,1.4858840968289762
2016-10-27,BULL,longbyungi,933319.5585435276,933319.5585435276,0.0,2.58805207416275,0.8426966427582833,14.239999771118164,1.4044944045971388
2016-10-28,BULL,longbyungi,907724.9103895023,204163.6371334918,-2.7423242039378737,-2.7423242039378737,0.7812500174622986,15.359999656677246,1.3020833624371644
2016-10-31,NEUTRAL,longbyungi,921167.539938113,921167.539938113,-1.3020212095820938,1.4809144703148425,0.7411982460875498,16.190000534057617,1.2353304101459164
2016-11-01,NEUTRAL,longbyungi,921167.539938113,921167.539938113,-1.3020212095820938,0.0,0.7033997875531076,17.059999465942383,1.1723329792551793
2016-11-02,NEUTRAL,longbyungi,898333.6528307159,325585.06163354847,-3.7485452214682247,-2.478798494021095,0.646551742742235,18.559999465942383,1.077586237903725
2016-11-03,NEUTRAL,longbyungi,885583.1593586969,341222.58348670846,-5.114689684562568,-1.419349417873994,0.621118022233446,19.31999969482422,1.0351967037224101
2016-11-04,NEUTRAL,longbyungi,868100.2104473741,399546.5431171407,-6.987890428218413,-1.9741735969757146,0.5434782627474684,22.079999923706055,0.9057971045791139
2016-11-07,NEUTRAL,longbyungi,900042.101173322,417567.8792482528,-3.565494483168885,3.679516528337956,0.5330963961787614,22.510000228881836,0.8884939936312689
2016-11-08,NEUTRAL,longbyungi,894149.5217492937,322935.87891854753,-4.196851596612838,-0.6547004208299345,0.6413682836552753,18.709999084472656,1.0689471394254588
2016-11-09,NEUTRAL,longbyungi,854159.8243393026,854159.8243393026,-8.481525269625346,-4.472372510109512,0.64034152329576,18.739999771118164,1.0672358721596
2016-11-10,BULL,longbyungi,796350.1077008588,796350.1077008588,-14.675514896142705,-6.768021041397009,0.8344923438456141,14.380000114440918,1.3908205730760235
2016-11-11,NEUTRAL,longbyungi,835307.1454260268,148032.50656120968,-10.501484965176566,4.891948572423854,0.814111274513927,14.739999771118164,1.3568521241898783
2016-11-14,BULL,longbyungi,838318.4207709173,838318.4207709173,-10.178843559312345,0.360499172236195,0.8468595578962416,14.170000076293945,1.411432596493736
2016-11-15,BULL,longbyungi,854379.1116219468,143579.3760694461,-8.458029856865924,1.9158222523918855,0.8287293079670007,14.479999542236328,1.3812155132783346
2016-11-16,BULL,longbyungi,868197.1745481244,87162.3980613543,-6.977501264093144,1.6173221861599085,0.8975317952665941,13.369999885559082,1.4958863254443235
2016-11-17,BULL,longbyungi,880731.9566365014,111480.68187744869,-5.634469076067661,1.443771352389045,0.8746355514903141,13.720000267028809,1.4577259191505236
2016-11-18,BULL,longbyungi,883604.3147619902,89406.85398766154,-5.326711877668078,0.3261330650994321,0.8988763788094287,13.350000381469727,1.4981272980157145
2016-11-21,BULL,longbyungi,880590.6646152096,58849.81670985662,-5.649607730347261,-0.34106331266529066,0.933852112355151,12.850000381469727,1.556420187258585
2016-11-22,BULL,longbyungi,903534.4678048663,903534.4678048663,-3.191306821550155,2.6055015243299673,0.9661835689441258,12.420000076293945,1.6103059482402098
2016-11-23,BULL,longbyungi,903534.4678048663,903534.4678048663,-3.191306821550155,0.0,0.9669621392060204,12.40999984741211,1.6116035653433674
2016-11-25,BULL,longbyungi,903534.4678048663,903534.4678048663,-3.191306821550155,0.0,0.9654062514385674,12.430000305175781,1.609010419064279
2016-11-28,BULL,longbyungi,903534.4678048663,903534.4678048663,-3.191306821550155,0.0,0.9724473137452443,12.34000015258789,1.6207455229087406
2016-11-29,BULL,longbyungi,903534.4678048663,903534.4678048663,-3.191306821550155,0.0,0.9125475549892978,13.149999618530273,1.5209125916488297
2016-11-30,BULL,longbyungi,903534.4678048663,903534.4678048663,-3.191306821550155,0.0,0.9302325856477186,12.899999618530273,1.5503876427461978
2016-12-01,BULL,longbyungi,903534.4678048663,903534.4678048663,-3.191306821550155,0.0,0.9002250614164832,13.329999923706055,1.5003751023608054
2016-12-02,BULL,longbyungi,924071.0498192874,132929.36127832695,-0.9909262738126645,2.2729162800302127,0.8528784833175449,14.069999694824219,1.4214641388625748
2016-12-05,NEUTRAL,longbyungi,939500.8138775196,141625.11092170107,0.0,1.6697594910315194,0.8498583638285107,14.119999885559082,1.4164306063808512
2016-12-06,BULL,longbyungi,960871.5392956416,10920.183741076384,0.0,2.274689399141705,0.9884678468399091,12.140000343322754,1.6474464113998486
2016-12-07,BULL,longbyungi,1004954.784604471,0.0,0.0,4.58783963370839,1.0178117081277722,11.789999961853027,1.6963528468796205
2016-12-08,BULL,longbyungi,1013614.4011854432,18121.837974218884,0.0,0.8616921590537396,0.9819967052191971,12.220000267028809,1.6366611753653286
2016-12-09,BULL,longbyungi,1041040.0497662025,1041040.0497662025,0.0,2.705727991698259,0.9493670628212567,12.640000343322754,1.582278438035428
2016-12-12,BULL,longbyungi,1041040.0497662025,1041040.0497662025,0.0,0.0,1.0212765957446808,11.75,1.702127659574468
2016-12-13,BULL,longbyungi,1044619.6191747836,52710.915440367884,0.0,0.34384550425172744,0.9493670628212567,12.640000343322754,1.582278438035428
2016-12-14,BULL,longbyungi,1026235.7652137103,59168.90362855652,-1.7598610655614522,-1.7598610655614522,0.9433962066105372,12.720000267028809,1.5723270110175622
2016-12-15,BULL,longbyungi,1059461.4221841088,93327.38987619709,0.0,3.23762414999047,0.9097801654100796,13.1899995803833,1.516300275683466
2016-12-16,BULL,longbyungi,1077368.7992769985,1077368.7992769985,0.0,1.6902339922838516,0.9382329973253125,12.789999961853027,1.5637216622088543
2016-12-19,BULL,longbyungi,1072469.8763863002,17661.767027240014,-0.4547117843013315,-0.4547117843013315,0.9836065727547594,12.199999809265137,1.639344287924599
2016-12-20,BULL,longbyungi,1058892.4735744237,1058892.4735744237,-1.7149490234888876,-1.2659938624687284,1.024765154646312,11.710000038146973,1.7079419244105198
2016-12-21,BULL,longbyungi,1058892.4735744237,1058892.4735744237,-1.7149490234888876,0.0,1.0480349519560526,11.449999809265137,1.7467249199267545
2016-12-22,BULL,longbyungi,1058892.4735744237,1058892.4735744237,-1.7149490234888876,0.0,1.0647736923323234,11.270000457763672,1.7746228205538723
2016-12-23,BULL,longbyungi,1064731.0184159917,0.0,-1.1730227262463644,0.5513822212617425,1.0498687383731835,11.430000305175781,1.7497812306219724
2016-12-27,BULL,longbyungi,1085424.993423083,0.0,0.0,1.9435871266226368,1.0489510874263455,11.4399995803833,1.7482518123772426
2016-12-28,BULL,longbyungi,1105807.349920503,1105807.349920503,0.0,1.8778226612546023,1.0008340474622797,11.989999771118164,1.6680567457704663
2016-12-29,BULL,longbyungi,1105807.349920503,1105807.349920503,0.0,0.0,0.9266409402890141,12.949999809265137,1.5444015671483569
2016-12-30,BULL,longbyungi,1105807.349920503,1105807.349920503,0.0,0.0,0.8975317952665941,13.369999885559082,1.4958863254443235
2017-01-03,BULL,longbyungi,1068198.035262145,160672.86024101207,-3.4010729500994707,-3.4010729500994707,0.8547008570230946,14.039999961853027,1.4245014283718245
2017-01-04,BULL,longbyungi,1079635.1999779204,1079635.1999779204,-2.366791100137311,1.070697037274404,0.933852112355151,12.850000381469727,1.556420187258585
2017-01-05,BULL,longbyungi,1079635.1999779204,1079635.1999779204,-2.366791100137311,0.0,1.0126581952490763,11.850000381469727,1.6877636587484606
2017-01-06,BULL,longbyungi,1080831.023899346,-2.3283064365386963e-10,-2.258650751684077,0.1107618500628682,1.0282776282389583,11.670000076293945,1.7137960470649305
2017-01-09,BULL,longbyungi,1097269.980158738,0.0,-0.7720485636470764,1.5209552553446137,1.0600706999565286,11.319999694824219,1.7667844999275477
2017-01-10,BULL,longbyungi,1095591.7585310729,0.0,-0.9238129399451567,-0.1529451874207277,1.0380622460563795,11.5600004196167,1.7301037434272992
2017-01-11,BULL,longbyungi,1091388.6898672485,1091388.6898672485,-1.303903437998588,-0.3836345637958871,1.0443864437807735,11.489999771118164,1.7406440729679558
2017-01-12,BULL,longbyungi,1091388.6898672485,1091388.6898672485,-1.303903437998588,0.0,1.065719338905524,11.260000228881836,1.7761988981758734
2017-01-13,BULL,longbyungi,1091347.9132680937,0.0,-1.3075909337597391,-0.0037362123625928056,1.0398613552571543,11.539999961853027,1.733102258761924
2017-01-17,BULL,longbyungi,1080300.376438013,1080300.376438013,-2.3066380852255874,-1.0122836811038871,1.0685663837177979,11.229999542236328,1.7809439728629965
2017-01-18,BULL,longbyungi,1104594.9185023562,0.0,-0.10964219203589698,2.2488691658562265,1.01095198952774,11.869999885559082,1.6849199825462333
2017-01-19,BULL,longbyungi,1072160.5042836817,41838.22815240873,-3.042740278335121,-2.9363175292033694,0.9615384968074834,12.479999542236328,1.6025641613458057
2017-01-20,BULL,longbyungi,1094631.9275604347,67065.5547070445,-1.0106120528925566,2.0959010509127296,0.9389671557692708,12.779999732971191,1.5649452596154514
2017-01-23,BULL,longbyungi,1078687.2308362091,1078687.2308362091,-2.4525175281430056,-1.4566263163692694,1.0398613552571543,11.539999961853027,1.733102258761924
2017-01-24,BULL,longbyungi,1112515.6272256537,0.0,0.0,3.1360709038170898,1.0195411668046808,11.770000457763672,1.6992352780078013
2017-01-25,BULL,longbyungi,1154692.060808047,1154692.060808047,0.0,3.7910868441076273,1.0840108699922189,11.069999694824219,1.806684783320365
2017-01-26,BULL,longbyungi,1154692.060808047,1154692.060808047,0.0,0.0,1.110083213153612,10.8100004196167,1.8501386885893534
2017-01-27,BULL,longbyungi,1161155.2834062288,2.3283064365386963e-10,0.0,0.5597356054963143,1.1288805146575613,10.630000114440918,1.881467524429269
2017-01-30,BULL,longbyungi,1142198.719403388,1142198.719403388,-1.6325606293786987,-1.6325606293786987,1.1342155091241752,10.579999923706055,1.8903591818736256
2017-01-31,BULL,longbyungi,1142198.719403388,1142198.719403388,-1.6325606293786987,0.0,1.0101010003706323,11.880000114440918,1.6835016672843874
2017-02-01,BULL,longbyungi,1142198.719403388,1142198.719403388,-1.6325606293786987,0.0,1.0008340474622797,11.989999771118164,1.6680567457704663
2017-02-02,BULL,longbyungi,1144697.2473737353,0.0,-1.417384588236481,0.21874722216921327,1.0160880248630395,11.8100004196167,1.6934800414383993
2017-02-03,BULL,longbyungi,1159602.351072931,1159602.351072931,-0.1337402805197896,1.302100073481638,1.0058675350405355,11.930000305175781,1.676445891734226
2017-02-06,BULL,longbyungi,1159602.351072931,1159602.351072931,-0.1337402805197896,0.0,1.0938924072834286,10.970000267028809,1.823154012139048
2017-02-07,BULL,longbyungi,1159602.351072931,1159602.351072931,-0.1337402805197896,0.0,1.0554089815991181,11.369999885559082,1.7590149693318635
2017-02-08,BULL,longbyungi,1159602.351072931,1159602.351072931,-0.1337402805197896,0.0,1.0628875146630594,11.289999961853027,1.771479191105099
2017-02-09,BULL,longbyungi,1159602.351072931,1159602.351072931,-0.1337402805197896,0.0,1.0480349519560526,11.449999809265137,1.7467249199267545
2017-02-10,BULL,longbyungi,1159602.351072931,1159602.351072931,-0.1337402805197896,0.0,1.1029411648693384,10.880000114440918,1.8382352747822306
2017-02-13,BULL,longbyungi,1137506.6153438608,0.0,-2.036649912404054,-1.9054579967543117,1.1059907445251624,10.850000381469727,1.8433179075419375
2017-02-14,BULL,longbyungi,1132554.9196232331,1132554.9196232331,-2.4630955214789974,-0.43531137787105045,1.0840108699922189,11.069999694824219,1.806684783320365
2017-02-15,BULL,longbyungi,1136646.603746287,0.0,-2.1107150792136875,0.36127909138525816,1.11731845956554,10.739999771118164,1.8621974326092334
2017-02-16,BULL,longbyungi,1139443.3133237078,1139443.3133237078,-1.8698593024379373,0.24604917378920899,1.0025062433000795,11.970000267028809,1.6708437388334658
2017-02-17,BULL,longbyungi,1153753.5695730117,0.0,-0.6374439266645049,1.2558989185307956,1.0204081434053665,11.760000228881836,1.7006802390089442
2017-02-21,BULL,longbyungi,1183497.094732895,0.0,0.0,2.577979036796485,1.0443864437807735,11.489999771118164,1.7406440729679558
2017-02-22,BULL,longbyungi,1183291.98311772,1183291.98311772,-0.0173309774977648,-0.0173309774977648,1.0371651094656587,11.569999694824219,1.728608515776098
2017-02-23,BULL,longbyungi,1183291.98311772,1183291.98311772,-0.0173309774977648,0.0,1.0221465275937627,11.739999771118164,1.7035775459896045
2017-02-24,BULL,longbyungi,1222026.325764841,-2.3283064365386963e-10,0.0,3.2734391172890565,1.024765154646312,11.710000038146973,1.7079419244105198
2017-02-27,BULL,longbyungi,1236575.9602933011,0.0,0.0,1.19061547379955,1.0462074734640334,11.470000267028809,1.7436791224400559
2017-02-28,BULL,longbyungi,1241010.3082248436,1241010.3082248436,0.0,0.35859891134311095,0.9925558187384615,12.09000015258789,1.654259697897436
2017-03-01,BULL,longbyungi,1241010.3082248436,1241010.3082248436,0.0,0.0,0.9287925641748258,12.920000076293945,1.5479876069580432
2017-03-02,BULL,longbyungi,1241010.3082248436,1241010.3082248436,0.0,0.0,0.9569378019540893,12.539999961853027,1.594896336590149
2017-03-03,BULL,longbyungi,1241010.3082248436,1241010.3082248436,0.0,0.0,1.0160880248630395,11.8100004196167,1.6934800414383993
2017-03-06,BULL,longbyungi,1243396.0157698046,-2.3283064365386963e-10,0.0,0.19223914009010024,1.0948905071380695,10.960000038146973,1.8248175118967824
2017-03-07,BULL,longbyungi,1231467.3806235217,0.0,-0.959359286582373,-0.959359286582373,1.0676156801030103,11.239999771118164,1.7793594668383508
2017-03-08,BULL,longbyungi,1220108.5449499486,-2.3283064365386963e-10,-1.8728925076568204,-0.922382180177761,1.0480349519560526,11.449999809265137,1.7467249199267545
2017-03-09,BULL,longbyungi,1215822.1674024365,1215822.1674024365,-2.2176239924893704,-0.35131116532651774,1.0118044137753355,11.859999656677246,1.686340689625559
2017-03-10,BULL,longbyungi,1216685.7374347937,29654.217598724645,-2.14817145915287,0.0710276597606585,0.9756097409688788,12.300000190734863,1.6260162349481313
2017-03-13,BULL,longbyungi,1224227.3480108844,0.0,-1.5416381841188875,0.6198486876316078,1.0291595331935919,11.65999984741211,1.7152658886559866
2017-03-14,BULL,longbyungi,1211247.198367287,1211247.198367287,-2.5855654188029376,-1.0602728051033572,1.0572686869325112,11.350000381469727,1.7621144782208522
2017-03-15,BULL,longbyungi,1212476.984958737,29542.632918898016,-2.4866599553904245,0.10153060358841781,0.9756097409688788,12.300000190734863,1.6260162349481313
2017-03-16,BULL,longbyungi,1226989.0034085677,1226989.0034085677,-1.31953232543367,1.1968902197615483,1.0318142632775777,11.630000114440918,1.7196904387959628
2017-03-17,BULL,longbyungi,1226989.0034085677,1226989.0034085677,-1.31953232543367,0.0,1.0704727885071101,11.210000038146973,1.7841213141785168
2017-03-20,BULL,longbyungi,1228256.0180990044,0.0,-1.2176327958898003,0.1032621064179784,1.0638298124178376,11.279999732971191,1.7730496873630626
2017-03-21,BULL,longbyungi,1242636.1056752917,1242636.1056752917,-0.06111569322042598,1.170772816447796,1.0582010439621987,11.34000015258789,1.7636684066036648
2017-03-22,BULL,longbyungi,1259891.473304244,46835.54843469011,0.0,1.3886098713971506,0.962309522296362,12.470000267028809,1.60384920382727
2017-03-23,BULL,longbyungi,1258379.851346439,1258379.851346439,-0.11998033083282511,-0.11998033083282511,0.9367681191972251,12.8100004196167,1.561280198662042
2017-03-24,BULL,longbyungi,1217944.8657688808,107422.66019751644,-3.3293826035152296,-3.2132575497210603,0.9146341543194795,13.119999885559082,1.5243902571991326
2017-03-27,BULL,longbyungi,1205845.0291524453,87423.8980990795,-4.289769817241029,-0.9934634117281682,0.9259259232005191,12.960000038146973,1.5432098720008653
2017-03-28,BULL,longbyungi,1211422.6384668697,1211422.6384668697,-3.8470642800889743,0.4625477718596116,0.96,12.5,1.6
2017-03-29,BULL,longbyungi,1211422.6384668697,1211422.6384668697,-3.8470642800889743,0.0,1.0407632504695377,11.529999732971191,1.7346054174492296
2017-03-30,BULL,longbyungi,1214956.2640028337,0.0,-3.5665936514008845,0.2916922157271351,1.0507880840482688,11.420000076293945,1.7513134734137816
2017-03-31,BULL,longbyungi,1216863.1657395775,1216863.1657395775,-3.4152392072166915,0.1569522947650226,1.0398613552571543,11.539999961853027,1.733102258761924
2017-04-03,BULL,longbyungi,1216863.1657395775,1216863.1657395775,-3.4152392072166915,0.0,0.9700889337928753,12.369999885559082,1.6168148896547923
2017-04-04,BULL,longbyungi,1202288.0271668485,37351.22277588607,-4.572095879522243,-1.1977631489790808,0.9693053222190475,12.380000114440918,1.6155088703650793
2017-04-05,BULL,longbyungi,1156548.510824384,0.0,-8.202528921703745,-3.8043726053105797,1.0178117081277722,11.789999961853027,1.6963528468796205
2017-04-06,BULL,longbyungi,1154786.1673377028,1154786.1673377028,-8.342409500628467,-0.1523795560832042,0.9309542032879937,12.890000343322754,1.551590338813323
2017-04-07,BULL,longbyungi,1151518.0005303402,36349.232384709874,-8.601810161448187,-0.2830105607254718,0.9685229755838598,12.390000343322754,1.6142049593064332
2017-04-10,BULL,longbyungi,1151456.8742458576,1151456.8742458576,-8.606661871756405,-0.005308322097830054,0.9324009406919052,12.869999885559082,1.554001567819842
2017-04-11,BULL,longbyungi,1151456.8742458576,1151456.8742458576,-8.606661871756405,0.0,0.8540925150957138,14.050000190734863,1.4234875251595231
2017-04-12,BULL,longbyungi,1151456.8742458576,1151456.8742458576,-8.606661871756405,0.0,0.7962840240880291,15.069999694824219,1.3271400401467153
2017-04-13,BEAR,yangbyungi,1139320.2061596941,688328.2800625951,-9.569972469798104,-1.0540271509614563,0.7609384687171853,15.770000457763672,1.2682307811953089
2017-04-17,BEAR,yangbyungi,1151215.1229517926,541478.464688982,-8.625850135125713,1.0440363233960914,0.7518796974510066,15.960000038146973,1.253132829085011
2017-04-18,BULL,longbyungi,1151746.7071646284,207259.9576795497,-8.583657277716995,0.0461759233559178,0.8185538966508467,14.65999984741211,1.3642564944180777
2017-04-19,BULL,longbyungi,1151188.6411660386,196921.2514947201,-8.627952045196153,-0.04845388270861006,0.8321775268037374,14.420000076293945,1.3869625446728957
2017-04-20,BULL,longbyungi,1180158.4667501594,229851.1990962911,-6.328561486726592,2.5165141965592497,0.8037508208114345,14.930000305175781,1.3395847013523907
2017-04-21,BULL,longbyungi,1170082.0122556621,1170082.0122556621,-7.1283489849362835,-0.8538221584975081,0.8480565599652229,14.149999618530273,1.4134275999420383
2017-04-24,BULL,longbyungi,1170082.0122556621,1170082.0122556621,-7.1283489849362835,0.0,0.8202323927636263,14.630000114440918,1.367053987939377
2017-04-25,BULL,longbyungi,1165181.9406314336,0.0,-7.517277057556493,-0.41878018573947573,1.1070110545279999,10.84000015258789,1.8450184242133332
2017-04-26,BULL,longbyungi,1160081.0837835532,1160081.0837835532,-7.922141838052443,-0.4377734214723761,1.115241611964819,10.760000228881836,1.858736019941365
2017-04-27,BULL,longbyungi,1165552.1798436705,0.0,-7.487890461958235,0.471613246401148,1.1059907445251624,10.850000381469727,1.8433179075419375
2017-04-28,BULL,longbyungi,1155598.0696361032,1155598.0696361032,-8.277967259720908,-0.8540252748617694,1.158301196686405,10.359999656677246,1.9305019944773418
2017-05-01,BULL,longbyungi,1157714.2970633574,0.0,-8.109998234444149,0.1831283283400209,1.1090573325746245,10.819999694824219,1.8484288876243742
2017-05-02,BULL,longbyungi,1146878.9189833568,1146878.9189833568,-8.97002295161946,-0.9359285021775632,1.18694366048514,10.109999656677246,1.9782394341419
2017-05-03,BULL,longbyungi,1155693.2168198111,-2.3283064365386963e-10,-8.270415245462226,0.7685465039559469,1.1331444595935671,10.59000015258789,1.888574099322612
2017-05-04,BULL,longbyungi,1159511.0998828297,1159511.0998828297,-7.967382552256863,0.3303543715108548,1.123595473511786,10.680000305175781,1.8726591225196432
2017-05-05,BULL,longbyungi,1159511.0998828297,1159511.0998828297,-7.967382552256863,0.0,1.1472275292769352,10.460000038146973,1.9120458821282253
2017-05-08,BULL,longbyungi,1159511.0998828297,1159511.0998828297,-7.967382552256863,0.0,1.1352885852850123,10.569999694824219,1.8921476421416874
2017-05-09,BULL,longbyungi,1176056.1327041544,-2.3283064365386963e-10,-6.654171599417181,1.4268973210344038,1.2,9.770000457763672,2.0
2017-05-10,BULL,longbyungi,1229989.5147476501,0.0,-2.37337573832227,4.585953046261881,1.2,9.960000038146973,2.0
2017-05-11,BULL,longbyungi,1221982.4950893577,0.0,-3.00890822885439,-0.650982757355878,1.1753183109858143,10.210000038146973,1.958863851643024
2017-05-12,BULL,longbyungi,1225687.5751140818,1225687.5751140818,-2.7148289289122274,0.30320238134451394,1.132075430957311,10.600000381469727,1.8867923849288515
2017-05-15,BULL,longbyungi,1253244.2772100398,0.0,-0.5276006890316487,2.248264782597076,1.15384619616898,10.399999618530273,1.9230769936149668
2017-05-16,BULL,longbyungi,1287629.7241544237,2.3283064365386963e-10,0.0,2.7437146587999894,1.1516314694949608,10.420000076293945,1.9193857824916014
2017-05-17,BULL,longbyungi,1235837.8878292113,1235837.8878292113,-4.022261629539791,-4.022261629539791,1.1267606037394422,10.649999618530273,1.877934339565737
2017-05-18,BULL,longbyungi,1264386.3635278512,284583.58963802166,-1.8051276846561048,2.3100502080241503,0.7697241746343432,15.59000015258789,1.282873624390572
2017-05-19,BULL,longbyungi,1290756.7017372034,1290756.7017372034,0.0,2.0856234273022745,0.8185538966508467,14.65999984741211,1.3642564944180777
2017-05-22,BULL,longbyungi,1292589.5852902187,4288.224168987712,0.0,0.14200070009695587,0.9966777440216144,12.039999961853027,1.6611295733693574
2017-05-23,BULL,longbyungi,1294302.693659212,1294302.693659212,0.0,0.13253304749540895,1.097895669254239,10.930000305175781,1.8298261154237316
2017-05-24,BULL,longbyungi,1294302.693659212,1294302.693659212,0.0,0.0,1.1194029571909665,10.720000267028809,1.8656715953182776
2017-05-25,BULL,longbyungi,1294302.693659212,1294302.693659212,0.0,0.0,1.1976047357065926,10.020000457763672,1.9960078928443212
2017-05-26,BULL,longbyungi,1294302.693659212,1294302.693659212,0.0,0.0,1.2,9.989999771118164,2.0
2017-05-30,BULL,longbyungi,1300397.5960765376,0.0,0.0,0.47090239765277264,1.2,9.8100004196167,2.0
2017-05-31,BULL,longbyungi,1327185.3240437426,1327185.3240437426,0.0,2.059964433033934,1.1560693514160272,10.380000114440918,1.9267822523600453
2017-06-01,BULL,longbyungi,1327185.3240437426,1327185.3240437426,0.0,0.0,1.1527377690580043,10.40999984741211,1.921229615096674
2017-06-02,BULL,longbyungi,1322464.5184812483,0.0,-0.3557005549240655,-0.3557005549240655,1.2,9.890000343322754,2.0
2017-06-05,BULL,longbyungi,1312024.9295351917,-2.3283064365386963e-10,-1.1422967263049144,-0.7894040860956797,1.2,9.75,2.0
2017-06-06,BULL,longbyungi,1303234.2306895196,0.0,-1.8046532703697715,-0.6700100468964743,1.1916584273749047,10.069999694824219,1.9860973789581746
2017-06-07,BULL,longbyungi,1311869.0633826323,0.0,-1.154040839936643,0.6625695128146036,1.1483253798110702,10.449999809265137,1.9138756330184505
2017-06-08,BULL,longbyungi,1357864.1387279665,0.0,0.0,3.50607210956988,1.15495665096026,10.390000343322754,1.9249277516004335
2017-06-09,BULL,longbyungi,1385029.159985158,1385029.159985158,0.0,2.000569901097715,1.1811023799431024,10.15999984741211,1.9685039665718373
2017-06-12,BULL,longbyungi,1398258.0753749823,0.0,0.0,0.9551362362627991,1.1214953470942302,10.699999809265137,1.8691589118237169
2017-06-13,BULL,longbyungi,1466426.776074315,1466426.776074315,0.0,4.875258859567189,1.0471204153626115,11.460000038146973,1.745200692271019
2017-06-14,BULL,longbyungi,1466426.776074315,1466426.776074315,0.0,0.0,1.1516314694949608,10.420000076293945,1.9193857824916014
2017-06-15,BULL,longbyungi,1466426.776074315,1466426.776074315,0.0,0.0,1.1278195124806296,10.640000343322754,1.879699187467716
2017-06-16,BULL,longbyungi,1422437.3677354553,-2.3283064365386963e-10,-2.999768488722032,-2.999768488722032,1.1009174697217143,10.899999618530273,1.8348624495361905
2017-06-19,BULL,longbyungi,1478735.572810239,-2.3283064365386963e-10,0.0,3.9578688209247037,1.1560693514160272,10.380000114440918,1.9267822523600453
2017-06-20,BULL,longbyungi,1494464.8881016108,1494464.8881016108,0.0,1.0637003383559218,1.1571841979198865,10.369999885559082,1.9286403298664774
2017-06-21,BULL,longbyungi,1500738.0133399752,0.0,0.0,0.4197572849190756,1.1049724106226675,10.859999656677246,1.8416206843711127
2017-06-22,BULL,longbyungi,1507214.5616505279,1507214.5616505279,0.0,0.4315575572140462,1.1162790697674418,10.75,1.8604651162790697
2017-06-23,BULL,longbyungi,1503153.1946697757,0.0,-0.269461766366208,-0.269461766366208,1.1450382179539025,10.479999542236328,1.908397029923171
2017-06-26,BULL,longbyungi,1538418.222020108,1538418.222020108,0.0,2.3460700795755907,1.1976047357065926,10.020000457763672,1.9960078928443212
2017-06-27,BULL,longbyungi,1538418.222020108,1538418.222020108,0.0,0.0,1.2,9.899999618530273,2.0
2017-06-28,BULL,longbyungi,1559372.3250370608,2.3283064365386963e-10,0.0,1.3620550456973746,1.084990917244095,11.0600004196167,1.8083181954068253
2017-06-29,BULL,longbyungi,1525475.4416150157,1525475.4416150157,-2.173751763950249,-2.173751763950249,1.1964107995489681,10.029999732971191,1.9940179992482803
2017-06-30,BEAR,yangbyungi,1480573.4986724658,674000.3046179849,-5.053240018397931,-2.9434720296127703,1.0489510874263455,11.4399995803833,1.7482518123772426
2017-07-03,BEAR,yangbyungi,1493188.4960698644,1012803.0752805668,-4.244260841657777,0.8520345263987039,1.0733452300931154,11.180000305175781,1.7889087168218591
2017-07-05,BEAR,yangbyungi,1519850.8769648029,533050.7802491531,-2.534445907350491,1.7856004761029887,1.0695186911236807,11.220000267028809,1.7825311518728013
2017-07-06,NEUTRAL,longbyungi,1494086.9114300439,0.0,-4.1866469321536375,-1.695164040449193,1.0840108699922189,11.069999694824219,1.806684783320365
2017-07-07,BEAR,yangbyungi,1533765.0648655575,648589.8048130561,-1.6421517658327445,2.6556790727479296,0.9569378019540893,12.539999961853027,1.594896336590149
2017-07-10,NEUTRAL,longbyungi,1556040.758830014,2.3283064365386963e-10,-0.21364789880875534,1.4523537192711489,1.0723860991949166,11.1899995803833,1.7873101653248609
2017-07-11,BULL,longbyungi,1566400.8733120537,0.0,0.0,0.6657996857247772,1.080108044178728,11.109999656677246,1.8001800736312135
2017-07-12,BULL,longbyungi,1614074.873382959,0.0,0.0,3.043537633511506,1.1019283399157878,10.890000343322754,1.8365472331929795
2017-07-13,BULL,longbyungi,1574205.0319165518,-2.3283064365386963e-10,-2.470135811162444,-2.470135811162444,1.1650485221150126,10.300000190734863,1.9417475368583543
2017-07-14,BULL,longbyungi,1610186.4018256867,0.0,-0.24091023417782687,2.285685103250401,1.2,9.899999618530273,2.0
2017-07-17,BULL,longbyungi,1620267.629775386,1620267.629775386,0.0,0.6260907394491033,1.2,9.510000228881836,2.0
2017-07-18,BULL,longbyungi,1639633.880820737,0.0,0.0,1.1952501358084566,1.2,9.819999694824219,2.0
2017-07-19,BULL,longbyungi,1663145.8680757831,1663145.8680757831,0.0,1.433977885555593,1.2,9.890000343322754,2.0
2017-07-20,BULL,longbyungi,1663145.8680757831,1663145.8680757831,0.0,0.0,1.2,9.789999961853027,2.0
2017-07-21,BULL,longbyungi,1663145.8680757831,1663145.8680757831,0.0,0.0,1.2,9.579999923706055,2.0
2017-07-24,BULL,longbyungi,1663145.8680757831,1663145.8680757831,0.0,0.0,1.2,9.359999656677246,2.0
2017-07-25,BULL,longbyungi,1663145.8680757831,1663145.8680757831,0.0,0.0,1.2,9.430000305175781,2.0
2017-07-26,BULL,longbyungi,1649942.7809913629,0.0,-0.7938622425040731,-0.7938622425040731,1.2,9.430000305175781,2.0
2017-07-27,BULL,longbyungi,1665712.959123367,1665712.959123367,0.0,0.9558015171004186,1.2,9.600000381469727,2.0
2017-07-28,BULL,longbyungi,1648871.4785470278,2.3283064365386963e-10,-1.011067392139553,-1.011067392139553,1.18694366048514,10.109999656677246,1.9782394341419
2017-07-31,BULL,longbyungi,1650754.4590396446,1650754.4590396446,-0.8980238763102832,0.11419813594422124,1.166180762340745,10.289999961853027,1.9436346039012415
2017-08-01,BULL,longbyungi,1650754.4590396446,1650754.4590396446,-0.8980238763102832,0.0,1.169590617183426,10.260000228881836,1.9493176953057103
2017-08-02,BULL,longbyungi,1650754.4590396446,1650754.4590396446,-0.8980238763102832,0.0,1.1892963150176197,10.09000015258789,1.9821605250293663
2017-08-03,BULL,longbyungi,1650754.4590396446,1650754.4590396446,-0.8980238763102832,0.0,1.1673152054189484,10.279999732971191,1.945525342364914
2017-08-04,BULL,longbyungi,1618623.7397849616,-2.3283064365386963e-10,-2.8269708223431,-1.946426319113237,1.1494253335553701,10.4399995803833,1.9157088892589502
2017-08-07,BULL,longbyungi,1674797.0455971023,0.0,0.0,3.4704362991490267,1.1964107995489681,10.029999732971191,1.9940179992482803
2017-08-08,BULL,longbyungi,1629999.5282444588,0.0,-2.674802745228877,-2.674802745228877,1.2,9.930000305175781,2.0
2017-08-09,BULL,longbyungi,1587398.098383031,0.0,-5.218479901420626,-2.6135854105007184,1.0948905071380695,10.960000038146973,1.8248175118967824
2017-08-10,BULL,longbyungi,1552996.027818697,1552996.027818697,-7.27258374969132,-2.1671986755796735,1.080108044178728,11.109999656677246,1.8001800736312135
2017-08-11,BEAR,yangbyungi,1562820.4165299898,739706.3838605832,-6.685982003699453,0.6326087469194608,0.7481296331089068,16.040000915527344,1.246882721848178
2017-08-14,BULL,longbyungi,1621161.634089896,360131.33026980516,-3.2025021567962053,3.7330723954479783,0.773694379298221,15.510000228881836,1.2894906321637019
2017-08-15,BULL,longbyungi,1632040.2547432615,1632040.2547432615,-2.5529535633135203,0.671038619753217,0.9732360157544213,12.329999923706055,1.622060026257369
2017-08-16,BULL,longbyungi,1632040.2547432615,1632040.2547432615,-2.5529535633135203,0.0,0.9966777440216144,12.039999961853027,1.6611295733693574
2017-08-17,BULL,longbyungi,1632040.2547432615,1632040.2547432615,-2.5529535633135203,0.0,1.0221465275937627,11.739999771118164,1.7035775459896045
2017-08-18,BULL,longbyungi,1632040.2547432615,1632040.2547432615,-2.5529535633135203,0.0,0.7717041705986566,15.550000190734863,1.2861736176644276
2017-08-21,BULL,longbyungi,1632040.2547432615,1632040.2547432615,-2.5529535633135203,0.0,0.8415147130008812,14.260000228881836,1.4025245216681355
2017-08-22,BEAR,yangbyungi,1638930.742298954,592681.7577018986,-2.1415313212092,0.4222008333229832,0.9097801654100796,13.1899995803833,1.516300275683466
2017-08-23,BULL,longbyungi,1648725.5878865828,2.3283064365386963e-10,-1.5566935575303975,0.5976363329355472,1.0572686869325112,11.350000381469727,1.7621144782208522
2017-08-24,BULL,longbyungi,1671868.919432162,1671868.919432162,-0.17483468654533318,1.4037103394049621,0.9795918367346939,12.25,1.6326530612244898
2017-08-25,BULL,longbyungi,1671868.919432162,1671868.919432162,-0.17483468654533318,0.0,0.9811938224983554,12.229999542236328,1.6353230374972592
2017-08-28,BULL,longbyungi,1671868.919432162,1671868.919432162,-0.17483468654533318,0.0,1.0638298124178376,11.279999732971191,1.7730496873630626
2017-08-29,BULL,longbyungi,1722491.3359785012,2.3283064365386963e-10,0.0,3.0278938712212433,1.0600706999565286,11.319999694824219,1.7667844999275477
2017-08-30,BULL,longbyungi,1780427.106799739,0.0,0.0,3.363486922175185,1.0256410423611542,11.699999809265137,1.7094017372685903
2017-08-31,BULL,longbyungi,1802480.9628834282,2.3283064365386963e-10,0.0,1.2386834596857188,1.0695186911236807,11.220000267028809,1.7825311518728013
2017-09-01,BULL,longbyungi,1796039.2089322517,-2.3283064365386963e-10,-0.3573826344812958,-0.3573826344812958,1.1331444595935671,10.59000015258789,1.888574099322612
2017-09-05,BULL,longbyungi,1758042.0373332738,1758042.0373332738,-2.4654310622546305,-2.1156092478386013,1.184600184050668,10.130000114440918,1.9743336400844467
2017-09-06,BULL,longbyungi,1758042.0373332738,1758042.0373332738,-2.4654310622546305,0.0,0.9811938224983554,12.229999542236328,1.6353230374972592
2017-09-07,BULL,longbyungi,1758042.0373332738,1758042.0373332738,-2.4654310622546305,0.0,1.0318142632775777,11.630000114440918,1.7196904387959628
2017-09-08,BULL,longbyungi,1758042.0373332738,1758042.0373332738,-2.4654310622546305,0.0,1.038961021803802,11.550000190734863,1.7316017030063364
2017-09-11,BULL,longbyungi,1785854.8047744567,17406.34036964085,-0.9224040892157115,1.5820308531058425,0.9900990192498218,12.119999885559082,1.6501650320830363
2017-09-12,BULL,longbyungi,1807850.026417719,1807850.026417719,0.0,1.231635493795924,1.1183597867609023,10.729999542236328,1.8639329779348373
2017-09-13,BULL,longbyungi,1802469.738452921,2.3283064365386963e-10,-0.29760698543447317,-0.29760698543447317,1.1342155091241752,10.579999923706055,1.8903591818736256
2017-09-14,BULL,longbyungi,1797554.5673265217,2.3283064365386963e-10,-0.5694863479133727,-0.2726909096747443,1.1428571428571428,10.5,1.9047619047619047
2017-09-15,BULL,longbyungi,1857597.1309480167,0.0,0.0,3.3402359356909717,1.1494253335553701,10.4399995803833,1.9157088892589502
2017-09-18,BULL,longbyungi,1899504.4111536632,0.0,0.0,2.255994020848817,1.179940994098097,10.170000076293945,1.9665683234968283
2017-09-19,BULL,longbyungi,1916749.5901968451,1916749.5901968451,0.0,0.9078778097023843,1.182266054285587,10.149999618530273,1.9704434238093118
2017-09-20,BULL,longbyungi,1916749.5901968451,1916749.5901968451,0.0,0.0,1.1787818900063178,10.180000305175781,1.9646364833438632
2017-09-21,BULL,longbyungi,1916749.5901968451,1916749.5901968451,0.0,0.0,1.2,9.779999732971191,2.0
2017-09-22,BULL,longbyungi,1940256.569378813,-2.3283064365386963e-10,0.0,1.226398028318032,1.2,9.670000076293945,2.0
2017-09-25,BULL,longbyungi,1908452.9084509865,1908452.9084509865,-1.6391471844369843,-1.6391471844369843,1.2,9.59000015258789,2.0
2017-09-26,BULL,longbyungi,1908452.9084509865,1908452.9084509865,-1.6391471844369843,0.0,1.1753183109858143,10.210000038146973,1.958863851643024
2017-09-27,BULL,longbyungi,1948474.5513991874,2.3283064365386963e-10,0.0,2.0970725958695535,1.179940994098097,10.170000076293945,1.9665683234968283
2017-09-28,BULL,longbyungi,1959470.679037456,-2.3283064365386963e-10,0.0,0.5643454583675434,1.2,9.869999885559082,2.0
2017-09-29,BULL,longbyungi,1975920.372687601,2.3283064365386963e-10,0.0,0.8394968001371517,1.2,9.550000190734863,2.0
2017-10-02,BULL,longbyungi,1977135.1794744493,2.3283064365386963e-10,0.0,0.06148055375307937,1.2,9.510000228881836,2.0
2017-10-03,BULL,longbyungi,1987753.1923398725,1987753.1923398725,0.0,0.5370403084044906,1.2,9.449999809265137,2.0
2017-10-04,BULL,longbyungi,1987753.1923398725,1987753.1923398725,0.0,0.0,1.2,9.510000228881836,2.0
2017-10-05,BULL,longbyungi,1987753.1923398725,1987753.1923398725,0.0,0.0,1.2,9.630000114440918,2.0
2017-10-06,BULL,longbyungi,2014999.1432612045,0.0,0.0,1.370690839603661,1.2,9.1899995803833,2.0
2017-10-09,BULL,longbyungi,2033918.7089662962,2033918.7089662962,0.0,0.9389366624975803,1.2,9.649999618530273,2.0
2017-10-10,BULL,longbyungi,2033918.7089662962,2033918.7089662962,0.0,0.0,1.1616650618226534,10.329999923706055,1.9361084363710892
2017-10-11,BULL,longbyungi,2062888.7048542954,0.0,0.0,1.4243438422729682,1.1904761994867188,10.079999923706055,1.9841269991445314
2017-10-12,BULL,longbyungi,2054714.4040565796,2054714.4040565796,-0.396255056246142,-0.396255056246142,1.2,9.850000381469727,2.0
2017-10-13,BULL,longbyungi,2044239.2173653569,0.0,-0.9040471958110641,-0.5098122965674357,1.2,9.90999984741211,2.0
2017-10-16,BULL,longbyungi,2064565.7889144109,2064565.7889144109,0.0,0.9943342920135878,1.2,9.609999656677246,2.0
2017-10-17,BULL,longbyungi,2064565.7889144109,2064565.7889144109,0.0,0.0,1.2,9.90999984741211,2.0
2017-10-18,BULL,longbyungi,2064565.7889144109,2064565.7889144109,0.0,0.0,1.1639184783317527,10.3100004196167,1.9398641305529212
2017-10-19,BULL,longbyungi,2069364.292821929,0.0,0.0,0.23242194234174285,1.1916584273749047,10.069999694824219,1.9860973789581746
2017-10-20,BULL,longbyungi,2107761.0421111225,2107761.0421111225,0.0,1.8554852532433053,1.1940298280852621,10.050000190734863,1.990049713475437
2017-10-23,BULL,longbyungi,2078534.2137979548,0.0,-1.3866291163581956,-1.3866291163581956,1.2,9.970000267028809,2.0
2017-10-24,BULL,longbyungi,2086032.0799568018,0.0,-1.030902541616252,0.3607285417326134,1.0840108699922189,11.069999694824219,1.806684783320365
2017-10-25,BULL,longbyungi,2045318.1438619716,2045318.1438619716,-2.9625226485165745,-1.951740650875966,1.075268831906183,11.15999984741211,1.7921147198436385
2017-10-26,BULL,longbyungi,2039041.52293118,-2.3283064365386963e-10,-3.2603088209237185,-0.30687748747684207,1.0685663837177979,11.229999542236328,1.7809439728629965
2017-10-27,BULL,longbyungi,2128426.563402113,0.0,0.0,4.3836792662485635,1.0619468847300624,11.300000190734863,1.7699114745501041
2017-10-30,BULL,longbyungi,2113123.5286417557,-2.3283064365386963e-10,-0.7189834511319382,-0.7189834511319382,1.2,9.800000190734863,2.0
2017-10-31,BULL,longbyungi,2125036.257929545,0.0,-0.15928693669134963,0.5637497820795367,1.1428571428571428,10.5,1.9047619047619047
2017-11-01,BULL,longbyungi,2176468.7926346567,2176468.7926346567,0.0,2.4203132776295933,1.1787818900063178,10.180000305175781,1.9646364833438632
2017-11-02,BULL,longbyungi,2168175.9938723943,0.0,-0.3810207980158409,-0.3810207980158409,1.176470610234702,10.199999809265137,1.9607843503911702
2017-11-03,BULL,longbyungi,2246223.938856111,0.0,0.0,3.599705245528617,1.2,9.930000305175781,2.0
2017-11-06,BULL,longbyungi,2303323.152176757,0.0,0.0,2.5420089392210743,1.2,9.140000343322754,2.0
2017-11-07,BULL,longbyungi,2292053.099634818,2292053.099634818,-0.48929532667998377,-0.48929532667998377,1.2,9.399999618530273,2.0
2017-11-08,BULL,longbyungi,2295240.2978456863,0.0,-0.35092142079290456,0.13905429203957542,1.2,9.890000343322754,2.0
2017-11-09,BULL,longbyungi,2226008.2614148846,2226008.2614148846,-3.356667113288281,-3.016330642843057,1.2,9.779999732971191,2.0
2017-11-10,BULL,longbyungi,2226008.2614148846,2226008.2614148846,-3.356667113288281,0.0,1.1428571428571428,10.5,1.9047619047619047
2017-11-13,BULL,longbyungi,2243478.377330352,4.656612873077393e-10,-2.598192736865801,0.7848181077442673,1.0628875146630594,11.289999961853027,1.771479191105099
2017-11-14,BULL,longbyungi,2225025.180219849,2225025.180219849,-3.399348106361555,-0.8225261850957288,1.0434782608695652,11.5,1.7391304347826086
2017-11-15,BULL,longbyungi,2225025.180219849,2225025.180219849,-3.399348106361555,0.0,1.0353753099235776,11.59000015258789,1.7256255165392962
2017-11-16,BULL,longbyungi,2254864.4460401246,191491.14138369635,-2.103860506539701,1.341075421776905,0.9139375396350455,13.130000114440918,1.523229232725076
2017-11-17,BULL,longbyungi,2283624.9526814455,2283624.9526814455,-0.8552078103628458,1.2754871669482748,1.0204081434053665,11.760000228881836,1.7006802390089442
2017-11-20,BULL,longbyungi,2307669.6522738114,0.0,0.0,1.0529180618793044,1.0498687383731835,11.430000305175781,1.7497812306219724
2017-11-21,BULL,longbyungi,2351086.0343380603,0.0,0.0,1.8813950264271906,1.1267606037394422,10.649999618530273,1.877934339565737
2017-11-22,BULL,longbyungi,2369519.776071594,2369519.776071594,0.0,0.784052198188645,1.2,9.729999542236328,2.0
2017-11-24,BULL,longbyungi,2374661.5832165456,0.0,0.0,0.21699785740874056,1.2,9.880000114440918,2.0
2017-11-27,BULL,longbyungi,2330259.9637121465,2330259.9637121465,-1.869808305243048,-1.869808305243048,1.2,9.670000076293945,2.0
2017-11-28,BULL,longbyungi,2330259.9637121465,2330259.9637121465,-1.869808305243048,0.0,1.2,9.869999885559082,2.0
2017-11-29,BULL,longbyungi,2330259.9637121465,2330259.9637121465,-1.869808305243048,0.0,1.1964107995489681,10.029999732971191,1.9940179992482803
2017-11-30,BULL,longbyungi,2330259.9637121465,2330259.9637121465,-1.869808305243048,0.0,1.1214953470942302,10.699999809265137,1.8691589118237169
2017-12-01,BULL,longbyungi,2330259.9637121465,2330259.9637121465,-1.869808305243048,0.0,1.0638298124178376,11.279999732971191,1.7730496873630626
2017-12-04,BULL,longbyungi,2330259.9637121465,2330259.9637121465,-1.869808305243048,0.0,1.0498687383731835,11.430000305175781,1.7497812306219724
2017-12-05,BEAR,yangbyungi,2325481.1365147973,1071895.0387688018,-2.0710507572675674,-0.20507699877984065,1.0273972334300725,11.680000305175781,1.7123287223834542
2017-12-06,BEAR,yangbyungi,2328301.3359787967,592058.9237940309,-1.9522885941058,0.12127380522319875,1.0591350468495668,11.329999923706055,1.7652250780826113
2017-12-07,BEAR,yangbyungi,2368489.8601760822,2368489.8601760822,-0.25989905610481756,1.7260877523136653,1.0889291743673124,11.020000457763672,1.814881957278854
2017-12-08,BULL,longbyungi,2368489.8601760822,2368489.8601760822,-0.25989905610481756,0.0,1.1811023799431024,10.15999984741211,1.9685039665718373
2017-12-11,BULL,longbyungi,2360649.0492140753,0.0,-0.5900855137214944,-0.33104684524273287,1.2,9.579999923706055,2.0
2017-12-12,BULL,longbyungi,2339923.6385584516,2339923.6385584516,-1.4628587460045805,-0.877953911129814,1.2,9.34000015258789,2.0
2017-12-13,BULL,longbyungi,2281089.250466917,0.0,-3.9404491743569636,-2.5143721411259534,1.2,9.920000076293945,2.0
2017-12-14,BULL,longbyungi,2238461.62471807,0.0,-5.735552360854257,-1.8687399337891653,1.1787818900063178,10.180000305175781,1.9646364833438632
2017-12-15,BULL,longbyungi,2299611.542191302,0.0,-3.1604520642299794,2.731783149551803,1.1439466407844239,10.489999771118164,1.9065777346407067
2017-12-18,BULL,longbyungi,2414219.2817148445,4.656612873077393e-10,0.0,4.98378693187167,1.2,9.420000076293945,2.0
2017-12-19,BULL,longbyungi,2400830.6606790614,2400830.6606790614,-0.5545735276487829,-0.5545735276487829,1.2,9.529999732971191,2.0
2017-12-20,BULL,longbyungi,2400830.6606790614,2400830.6606790614,-0.5545735276487829,0.0,1.1964107995489681,10.029999732971191,1.9940179992482803
2017-12-21,BULL,longbyungi,2400830.6606790614,2400830.6606790614,-0.5545735276487829,0.0,1.2,9.720000267028809,2.0
2017-12-22,BULL,longbyungi,2394770.430131989,0.0,-0.8055959013400282,-0.2524222406156018,1.2,9.619999885559082,2.0
2017-12-26,BULL,longbyungi,2309493.9203838813,2309493.9203838813,-4.337856222263936,-3.5609471653367475,1.2,9.899999618530273,2.0
2017-12-27,BULL,longbyungi,2309397.2151261386,0.0,-4.34186187570541,-0.004187292154744782,1.170731707317073,10.25,1.951219512195122
2017-12-28,BULL,longbyungi,2335530.3223714633,2335530.3223714633,-3.2593956953026915,1.1315986299003766,1.1461317759264371,10.470000267028809,1.910219626544062
2017-12-29,BULL,longbyungi,2335530.3223714633,2335530.3223714633,-3.2593956953026915,0.0,1.1787818900063178,10.180000305175781,1.9646364833438632
2018-01-02,BULL,longbyungi,2446921.467064136,0.0,0.0,4.769415478175754,1.0869565254949367,11.039999961853027,1.8115942091582278
2018-01-03,BULL,longbyungi,2526458.486145719,4.656612873077393e-10,0.0,3.2504933301767513,1.2,9.770000457763672,2.0
2018-01-04,BULL,longbyungi,2576827.3068999937,2576827.3068999937,0.0,1.9936532118173034,1.2,9.149999618530273,2.0
2018-01-05,BULL,longbyungi,2554529.168582684,0.0,-0.8653330495839495,-0.8653330495839495,1.2,9.220000267028809,2.0
2018-01-08,BULL,longbyungi,2568996.508549923,0.0,-0.30389302104576466,0.5663407623278882,1.2,9.220000267028809,2.0
2018-01-09,BULL,longbyungi,2579494.2439132864,2579494.2439132864,0.0,0.40863174895044985,1.2,9.520000457763672,2.0
2018-01-10,BULL,longbyungi,2579494.2439132864,2579494.2439132864,0.0,0.0,1.1904761994867188,10.079999923706055,1.9841269991445314
2018-01-11,BULL,longbyungi,2579494.2439132864,2579494.2439132864,0.0,0.0,1.2,9.819999694824219,2.0
2018-01-12,BULL,longbyungi,2579731.5031204703,-4.656612873077393e-10,0.0,0.009197896360646496,1.2,9.880000114440918,2.0
2018-01-16,BULL,longbyungi,2564489.5409414675,0.0,-0.5908352152371621,-0.5908352152371621,1.1811023799431024,10.15999984741211,1.9685039665718373
2018-01-17,BULL,longbyungi,2739269.504344912,-4.656612873077393e-10,0.0,6.815389987485765,1.0291595331935919,11.65999984741211,1.7152658886559866
2018-01-18,BULL,longbyungi,2732600.548357925,4.656612873077393e-10,-0.24345746106430033,-0.24345746106430033,1.0075566879715323,11.90999984741211,1.6792611466192204
2018-01-19,BULL,longbyungi,2762223.105588251,2762223.105588251,0.0,1.0840427170420774,0.9819967052191971,12.220000267028809,1.6366611753653286
2018-01-22,BULL,longbyungi,2771107.134381265,0.0,0.0,0.32162604009216,1.0647736923323234,11.270000457763672,1.7746228205538723
2018-01-23,BULL,longbyungi,2804105.6981899515,2804105.6981899515,0.0,1.1908079409587602,1.0879420027662607,11.029999732971191,1.8132366712771013
2018-01-24,BULL,longbyungi,2804105.6981899515,2804105.6981899515,0.0,0.0,1.081081043927956,11.100000381469727,1.8018017398799264
2018-01-25,BULL,longbyungi,2804105.6981899515,2804105.6981899515,0.0,0.0,1.0462074734640334,11.470000267028809,1.7436791224400559
2018-01-26,BULL,longbyungi,2906840.244792105,0.0,0.0,3.6637187631147095,1.0362694368791954,11.579999923706055,1.7271157281319924
2018-01-29,BULL,longbyungi,2849862.8448685254,0.0,-1.9601145961034683,-1.9601145961034683,1.0830324984322042,11.079999923706055,1.8050541640536737
2018-01-30,BULL,longbyungi,2698405.670745183,2698405.670745183,-7.17048604306183,-5.314542571620839,0.8670520135620204,13.84000015258789,1.445086689270034
2018-01-31,BULL,longbyungi,2698405.670745183,2698405.670745183,-7.17048604306183,0.0,0.8113590284618587,14.789999961853027,1.3522650474364313
2018-02-01,BULL,longbyungi,2693657.7038085996,306908.7623130884,-7.333823775332804,-0.17595452707717119,0.8862629271645677,13.539999961853027,1.4771048786076129
2018-02-02,BULL,longbyungi,2617863.630060173,2617863.630060173,-9.941262346620617,-2.8137975230208445,0.8908685792214124,13.470000267028809,1.4847809653690207
2018-02-05,BULL,longbyungi,2470676.2568291333,2470676.2568291333,-15.004745745639214,-5.622423243935614,0.6932409226014208,17.309999465942383,1.1554015376690348
2018-02-06,BEAR,yangbyungi,2470676.2568291333,2470676.2568291333,-15.004745745639214,0.0,0.3215434109894765,37.31999969482422,0.5359056849824608
2018-02-07,NEUTRAL,longbyungi,2403367.3074916396,1481746.4524713699,-17.32028233070213,-2.724312792962924,0.4002668506747039,29.979999542236328,0.6671114177911732
2018-02-08,BEAR,yangbyungi,2453975.9737212113,2000243.056249729,-15.579262461438859,2.105739978729737,0.4327443273744909,27.729999542236328,0.7212405456241515
2018-02-09,BEAR,yangbyungi,2421094.696998152,1813301.264102584,-16.710431495649438,-1.3399184456235003,0.35863718853383597,33.459999084472656,0.5977286475563933
2018-02-12,BEAR,yangbyungi,2442467.118629877,1833582.8414735897,-15.975185667468272,0.8827585991669107,0.4129387550080209,29.059999465942383,0.6882312583467015
2018-02-13,NEUTRAL,longbyungi,2436323.5975817246,1289447.57570416,-16.18653271549264,-0.25152932464443944,0.4685669548617504,25.610000610351562,0.780944924769584
2018-02-14,BEAR,yangbyungi,2461117.74567891,1714115.0713408445,-15.333573969596426,1.017686982213517,0.48057670524572826,24.969999313354492,0.8009611754095471
2018-02-15,NEUTRAL,longbyungi,2481075.5544510637,2481075.5544510637,-14.646993108886575,0.81092458120684,0.6230529520973258,19.260000228881836,1.0384215868288764
2018-02-16,NEUTRAL,longbyungi,2467833.8781856527,924729.0850547908,-15.10252816242572,-0.5337070949595013,0.6272870113141772,19.1299991607666,1.0454783521902953
2018-02-20,BULL,longbyungi,2520425.454608851,937993.5808211942,-13.293292979397641,2.1310825209135853,0.6166495665241285,19.459999084472656,1.0277492775402142
2018-02-21,BULL,longbyungi,2547487.5748043573,2547487.5748043573,-12.362312329738934,1.0737123824082984,0.5825242610575063,20.600000381469727,0.9708737684291772
2018-02-22,BULL,longbyungi,2547487.5748043573,2547487.5748043573,-12.362312329738934,0.0,0.5994005856951142,20.020000457763672,0.9990009761585237
2018-02-23,NEUTRAL,longbyungi,2582923.502975994,914482.6592622753,-11.143259159028107,1.3910147598799494,0.6410256645383222,18.719999313354492,1.0683761075638705
2018-02-26,BULL,longbyungi,2664790.6496593645,713014.8075585221,-8.326897068609007,3.1695536700581783,0.7277137760194339,16.489999771118164,1.2128562933657232
2018-02-27,BULL,longbyungi,2613362.549962231,638868.2545463059,-10.096106772832414,-1.9299114436515885,0.7594936617176,15.800000190734863,1.2658227695293334
2018-02-28,BULL,longbyungi,2649164.7238998394,2649164.7238998394,-8.8644541561552,1.369965829583264,0.645508332517657,18.59000015258789,1.0758472208627619
2018-03-01,BULL,longbyungi,2649164.7238998394,2649164.7238998394,-8.8644541561552,0.0,0.6045339934200797,19.850000381469727,1.007556655700133
2018-03-02,NEUTRAL,longbyungi,2764738.8847454116,1234390.4622956354,-4.888516329759862,4.362664193845789,0.5340454101780099,22.469999313354492,0.8900756836300164
2018-03-05,BULL,longbyungi,2785154.139439418,1061914.2259274186,-4.186198590400691,0.738415291463812,0.6125574224875526,19.59000015258789,1.0209290374792543
2018-03-06,BULL,longbyungi,2833644.6622123383,1014865.2075240356,-2.5180462776000168,1.7410355170748293,0.640683411280384,18.729999542236328,1.0678056854673066
2018-03-07,BULL,longbyungi,2818952.6849397393,962745.2847928021,-3.0234740285375206,-0.5184834029658636,0.6535947495140209,18.360000610351562,1.0893245825233682
2018-03-08,BULL,longbyungi,2837951.782864958,2837951.782864958,-2.3698743696206837,0.6739771840343911,0.6756756669679117,17.760000228881836,1.1261261116131862
2018-03-09,BULL,longbyungi,2895582.6468336154,778978.4147069724,-0.3872795547900765,2.0307203355822256,0.725513865524318,16.540000915527344,1.2091897758738632
2018-03-12,BULL,longbyungi,2924272.607956589,529644.6539083002,0.0,0.9908182435872437,0.8196721119254039,14.640000343322754,1.3661201865423398
2018-03-13,BULL,longbyungi,2783275.5292883515,2783275.5292883515,-4.82161198940898,-4.82161198940898,0.7604562866326829,15.779999732971191,1.267427144387805
2018-03-14,BULL,longbyungi,2783275.5292883515,2783275.5292883515,-4.82161198940898,0.0,0.7339449370044174,16.350000381469727,1.223241561674029
2018-03-15,BULL,longbyungi,2783275.5292883515,2783275.5292883515,-4.82161198940898,0.0,0.6964596818812502,17.229999542236328,1.1607661364687503
2018-03-16,BULL,longbyungi,2783275.5292883515,2783275.5292883515,-4.82161198940898,0.0,0.7233272989529241,16.59000015258789,1.2055454982548737
2018-03-19,BULL,longbyungi,2783275.5292883515,2783275.5292883515,-4.82161198940898,0.0,0.7594936617176,15.800000190734863,1.2658227695293334
2018-03-20,BULL,longbyungi,2786702.193839756,1027265.7738928343,-4.704431924114083,0.12311625332617204,0.6309148113138864,19.020000457763672,1.051524685523144
2018-03-21,BULL,longbyungi,2769336.676151786,944613.5937150056,-5.298272513418945,-0.6231565657197846,0.6593406317012648,18.200000762939453,1.0989010528354413
2018-03-22,BULL,longbyungi,2588605.8586772,879911.5612977727,-11.478640820492625,-6.526141044205791,0.671892474239047,17.860000610351562,1.1198207903984116
2018-03-23,NEUTRAL,longbyungi,2577326.4656221084,2577326.4656221084,-11.864357016185245,-0.4357323467101937,0.5141388141194791,23.34000015258789,0.8568980235324652
2018-03-26,BEAR,yangbyungi,2596528.4446636518,1955534.818179232,-11.207715806015672,0.7450347985662908,0.48250903076245705,24.8700008392334,0.8041817179374284
2018-03-27,NEUTRAL,longbyungi,2614956.9561338252,2614956.9561338252,-10.577524509211411,0.7097365525899679,0.5706133907841596,21.030000686645508,0.9510223179735995
2018-03-28,BEAR,yangbyungi,2568336.334214678,2080206.703236362,-12.17178838845092,-1.7828447160397998,0.5333333333333333,22.5,0.8888888888888888
2018-03-29,BEAR,yangbyungi,2595706.8995193844,1902467.0018884279,-11.235809805940033,1.0656924071852814,0.524704834265421,22.8700008392334,0.874508057109035
2018-04-02,BEAR,yangbyungi,2508154.726252637,1355421.4610742049,-14.229791045190055,-3.372960686854065,0.6009013726893454,19.969999313354492,1.0015022878155757
2018-04-03,BEAR,yangbyungi,2505254.24712218,1933203.930491238,-14.328977390627372,-0.11564195382754994,0.5080440124315198,23.6200008392334,0.8467400207191996
2018-04-04,BEAR,yangbyungi,2455757.4042031993,2455757.4042031993,-16.02159807121324,-1.9757213454817402,0.5687203688649477,21.100000381469727,0.9478672814415795
2018-04-05,NEUTRAL,longbyungi,2455757.4042031993,2455757.4042031993,-16.02159807121324,0.0,0.5982053997744841,20.059999465942383,0.9970089996241401
2018-04-06,NEUTRAL,longbyungi,2354301.3311925707,899839.3461520642,-19.491044549444403,-4.131355680206017,0.6335797075835232,18.940000534057617,1.055966179305872
2018-04-09,BEAR,yangbyungi,2385684.3177644387,1898816.3893301135,-18.417855049721332,1.3330063639717116,0.558399261414958,21.489999771118164,0.9306654356915968
2018-04-10,NEUTRAL,longbyungi,2429782.743353925,1085977.5897310222,-16.90984155366423,1.8484602200348865,0.5512172598839119,21.770000457763672,0.9186954331398532
2018-04-11,NEUTRAL,longbyungi,2408201.283735976,996569.5460016413,-17.647852762305604,-0.8882053211127561,0.5862237617258383,20.469999313354492,0.9770396028763974
2018-04-12,NEUTRAL,longbyungi,2464086.2216013507,995553.1880906255,-15.736781348740447,2.3206090887335273,0.592885382198651,20.239999771118164,0.9881423036644182
2018-04-13,NEUTRAL,longbyungi,2516892.9799169023,2516892.9799169023,-13.930973019794957,2.14305643417112,0.6489994672008756,18.489999771118164,1.081665778668126
2018-04-16,BULL,longbyungi,2516892.9799169023,2516892.9799169023,-13.930973019794957,0.0,0.6892590525659152,17.40999984741211,1.1487650876098587
2018-04-17,BULL,longbyungi,2553741.2374344915,693057.4284050604,-12.670890173300775,1.4640375181469212,0.724637704528882,16.559999465942383,1.2077295075481367
2018-04-18,BULL,longbyungi,2516620.111664401,2516620.111664401,-13.940304169420303,-1.4535977735701477,0.7868852459016392,15.25,1.3114754098360655
2018-04-19,BULL,longbyungi,2516620.111664401,2516620.111664401,-13.940304169420303,0.0,0.7692307504206253,15.600000381469727,1.2820512507010422
2018-04-20,BEAR,yangbyungi,2516620.111664401,2516620.111664401,-13.940304169420303,0.0,0.7518796974510066,15.960000038146973,1.253132829085011
2018-04-23,BEAR,yangbyungi,2512547.636371266,1978768.6324432231,-14.07956872642686,-0.16182320383831827,0.7109005092779295,16.8799991607666,1.1848341821298825
2018-04-24,BEAR,yangbyungi,2421102.687693655,1102796.3756046048,-17.20666940879144,-3.639530942771696,0.7343941179890056,16.34000015258789,1.2239901966483426
2018-04-25,BEAR,yangbyungi,2398170.1417858633,1932685.6212804182,-17.99088309138024,-0.9471942691384627,0.6659267311411173,18.020000457763672,1.1098778852351956
2018-04-26,BEAR,yangbyungi,2376176.901096109,1417152.1422534913,-18.742975787181358,-0.9170842513023914,0.6726457341570855,17.84000015258789,1.1210762235951426
2018-04-27,NEUTRAL,longbyungi,2409695.210514956,2409695.210514956,-17.59676563811221,1.4105982346426238,0.7389162665717064,16.239999771118164,1.231527110952844
2018-04-30,NEUTRAL,longbyungi,2320434.1583677744,533229.0967897465,-20.6491846193082,-3.704246568515457,0.7787151277626541,15.40999984741211,1.29785854627109
2018-05-01,NEUTRAL,longbyungi,2376524.437813056,568798.1298232994,-18.73109123455785,2.4172321047340795,0.7532956541187954,15.930000305175781,1.255492756864659
2018-05-02,NEUTRAL,longbyungi,2375411.680439134,2375411.680439134,-18.76914368462337,-0.04682288792056122,0.77469336199569,15.489999771118164,1.2911556033261502
2018-05-03,NEUTRAL,longbyungi,2425535.2078204937,590506.2522206972,-17.05509256486867,2.110098548142747,0.7514088791078385,15.970000267028809,1.2523481318463976
2018-05-04,NEUTRAL,longbyungi,2525880.7468495322,584967.7182445284,-13.62362250438216,4.137047308383779,0.7547169992390999,15.899999618530273,1.2578616653984998
2018-05-07,NEUTRAL,longbyungi,2545642.226678037,479500.55934616993,-12.947848304167852,0.782359969018831,0.8124576593152605,14.770000457763672,1.3540960988587676
2018-05-08,BULL,longbyungi,2555034.6120482516,470121.93599710683,-12.626661238890179,0.3689593640372246,0.8135593220338982,14.75,1.3559322033898304
2018-05-09,BULL,longbyungi,2609220.6828581146,473809.6237221332,-10.77368519751738,2.120756820841052,0.8157715818409778,14.710000038146973,1.3596193030682964
2018-05-10,BULL,longbyungi,2690982.391889408,278696.10419416195,-7.977717789799311,3.133568178745727,0.8941877743501405,13.420000076293945,1.4903129572502343
2018-05-11,BULL,longbyungi,2594009.350020407,245588.4835670041,-11.293860122260025,-3.6036297435939058,0.9070295098416598,13.229999542236328,1.5117158497360996
2018-05-14,BULL,longbyungi,2644827.3973896843,137651.27163411956,-9.556058823194814,1.959054132510274,0.9486166293967214,12.649999618530273,1.5810277156612025
2018-05-15,BULL,longbyungi,2584696.5910995416,2584696.5910995416,-11.612324238619298,-2.273524780841607,0.9280742240351294,12.930000305175781,1.5467903733918824
2018-05-16,BULL,longbyungi,2629386.6253746515,464644.72161397664,-10.084079773533727,1.7290243825523355,0.8202323927636263,14.630000114440918,1.367053987939377
2018-05-17,BULL,longbyungi,2565823.6524960217,275478.4995414424,-12.257713404874481,-2.4174068684012173,0.8941877743501405,13.420000076293945,1.4903129572502343
2018-05-18,BULL,longbyungi,2508163.901958859,2508163.901958859,-14.229477267801538,-2.2472218806257938,0.8935219454444334,13.430000305175781,1.489203242407389
2018-05-21,NEUTRAL,longbyungi,2508163.901958859,2508163.901958859,-14.229477267801538,0.0,0.8941877743501405,13.420000076293945,1.4903129572502343
2018-05-22,NEUTRAL,longbyungi,2508163.901958859,2508163.901958859,-14.229477267801538,0.0,0.9174311980118077,13.079999923706055,1.5290519966863463
2018-05-23,BULL,longbyungi,2574332.9305789843,231464.49079683376,-11.966725551696566,2.6381461182998223,0.9077155641160207,13.220000267028809,1.5128592735267012
2018-05-24,BULL,longbyungi,2559341.039777314,118326.27152115712,-12.479396318467062,-0.5823602154791496,0.9538950773272192,12.579999923706055,1.5898251288786989
2018-05-25,BULL,longbyungi,2578449.3899689056,108005.65293050185,-11.825956890843237,0.7466121120479619,0.9577015367704629,12.529999732971191,1.5961692279507715
2018-05-29,BULL,longbyungi,2493405.6173362844,233628.11703724787,-14.734159511940447,-3.298252545249558,0.9077155641160207,13.220000267028809,1.5128592735267012
2018-05-30,BULL,longbyungi,2505321.9792694077,744146.4539955815,-14.326661185666067,0.4779150993432735,0.7050528600030795,17.020000457763672,1.1750881000051325
2018-05-31,BULL,longbyungi,2431103.064720782,490362.3764939504,-16.864691133581488,-2.9624501426467,0.8032128739652968,14.9399995803833,1.3386881232754948
2018-06-01,BULL,longbyungi,2525444.631576959,549628.9984558981,-13.638536136968483,3.8806074586151817,0.777705752602919,15.430000305175781,1.2961762543381983
2018-06-04,BULL,longbyungi,2540098.6944326595,275841.0424828823,-13.137417916463711,0.5802567465733821,0.8915304580973856,13.460000038146973,1.4858840968289762
2018-06-05,BULL,longbyungi,2555838.1599852387,2555838.1599852387,-12.59918268115241,0.6196399213572512,0.9419152445515927,12.739999771118164,1.5698587409193212
2018-06-06,BULL,longbyungi,2559176.0544989277,82446.31616693456,-12.485038243844926,0.13059882139438983,0.9677419652551824,12.399999618530273,1.612903275425304
2018-06-07,BULL,longbyungi,2563306.846842528,2563306.846842528,-12.343779445593327,0.1614110266598745,1.0309278046442463,11.640000343322754,1.7182130077404105
2018-06-08,BULL,longbyungi,2547659.301286478,27471.572983746417,-12.878871335230247,-0.6104437155202258,0.9892827606583324,12.130000114440918,1.6488046010972208
2018-06-11,BULL,longbyungi,2487992.021735553,37372.26157038892,-14.919285740801659,-2.3420431264413955,0.9852216501916431,12.180000305175781,1.6420360836527386
2018-06-12,BULL,longbyungi,2502654.4047293263,2502654.4047293263,-14.417883000377296,0.5893259651027716,0.9716598890154792,12.350000381469727,1.619433148359132
2018-06-13,BULL,longbyungi,2456047.321767228,68954.8516175896,-16.011683894154636,-1.8623059929498642,0.9724473137452443,12.34000015258789,1.6207455229087406
2018-06-14,BULL,longbyungi,2458508.5140720825,180892.0929332408,-15.927519637438026,0.1002094822457833,0.9273570625297147,12.9399995803833,1.5455951042161913
2018-06-15,BULL,longbyungi,2417887.74566369,23761.034511669073,-17.316609296790176,-1.6522525008917488,0.9900990192498218,12.119999885559082,1.6501650320830363
2018-06-18,BULL,longbyungi,2359581.028238292,2359581.028238292,-19.310497187637033,-2.4114733006098787,1.0016694873562524,11.979999542236328,1.669449145593754
2018-06-19,BULL,longbyungi,2359581.028238292,2359581.028238292,-19.310497187637033,0.0,0.9748171885418707,12.3100004196167,1.6246953142364513
2018-06-20,BULL,longbyungi,2359581.028238292,2359581.028238292,-19.310497187637033,0.0,0.8988763788094287,13.350000381469727,1.4981272980157145
2018-06-21,BULL,longbyungi,2359581.028238292,2359581.028238292,-19.310497187637033,0.0,0.9382329973253125,12.789999961853027,1.5637216622088543
2018-06-22,BULL,longbyungi,2359581.028238292,2359581.028238292,-19.310497187637033,0.0,0.8196721119254039,14.640000343322754,1.3661201865423398
2018-06-25,BULL,longbyungi,2359581.028238292,2359581.028238292,-19.310497187637033,0.0,0.8714596660186945,13.770000457763672,1.4524327766978242
2018-06-26,BEAR,yangbyungi,2359581.028238292,2359581.028238292,-19.310497187637033,0.0,0.6924408570588024,17.329999923706055,1.154068095098004
2018-06-27,BEAR,yangbyungi,2378129.391805694,1648149.5658472185,-18.6762073640093,0.7860871631626409,0.753768840608794,15.920000076293945,1.2562814010146568
2018-06-28,BEAR,yangbyungi,2398971.3455508123,1265055.0480931897,-17.96348469621116,0.8764011671077876,0.6700167561271047,17.90999984741211,1.1166945935451744
2018-06-29,BEAR,yangbyungi,2383333.919992153,1507156.9066648015,-18.498230516970537,-0.6518387803030934,0.7121661559839865,16.850000381469727,1.1869435933066441
2018-07-02,BEAR,yangbyungi,2390838.873307826,1303705.198705554,-18.24158709408128,0.31489306860104094,0.7458048406587453,16.09000015258789,1.2430080677645756
2018-07-03,NEUTRAL,longbyungi,2400090.461321298,2400090.461321298,-17.92521481099455,0.386959912554552,0.7692307504206253,15.600000381469727,1.2820512507010422
2018-07-05,BEAR,yangbyungi,2430498.669270968,1329418.0960796687,-16.885359365680287,1.2669609100037782,0.7434944519078687,16.139999389648438,1.239157419846448
2018-07-06,BULL,longbyungi,2475244.2819015533,481096.7105050513,-15.355214313237575,1.8410054363044326,0.801603192114152,14.970000267028809,1.3360053201902533
2018-07-09,BULL,longbyungi,2534168.7421667017,2534168.7421667017,-13.340201755761838,2.380551313500301,0.8975317952665941,13.369999885559082,1.4958863254443235
2018-07-10,BULL,longbyungi,2560561.5109524745,137791.60177582037,-12.437660429280806,1.041476376320838,0.9456265088101398,12.6899995803833,1.576044181350233
2018-07-11,BULL,longbyungi,2437331.182273,2437331.182273,-16.651711073676267,-4.8126291109341635,0.9493670628212567,12.640000343322754,1.582278438035428
2018-07-12,BULL,longbyungi,2457636.3460897696,291478.3618986327,-15.95734476317835,0.8330900603271019,0.8804108510084354,13.630000114440918,1.4673514183473924
2018-07-13,BULL,longbyungi,2459380.134991769,2459380.134991769,-15.8977132193457,0.07095390271119051,0.9538950773272192,12.579999923706055,1.5898251288786989
2018-07-16,BULL,longbyungi,2459380.134991769,2459380.134991769,-15.8977132193457,0.0,0.9852216501916431,12.180000305175781,1.6420360836527386
2018-07-17,BULL,longbyungi,2573971.35426589,159102.52038549632,-11.979090209906285,4.659353698264468,0.9353078777364245,12.829999923706055,1.558846462894041
2018-07-18,BULL,longbyungi,2584709.956750398,12935.891834573355,-11.611867179628966,0.4171997666839067,0.9950248410009088,12.0600004196167,1.6583747350015148
2018-07-19,BULL,longbyungi,2523956.2500032187,21083.068975133356,-13.689433634338965,-2.350503838487217,0.9917355059242089,12.100000381469727,1.6528925098736815
2018-07-20,BULL,longbyungi,2501464.2290268796,2501464.2290268796,-14.45858288927303,-0.89114147585998,0.9324009406919052,12.869999885559082,1.554001567819842
2018-07-23,BULL,longbyungi,2502857.8295833007,167282.9265618641,-14.410926574583716,0.05571139256159707,0.9331259969178372,12.859999656677246,1.555209994863062
2018-07-24,BULL,longbyungi,2387607.1644760594,124787.6978029511,-18.352100348658627,-4.604762753401359,0.9508716409523473,12.619999885559082,1.5847860682539123
2018-07-25,BULL,longbyungi,2385488.0537762595,78465.53928434988,-18.42456659869407,-0.08875457953589905,0.9669621392060204,12.40999984741211,1.6116035653433674
2018-07-26,BULL,longbyungi,2471312.7616185085,57178.46657855995,-15.48965869685447,3.597784013480476,0.976403583177123,12.289999961853027,1.627339305295205
2018-07-27,BULL,longbyungi,2396510.801392618,28531.12713543931,-18.04762678855575,-3.0268107455934112,0.9884678468399091,12.140000343322754,1.6474464113998486
2018-07-30,BULL,longbyungi,2389881.3841638267,2389881.3841638267,-18.27432990818808,-0.2766278885510953,0.9209516689117903,13.029999732971191,1.534919448186317
2018-07-31,BULL,longbyungi,2361125.136583144,378761.0370630552,-19.25769402760843,-1.2032499927080775,0.8415147130008812,14.260000228881836,1.4025245216681355
2018-08-01,BULL,longbyungi,2311625.6377338916,153509.2687942069,-20.95040553181533,-2.096436909772792,0.9353078777364245,12.829999923706055,1.558846462894041
2018-08-02,BULL,longbyungi,2340135.4354669782,197124.6405600016,-19.9754691440273,1.2333224406108956,0.9125475549892978,13.149999618530273,1.5209125916488297
2018-08-03,BULL,longbyungi,2338978.4927330385,2338978.4927330385,-20.015032580445368,-0.049439135718609695,0.9844134875370252,12.1899995803833,1.6406891458950421
2018-08-06,BULL,longbyungi,2353690.4213668364,0.0,-19.511935550648328,0.6289894789330619,1.0309278046442463,11.640000343322754,1.7182130077404105
2018-08-07,BULL,longbyungi,2371677.0666222773,0.0,-18.896854548743736,0.7641890833288034,1.0647736923323234,11.270000457763672,1.7746228205538723
2018-08-08,BULL,longbyungi,2350468.567912815,0.0,-19.622111785423947,-0.8942405780255402,1.097895669254239,10.930000305175781,1.8298261154237316
2018-08-09,BULL,longbyungi,2320606.545657607,2320606.545657607,-20.643289570763024,-1.2704710313027223,1.1059907445251624,10.850000381469727,1.8433179075419375
2018-08-10,BULL,longbyungi,2320606.545657607,2320606.545657607,-20.643289570763024,0.0,1.0647736923323234,11.270000457763672,1.7746228205538723
2018-08-13,BEAR,yangbyungi,2295360.564750187,1203134.3217836102,-21.506614721733165,-1.0879044082100386,0.9118541139162535,13.15999984741211,1.5197568565270891
2018-08-14,BULL,longbyungi,2314027.9929954633,2314027.9929954633,-20.868253298298,0.8132677946964595,0.8119079984305024,14.779999732971191,1.3531799973841707
2018-08-15,BULL,longbyungi,2314027.9929954633,2314027.9929954633,-20.868253298298,0.0,0.9015777326583717,13.3100004196167,1.5026295544306196
2018-08-16,BEAR,yangbyungi,2314027.9929954633,2314027.9929954633,-20.868253298298,0.0,0.8196721119254039,14.640000343322754,1.3661201865423398
2018-08-17,BEAR,yangbyungi,2300734.3301560925,1226582.198728218,-21.322850547651573,-0.5744815049606333,0.8921933212024068,13.449999809265137,1.486988868670678
2018-08-20,BEAR,yangbyungi,2306922.9473618474,2306922.9473618474,-21.11122126285383,0.26898443356278,0.9493670628212567,12.640000343322754,1.582278438035428
2018-08-21,BEAR,yangbyungi,2354266.667440936,755429.5035709599,-19.492229929751982,2.0522454004469504,0.9607686324981977,12.489999771118164,1.6012810541636628
2018-08-22,BULL,longbyungi,2352485.4854117385,156373.43995673396,-19.55314018908797,-0.07565761575911711,0.9331259969178372,12.859999656677246,1.555209994863062
2018-08-23,BULL,longbyungi,2322433.794639263,47962.987495861016,-20.58080398112667,-1.2774442587991541,0.9795918367346939,12.25,1.6326530612244898
2018-08-24,BULL,longbyungi,2380744.979389582,77564.69165178388,-18.586763323232415,2.510779204337932,0.9669621392060204,12.40999984741211,1.6116035653433674
2018-08-27,BULL,longbyungi,2449849.516243498,4.656612873077393e-10,-16.2236273876192,2.9026433932303863,1.0008340474622797,11.989999771118164,1.6680567457704663
2018-08-28,BULL,longbyungi,2480819.620422169,2480819.620422169,-15.164557036434923,1.2641635322221623,0.9868421176463945,12.15999984741211,1.644736862743991
2018-08-29,BULL,longbyungi,2463382.8227072502,99232.78481688676,-15.760835155905573,-0.7028643909205878,0.96,12.5,1.6
2018-08-30,BULL,longbyungi,2438997.6109182546,2438997.6109182546,-16.59472498282002,-0.9899075192136175,0.9795918367346939,12.25,1.6326530612244898
2018-08-31,BULL,longbyungi,2457155.731701557,275806.78248859337,-15.973780111473335,0.744491126273239,0.8869179775929528,13.529999732971191,1.478196629321588
2018-09-04,BULL,longbyungi,2472896.3125467882,162261.1964240712,-15.435506737014226,0.6406016778729429,0.9331259969178372,12.859999656677246,1.555209994863062
2018-09-05,BULL,longbyungi,2459379.984185482,2459379.984185482,-15.897718376398673,-0.5465788554387951,0.9118541139162535,13.15999984741211,1.5197568565270891
2018-09-06,BULL,longbyungi,2459379.984185482,2459379.984185482,-15.897718376398673,0.0,0.8626887226193999,13.90999984741211,1.437814537699
2018-09-07,BULL,longbyungi,2426763.943256844,444870.72966670524,-17.013074066558808,-1.3261895737286866,0.8191126493151316,14.649999618530273,1.3651877488585527
2018-09-10,BULL,longbyungi,2473713.2030322626,2473713.2030322626,-15.407571910307183,1.9346446903447223,0.8064516067008695,14.880000114440918,1.3440860111681159
2018-09-11,BULL,longbyungi,2473713.2030322626,2473713.2030322626,-15.407571910307183,0.0,0.8474576362508314,14.15999984741211,1.4124293937513857
2018-09-12,BULL,longbyungi,2473713.2030322626,2473713.2030322626,-15.407571910307183,0.0,0.9077155641160207,13.220000267028809,1.5128592735267012
2018-09-13,BULL,longbyungi,2446400.8559680744,214614.44650356052,-16.341559630531165,-1.1041032174105236,0.9132419852711755,13.140000343322754,1.5220699754519593
2018-09-14,BULL,longbyungi,2480753.93351059,74273.1431861883,-15.16680330141722,1.4042292970389614,0.9700889337928753,12.369999885559082,1.6168148896547923
2018-09-17,BULL,longbyungi,2435343.168985495,2435343.168985495,-16.719694246041804,-1.8305227258405665,0.9942005222374417,12.069999694824219,1.6570008703957362
2018-09-18,BULL,longbyungi,2431459.1826633424,299077.27893510554,-16.85251313274835,-0.15948414874813466,0.8771929628875695,13.680000305175781,1.4619882714792827
2018-09-19,BULL,longbyungi,2406896.4711429668,150013.05813737772,-17.692472836010744,-1.0102045592832232,0.9382329973253125,12.789999961853027,1.5637216622088543
2018-09-20,BULL,longbyungi,2446518.1507836864,0.0,-16.33754855388623,1.6461729914749812,1.0212765957446808,11.75,1.702127659574468
2018-09-21,BULL,longbyungi,2443837.4180250675,2443837.4180250675,-16.429220334120565,-0.10957338525202642,1.016949136104436,11.800000190734863,1.6949152268407268
2018-09-24,BULL,longbyungi,2491046.891820339,0.0,-14.814819759193988,1.9317763713358138,1.0273972334300725,11.680000305175781,1.7123287223834542
2018-09-25,BULL,longbyungi,2457745.7769202124,2457745.7769202124,-15.953602607602802,-1.3368321170297848,0.9836065727547594,12.199999809265137,1.639344287924599
2018-09-26,BULL,longbyungi,2378108.7281178185,83112.19061808847,-18.676913990601474,-3.240247610238467,0.9661835689441258,12.420000076293945,1.6103059482402098
2018-09-27,BULL,longbyungi,2394206.423637072,2394206.423637072,-18.12642853054368,0.6769116705607647,0.9309542032879937,12.890000343322754,1.551590338813323
2018-09-28,BULL,longbyungi,2415323.7989653586,79099.45853617322,-17.404287398050478,0.8820198258513878,0.9669621392060204,12.40999984741211,1.6116035653433674
2018-10-01,BULL,longbyungi,2395205.048803411,24085.75397839211,-18.092279006876787,-0.832962858667885,0.9900990192498218,12.119999885559082,1.6501650320830363
2018-10-02,BULL,longbyungi,2359755.4684639126,0.0,-19.30453193579471,-1.4800227795615295,1.0,12.0,1.6666666666666667
2018-10-03,BULL,longbyungi,2387344.6623192164,2387344.6623192164,-18.361077013697603,1.1691547799765445,0.9958506066436987,12.050000190734863,1.6597510110728313
2018-10-04,BULL,longbyungi,2387344.6623192164,2387344.6623192164,-18.361077013697603,0.0,1.0335917618307984,11.609999656677246,1.722652936384664
2018-10-05,BULL,longbyungi,2387344.6623192164,2387344.6623192164,-18.361077013697603,0.0,0.8438818406933359,14.220000267028809,1.4064697344888932
2018-10-08,BEAR,yangbyungi,2349289.7052803636,1507769.4484279854,-19.66242480648922,-1.5940286142799298,0.8097166158640959,14.819999694824219,1.3495276931068265
2018-10-09,BEAR,yangbyungi,2332378.492828703,1533478.950436079,-20.24072972941765,-0.7198436367234828,0.7648183760950008,15.6899995803833,1.274697293491668
2018-10-10,BEAR,yangbyungi,2319402.086180102,1609118.098146515,-20.684477915318432,-0.5563593854299054,0.7523511061755226,15.949999809265137,1.2539185102925376
2018-10-11,BEAR,yangbyungi,2289430.787335272,1767701.6168080335,-21.709392581730924,-1.2921993570416568,0.522648104464226,22.959999084472656,0.8710801741070434
2018-10-12,BEAR,yangbyungi,2332541.0240864474,2332541.0240864474,-20.23517172305045,1.8830111392601934,0.48038431624909883,24.979999542236328,0.8006405270818314
2018-10-15,BEAR,yangbyungi,2313836.1648186785,1835203.9997369023,-20.874813157876847,-0.8019091229100606,0.5631159221368535,21.309999465942383,0.9385265368947558
2018-10-16,BEAR,yangbyungi,2358697.501867148,1674764.3861711365,-19.340710730955113,1.9388294526023753,0.5633803018697211,21.299999237060547,0.9389671697828685
2018-10-17,BEAR,yangbyungi,2371285.9753226964,2371285.9753226964,-18.910228517316874,0.533704446864558,0.6810442354395535,17.6200008392334,1.1350737257325891
2018-10-18,NEUTRAL,longbyungi,2371285.9753226964,2371285.9753226964,-18.910228517316874,0.0,0.6896551875334813,17.399999618530273,1.1494253125558023
2018-10-19,NEUTRAL,longbyungi,2371285.9753226964,2371285.9753226964,-18.910228517316874,0.0,0.5982053997744841,20.059999465942383,0.9970089996241401
2018-10-22,BEAR,yangbyungi,2359461.414742639,1831727.6587141862,-19.314587555112617,-0.49865603318673957,0.6033182688907113,19.889999389648438,1.0055304481511855
2018-10-23,NEUTRAL,longbyungi,2317509.6472798544,2317509.6472798544,-20.74919277449738,-1.778023035284959,0.6109979823280841,19.639999389648438,1.018329970546807
2018-10-24,BEAR,yangbyungi,2360325.7274028836,1780375.5671879067,-19.285031054193613,1.8475038571375002,0.5794302525583892,20.709999084472656,0.9657170875973153
2018-10-25,BEAR,yangbyungi,2360241.1237997506,1787362.0757384608,-19.287924204541596,-0.0035844037181265165,0.47562426546664727,25.229999542236328,0.7927071091110788
2018-10-26,BEAR,yangbyungi,2321119.4467110327,2321119.4467110327,-20.625750130287113,-1.657528830178845,0.4954583129729242,24.219999313354492,0.8257638549548737
2018-10-29,BEAR,yangbyungi,2265531.119736352,1874811.6399265316,-22.52667847819255,-2.3948929924070828,0.49668874485880327,24.15999984741211,0.8278145747646721
2018-10-30,BEAR,yangbyungi,2325208.383533482,1713270.3441969203,-20.485922645964216,2.6341401041569013,0.4858299445077396,24.700000762939453,0.809716574179566
2018-10-31,BEAR,yangbyungi,2352723.522570271,2352723.522570271,-19.54500014229873,1.183340780621811,0.5139186211544156,23.350000381469727,0.8565310352573593
2018-11-01,BEAR,yangbyungi,2422359.9932962377,1687799.2908321747,-17.163673909700094,2.9598237981609987,0.5652378831250763,21.229999542236328,0.9420631385417938
2018-11-02,BEAR,yangbyungi,2406954.268298671,1966760.4451077185,-17.69049637336676,-0.6359799963754798,0.620475693139758,19.34000015258789,1.0341261552329302
2018-11-05,NEUTRAL,longbyungi,2406580.180582878,2406580.180582878,-17.703288878237032,-0.015541953609998771,0.6150691880687768,19.510000228881836,1.0251153134479614
2018-11-06,NEUTRAL,longbyungi,2445829.3354548775,959738.3222853921,-16.361103653603493,1.6309099189245835,0.6012024323856345,19.959999084472656,1.0020040539760575
2018-11-07,NEUTRAL,longbyungi,2505951.859849832,2505951.859849832,-14.305121450324343,2.4581651517305403,0.6027122095412649,19.90999984741211,1.0045203492354415
2018-11-08,NEUTRAL,longbyungi,2506104.681865238,667845.4297577264,-14.299895466433842,0.006098361977913136,0.7334963051533853,16.360000610351562,1.2224938419223088
2018-11-09,NEUTRAL,longbyungi,2427009.0028531523,2427009.0028531523,-17.004693876707776,-3.15612031629966,0.7177033787564474,16.719999313354492,1.1961722979274123
2018-11-12,NEUTRAL,longbyungi,2427009.0028531523,2427009.0028531523,-17.004693876707776,0.0,0.6912442153282266,17.360000610351562,1.152073692213711
2018-11-13,BEAR,yangbyungi,2430280.276808732,1714928.1483864367,-16.892827631861817,0.1347862307776504,0.5867970441227083,20.450000762939453,0.9779950735378471
2018-11-14,BEAR,yangbyungi,2426776.842213495,1896596.4385805824,-17.012632966894703,-0.14415763600063025,0.5994005856951142,20.020000457763672,0.9990009761585237
2018-11-15,BEAR,yangbyungi,2486160.566172185,1737015.8360384323,-14.981915180970296,2.447020382167686,0.5647058823529412,21.25,0.9411764705882353
2018-11-16,BEAR,yangbyungi,2408278.0347726755,2408278.0347726755,-17.64522814254579,-3.132642857392798,0.6006006143610181,19.979999542236328,1.0010010239350302
2018-11-19,NEUTRAL,longbyungi,2279069.87348894,2279069.87348894,-22.063699968058092,-5.3651679506320775,0.6615215217067637,18.139999389648438,1.1025358695112728
2018-11-20,BEAR,yangbyungi,2279069.87348894,2279069.87348894,-22.063699968058092,0.0,0.5970149140426311,20.100000381469727,0.9950248567377185
2018-11-21,BEAR,yangbyungi,2255549.5090602855,1816877.0712455641,-22.868015009161248,-1.03201594221628,0.5338078400515052,22.479999542236328,0.8896797334191754
2018-11-23,BEAR,yangbyungi,2248396.7517155684,1599289.4179870375,-23.11261454906923,-0.31711817080428695,0.57692309808449,20.799999237060547,0.9615384968074834
2018-11-26,BEAR,yangbyungi,2275525.1915509794,2275525.1915509794,-22.184915819422823,1.2065681830714103,0.5576208059824095,21.520000457763672,0.9293680099706825
2018-11-27,BEAR,yangbyungi,2281413.9822507408,1553136.227271858,-21.983539563196285,0.2587882007031306,0.6349206477356087,18.899999618530273,1.058201079559348
2018-11-28,BEAR,yangbyungi,2318142.444950646,1576233.069982769,-20.727553284763435,1.6098990795028856,0.6309148113138864,19.020000457763672,1.051524685523144
2018-11-29,BEAR,yangbyungi,2287987.0480919695,1740598.4097188776,-21.75876346594241,-1.3008431351731908,0.6489994672008756,18.489999771118164,1.081665778668126
2018-11-30,BEAR,yangbyungi,2305155.173140916,1558052.217832906,-21.17167302156202,0.7503593634091477,0.6386375420601312,18.790000915527344,1.0643959034335522
2018-12-03,NEUTRAL,longbyungi,2374844.2233209694,2374844.2233209694,-18.78854875365218,3.023182603585761,0.6640841285369338,18.06999969482422,1.1068068808948897
2018-12-04,NEUTRAL,longbyungi,2374844.2233209694,2374844.2233209694,-18.78854875365218,0.0,0.7299269835874047,16.440000534057617,1.2165449726456745
2018-12-06,BEAR,yangbyungi,2374844.2233209694,2374844.2233209694,-18.78854875365218,0.0,0.5785920989599432,20.739999771118164,0.9643201649332387
2018-12-07,BEAR,yangbyungi,2398482.4459259687,1836889.9059711793,-17.98020337091725,0.9953588691364201,0.5663048465106457,21.190000534057617,0.9438414108510762
2018-12-10,BEAR,yangbyungi,2419627.9467026154,1780151.2647675439,-17.257100445454277,0.8816199931987789,0.5165734066495282,23.229999542236328,0.8609556777492137
2018-12-11,BEAR,yangbyungi,2420964.9280875023,1955174.4126744287,-17.211380310428247,0.05525565972690494,0.5300353499782643,22.639999389648438,0.8833922499637739
2018-12-12,BEAR,yangbyungi,2429921.6985570313,1934335.2935112212,-16.905089766750514,0.36996696505655624,0.5514705824346692,21.760000228881836,0.9191176373911153
2018-12-13,BEAR,yangbyungi,2438783.6209561643,2438783.6209561643,-16.602042698737062,0.3646999162316922,0.5591798933804512,21.459999084472656,0.9319664889674186
2018-12-14,BEAR,yangbyungi,2420997.7475337614,1902772.984857735,-17.210257998979927,-0.7292928027550771,0.581113812187764,20.649999618530273,0.96852302031294
2018-12-17,BEAR,yangbyungi,2386436.569970222,1905578.6265749296,-18.392130628416126,-1.4275592614138688,0.554785042329826,21.6299991607666,0.9246417372163767
2018-12-18,BEAR,yangbyungi,2396930.0616776,1957618.5683487393,-18.033289538196772,0.4397138327254302,0.489396401956448,24.520000457763672,0.8156606699274134
2018-12-19,BEAR,yangbyungi,2339626.561747734,1503989.564243299,-19.992870863615952,-2.390703877682576,0.46911649866265626,25.579999923706055,0.7818608311044272
2018-12-20,BEAR,yangbyungi,2302803.5708533735,1588448.5442892653,-21.252089679063236,-1.5738832639535905,0.46911649866265626,25.579999923706055,0.7818608311044272
2018-12-21,BEAR,yangbyungi,2267433.412701091,1539271.6399752968,-22.461626644120624,-1.535960713278517,0.42283299347623576,28.3799991607666,0.7047216557937263
2018-12-24,BEAR,yangbyungi,2232009.80594433,1648501.5363922273,-23.67299136642379,-1.562277708281723,0.3985386833859612,30.110000610351562,0.664231138976602
2018-12-26,BEAR,yangbyungi,2274380.951312644,1862350.966096195,-22.22404487446449,1.8983404667609616,0.3326864458421915,36.06999969482422,0.5544774097369858
2018-12-27,BEAR,yangbyungi,2251721.225075599,2251721.225075599,-22.998929068755768,-0.9963030258395067,0.3946070391388443,30.40999984741211,0.6576783985647405
2018-12-28,BEAR,yangbyungi,2244314.030552823,1911589.597457433,-23.25222947934751,-0.32895699699801995,0.40053405763350736,29.959999084472656,0.6675567627225123
2018-12-31,BEAR,yangbyungi,2255414.888404824,2255414.888404824,-22.872618569550774,0.49462141665024273,0.4234297789481208,28.34000015258789,0.705716298246868
2019-01-02,BEAR,yangbyungi,2255414.888404824,2255414.888404824,-22.872618569550774,0.0,0.47206923540456236,25.420000076293945,0.786782059007604
2019-01-03,BEAR,yangbyungi,2255414.888404824,2255414.888404824,-22.872618569550774,0.0,0.5167958809153992,23.219999313354492,0.861326468192332
2019-01-04,BEAR,yangbyungi,2286742.7284309175,1723686.4434243785,-21.801314890787904,1.3890056409200602,0.4715127560025271,25.450000762939453,0.7858545933375453
2019-01-07,BEAR,yangbyungi,2311542.031120847,1652605.1602343922,-20.953264588553644,1.084481537061488,0.5612722390569882,21.3799991607666,0.935453731761647
2019-01-08,BEAR,yangbyungi,2322556.9004077064,1936646.999898122,-20.576594190011143,0.4765160718932959,0.5607476735471151,21.399999618530273,0.9345794559118584
2019-01-09,BEAR,yangbyungi,2333615.5374287544,1634823.4116275606,-20.198427086473703,0.4761406284214953,0.5862237617258383,20.469999313354492,0.9770396028763974
2019-01-10,NEUTRAL,longbyungi,2373237.8429551776,923115.5307010561,-18.843481401224803,1.697893457209343,0.6006006143610181,19.979999542236328,1.0010010239350302
2019-01-11,NEUTRAL,longbyungi,2389737.909211124,903680.455925398,-18.279236254891618,0.6952554841869629,0.6153846153846153,19.5,1.0256410256410255
2019-01-14,NEUTRAL,longbyungi,2333185.1524572596,2333185.1524572596,-20.213144762600198,-2.3664836439127646,0.6597031142210296,18.190000534057617,1.0995051903683826
2019-01-15,NEUTRAL,longbyungi,2309619.818513451,865003.5962149645,-21.018997605446998,-1.010007024902848,0.6292606288429524,19.06999969482422,1.0487677147382541
2019-01-16,NEUTRAL,longbyungi,2326117.1030091024,2326117.1030091024,-20.454847585686043,0.7142857176498207,0.6451612770908872,18.600000381469727,1.0752687951514788
2019-01-17,NEUTRAL,longbyungi,2374958.412655132,860076.982530667,-18.784643873722317,2.0996926415633776,0.6302520705350313,19.040000915527344,1.0504201175583856
2019-01-18,NEUTRAL,longbyungi,2453314.135976976,811623.3349999695,-16.105149386489927,3.29924612171395,0.6644518468912276,18.059999465942383,1.1074197448187126
2019-01-22,NEUTRAL,longbyungi,2405481.2317486266,2405481.2317486266,-17.740869124047965,-1.9497260268017347,0.674157332266361,17.799999237060547,1.1235955537772684
2019-01-23,NEUTRAL,longbyungi,2405481.2317486266,2405481.2317486266,-17.740869124047965,0.0,0.57692309808449,20.799999237060547,0.9615384968074834
2019-01-24,NEUTRAL,longbyungi,2531108.304324979,926701.8206803876,-13.444858135382386,5.222533891275871,0.614754083944053,19.520000457763672,1.024590139906755
2019-01-25,NEUTRAL,longbyungi,2605444.305450508,928646.8735977935,-10.902824231864994,2.936895311769505,0.6352567701286375,18.889999389648438,1.0587612835477291
2019-01-28,BULL,longbyungi,2417593.3457523114,2417593.3457523114,-17.326676754611224,-7.209939560220812,0.6888633724135417,17.420000076293945,1.1481056206892362
2019-01-29,NEUTRAL,longbyungi,2417593.3457523114,2417593.3457523114,-17.326676754611224,0.0,0.6359300194120979,18.8700008392334,1.0598833656868298
2019-01-30,NEUTRAL,longbyungi,2440373.923505799,901068.4413223017,-16.54765985681913,0.9422832749566012,0.6272870113141772,19.1299991607666,1.0454783521902953
2019-01-31,BULL,longbyungi,2414793.1782908966,780047.8369563972,-17.422432788224363,-1.048230558788854,0.6795017046253529,17.65999984741211,1.1325028410422548
2019-02-01,NEUTRAL,longbyungi,2446049.189511961,666335.4841314892,-16.3535854059379,1.294355620268317,0.7242003754380456,16.56999969482422,1.207000625730076
2019-02-04,NEUTRAL,longbyungi,2448572.7770256354,2448572.7770256354,-16.267287449078193,0.10316994132804069,0.7434944519078687,16.139999389648438,1.239157419846448
2019-02-05,BULL,longbyungi,2441896.4471322764,580621.4623792351,-16.495594819437354,-0.27266209752886406,0.7628735123468392,15.729999542236328,1.2714558539113987
2019-02-06,BULL,longbyungi,2558524.6922076205,575066.2192105846,-12.50731257933385,4.776133943448357,0.7707129245473936,15.569999694824219,1.2845215409123227
2019-02-07,BULL,longbyungi,2484351.1564072473,2484351.1564072473,-15.043790731150352,-2.8990744559268866,0.780234064415429,15.380000114440918,1.3003901073590483
2019-02-08,BULL,longbyungi,2533636.139192271,663201.9597965123,-13.358414933732377,1.9838170887362505,0.7330482214295326,16.3700008392334,1.2217470357158877
2019-02-11,NEUTRAL,longbyungi,2560941.926441175,2560941.926441175,-12.424651536482468,1.0777312032504094,0.7633587656591106,15.720000267028809,1.272264609431851
2019-02-12,NEUTRAL,longbyungi,2577380.224013295,636627.4240337433,-11.862518665306453,0.6418848237985442,0.7514088791078385,15.970000267028809,1.2523481318463976
2019-02-13,BULL,longbyungi,2611119.4042099616,2611119.4042099616,-10.708755500242207,1.3090493937340186,0.777705752602919,15.430000305175781,1.2961762543381983
2019-02-14,NEUTRAL,longbyungi,2624105.2062201295,608983.071029518,-10.264686025500524,0.49732700807287866,0.7667731816294413,15.649999618530273,1.2779553027157355
2019-02-15,BULL,longbyungi,2674188.1589909014,2674188.1589909014,-8.552022416967509,1.9085725927472819,0.739827404932131,16.219999313354492,1.233045674886885
2019-02-19,BULL,longbyungi,2664560.968720398,521924.02510087704,-8.881238996991858,-0.3600042217723476,0.8048289820796215,14.90999984741211,1.3413816367993692
2019-02-20,BULL,longbyungi,2687364.6678296467,518986.97005102737,-8.101431428873795,0.855814499159302,0.8064516067008695,14.880000114440918,1.3440860111681159
2019-02-21,BULL,longbyungi,2691212.389524955,2691212.389524955,-7.969852666865118,0.14317824973175686,0.8559200861762395,14.020000457763672,1.4265334769603992
2019-02-22,NEUTRAL,longbyungi,2691212.389524955,2691212.389524955,-7.969852666865118,0.0,0.8298755164829018,14.460000038146973,1.3831258608048365
2019-02-25,NEUTRAL,longbyungi,2691212.389524955,2691212.389524955,-7.969852666865118,0.0,0.8882309249963046,13.510000228881836,1.480384874993841
2019-02-26,BULL,longbyungi,2691212.389524955,2691212.389524955,-7.969852666865118,0.0,0.8080807873226695,14.850000381469727,1.3468013122044493
2019-02-27,NEUTRAL,longbyungi,2691212.389524955,2691212.389524955,-7.969852666865118,0.0,0.7910349333980766,15.170000076293945,1.3183915556634611
2019-02-28,NEUTRAL,longbyungi,2689469.06176168,494304.28793812264,-8.02946844134973,-0.06477852770224723,0.816326541204213,14.699999809265137,1.360544235340355
2019-03-01,NEUTRAL,longbyungi,2753364.6477430356,2753364.6477430356,-5.84446059332957,2.375769511157788,0.8119079984305024,14.779999732971191,1.3531799973841707
2019-03-04,BULL,longbyungi,2753364.6477430356,2753364.6477430356,-5.84446059332957,0.0,0.8843036307935189,13.569999694824219,1.4738393846558648
2019-03-05,NEUTRAL,longbyungi,2753364.6477430356,2753364.6477430356,-5.84446059332957,0.0,0.8202323927636263,14.630000114440918,1.367053987939377
2019-03-06,NEUTRAL,longbyungi,2753364.6477430356,2753364.6477430356,-5.84446059332957,0.0,0.814111274513927,14.739999771118164,1.3568521241898783
2019-03-07,NEUTRAL,longbyungi,2753364.6477430356,2753364.6477430356,-5.84446059332957,0.0,0.7623888293835422,15.739999771118164,1.2706480489725704
2019-03-08,NEUTRAL,longbyungi,2753364.6477430356,2753364.6477430356,-5.84446059332957,0.0,0.7233272989529241,16.59000015258789,1.2055454982548737
2019-03-11,NEUTRAL,longbyungi,2826067.511974022,694774.1590516756,-3.358274318042831,2.640509831873583,0.7476635869421836,16.049999237060547,1.2461059782369728
2019-03-12,NEUTRAL,longbyungi,2812951.8985043275,461520.369861681,-3.8067828953214367,-0.4640941313016622,0.8374040519112951,14.329999923706055,1.3956734198521585
2019-03-13,NEUTRAL,longbyungi,2800733.548678776,366129.1688739024,-4.224608162100852,-0.4343604251479838,0.8714596660186945,13.770000457763672,1.4524327766978242
2019-03-14,BULL,longbyungi,2800360.766770369,2800360.766770369,-4.2373560128789345,-0.013310152569945277,0.8948545963120041,13.40999984741211,1.4914243271866736
2019-03-15,BULL,longbyungi,2879088.1487053763,311151.1963078184,-1.5451520876771707,2.8113299853790963,0.8888888888888888,13.5,1.4814814814814814
2019-03-18,BULL,longbyungi,2817146.040581619,197665.65617451724,-3.663357755480523,-2.1514488242261876,0.9316770103554369,12.880000114440918,1.5527950172590617
2019-03-19,BULL,longbyungi,2873765.0476751383,242066.7319777012,-1.7271837154999137,2.009800211913393,0.9160305076764956,13.100000381469727,1.5267175127941595
2019-03-20,BULL,longbyungi,2760462.177905647,329948.6436543395,-5.601749631865161,-3.942662948773512,0.8849557248272714,13.5600004196167,1.4749262080454524
2019-03-21,BULL,longbyungi,2964160.2826584275,379772.86814164976,0.0,7.379130436314307,0.8626887226193999,13.90999984741211,1.437814537699
2019-03-22,BULL,longbyungi,2923345.602004816,2923345.602004816,-1.376939057324078,-1.376939057324078,0.8804108510084354,13.630000114440918,1.4673514183473924
2019-03-25,NEUTRAL,longbyungi,2844125.519850617,794695.832679796,-4.04953684556345,-2.7099116197506823,0.7281553600317398,16.479999542236328,1.2135922667195662
2019-03-26,NEUTRAL,longbyungi,2928314.602005805,2928314.602005805,-1.2093030482303813,2.9601043121194603,0.7348438491159912,16.329999923706055,1.224739748526652
2019-03-27,BULL,longbyungi,2928314.602005805,2928314.602005805,-1.2093030482303813,0.0,0.8174386751047352,14.680000305175781,1.3623977918412253
2019-03-28,NEUTRAL,longbyungi,2860079.615811979,608857.4331033393,-3.511303604442839,-2.3301794877875204,0.7920792278649668,15.149999618530273,1.3201320464416113
2019-03-29,NEUTRAL,longbyungi,2924317.836661516,494621.71551062446,-1.344139391854282,2.246029113818926,0.8316008140135531,14.430000305175781,1.3860013566892553
2019-04-01,BULL,longbyungi,3061735.317226635,377955.3149000476,0.0,4.699129446271066,0.8752735205405517,13.710000038146973,1.4587892009009196
2019-04-02,BULL,longbyungi,3055277.850119943,3055277.850119943,-0.21090873108330355,-0.21090873108330355,0.8955224135533352,13.399999618530273,1.4925373559222253
2019-04-03,BULL,longbyungi,3094761.029526749,311016.2375745266,0.0,1.2922942312842745,0.898203615896238,13.359999656677246,1.49700602649373
2019-04-04,BULL,longbyungi,3059438.956413062,387851.3089960688,-1.141350584962253,-1.141350584962253,0.8733624599633772,13.739999771118164,1.4556040999389621
2019-04-05,BULL,longbyungi,3108595.443292268,3108595.443292268,0.0,1.6067157272795507,0.8836524350086399,13.579999923706055,1.4727540583477332
2019-04-08,BULL,longbyungi,3123573.2998394184,198833.64863579068,0.0,0.4818207071450642,0.9360374637797163,12.819999694824219,1.5600624396328606
2019-04-09,BULL,longbyungi,3074118.665957956,3074118.665957956,-1.5832711172170888,-1.5832711172170888,0.9104703886302342,13.180000305175781,1.517450647717057
2019-04-10,BULL,longbyungi,3099408.589878819,490825.6210483527,-0.7736239121342803,0.8226723386093537,0.8403361501676443,14.279999732971191,1.4005602502794072
2019-04-11,BULL,longbyungi,3110531.540230121,3110531.540230121,-0.417526926932299,0.3588733149809453,0.9022556261585261,13.300000190734863,1.5037593769308768
2019-04-12,BULL,longbyungi,3110531.540230121,3110531.540230121,-0.417526926932299,0.0,0.9216589537709687,13.020000457763672,1.536098256284948
2019-04-15,BULL,longbyungi,3110531.540230121,3110531.540230121,-0.417526926932299,0.0,0.9991673414911527,12.010000228881836,1.6652789024852546
2019-04-16,BULL,longbyungi,3287449.560980756,80792.95197003242,0.0,5.687710234166166,0.9740259981533397,12.319999694824219,1.6233766635888995
2019-04-17,BULL,longbyungi,3377438.13406669,51263.88102591317,0.0,2.737336996862938,0.9852216501916431,12.180000305175781,1.6420360836527386
2019-04-18,BULL,longbyungi,3377779.2650297,3377779.2650297,0.0,0.010100287539516195,0.9523809235472626,12.600000381469727,1.5873015392454377
2019-04-22,BULL,longbyungi,3374621.6604227284,25144.801110347267,-0.09348167417754238,-0.09348167417754238,0.9925558187384615,12.09000015258789,1.654259697897436
2019-04-23,BULL,longbyungi,3418259.883930805,115450.39072997076,0.0,1.2931293608365646,0.9661835689441258,12.420000076293945,1.6103059482402098
2019-04-24,BULL,longbyungi,3458640.473469616,77703.03284882614,0.0,1.1813200549390501,0.9771987183176065,12.279999732971191,1.6286645305293443
2019-04-25,BULL,longbyungi,3427646.311475001,3427646.311475001,-0.8961371449956679,-0.8961371449956679,0.9132419852711755,13.140000343322754,1.5220699754519593
2019-04-26,BULL,longbyungi,3427646.311475001,3427646.311475001,-0.8961371449956679,0.0,0.9056603773584906,13.25,1.509433962264151
2019-04-29,BULL,longbyungi,3427646.311475001,3427646.311475001,-0.8961371449956679,0.0,0.942655179223354,12.729999542236328,1.5710919653722566
2019-04-30,BULL,longbyungi,3461456.019004636,290212.53459838685,0.0,0.9863826211137239,0.9153318317508958,13.109999656677246,1.5255530529181598
2019-05-01,BULL,longbyungi,3559183.988051661,3559183.988051661,0.0,2.8233196813844508,0.9146341543194795,13.119999885559082,1.5243902571991326
2019-05-02,BULL,longbyungi,3624183.856989229,673359.1700656791,0.0,1.8262576241008022,0.8108108003614941,14.800000190734863,1.3513513339358236
2019-05-03,BULL,longbyungi,3674560.5069184164,3674560.5069184164,0.0,1.3900136394028761,0.8321775268037374,14.420000076293945,1.3869625446728957
2019-05-06,BULL,longbyungi,3674560.5069184164,3674560.5069184164,0.0,0.0,0.9324009406919052,12.869999885559082,1.554001567819842
2019-05-07,BULL,longbyungi,3674560.5069184164,3674560.5069184164,0.0,0.0,0.7772020936610736,15.4399995803833,1.295336822768456
2019-05-08,BULL,longbyungi,3631651.2793728295,1392224.7522841208,-1.167737678146763,-1.167737678146763,0.621118022233446,19.31999969482422,1.0351967037224101
2019-05-09,BULL,longbyungi,3516242.664961622,1344316.184658321,-4.3084837399932745,-3.177855072889546,0.6185567131938484,19.399999618530273,1.0309278553230807
2019-05-10,NEUTRAL,longbyungi,3487178.3890997698,1290156.6476324182,-5.099442980074653,-0.8265719585132669,0.6282722387608984,19.100000381469727,1.0471203979348307
2019-05-13,BULL,longbyungi,3267692.4860652224,3267692.4860652224,-11.072562829953348,-6.294083024849462,0.7481296331089068,16.040000915527344,1.246882721848178
2019-05-14,BEAR,yangbyungi,3290602.1164672268,1931993.3180844213,-10.449096966243376,0.7010950540695227,0.5839416275188373,20.549999237060547,0.9732360458647288
2019-05-15,BEAR,yangbyungi,3310031.6239901353,1733776.9221615798,-9.920339649924138,0.5904544771814457,0.6644518468912276,18.059999465942383,1.1074197448187126
2019-05-16,BULL,longbyungi,3186163.662937797,874802.779636621,-13.291299546192581,-3.7421987196309403,0.7299269835874047,16.440000534057617,1.2165449726456745
2019-05-17,BEAR,yangbyungi,3028184.9054019023,1796783.4095490484,-17.590555395659592,-4.958275036952453,0.7848266860653212,15.289999961853027,1.3080444767755355
2019-05-20,BEAR,yangbyungi,2916988.491578376,2916988.491578376,-20.616670045674667,-3.6720483490016,0.7518796974510066,15.960000038146973,1.253132829085011
2019-05-21,BEAR,yangbyungi,2916988.491578376,2916988.491578376,-20.616670045674667,0.0,0.7357449658448928,16.309999465942383,1.226241609741488
2019-05-22,BEAR,yangbyungi,2916988.491578376,2916988.491578376,-20.616670045674667,0.0,0.8026755955249646,14.949999809265137,1.3377926592082743
2019-05-23,BEAR,yangbyungi,2916988.491578376,2916988.491578376,-20.616670045674667,0.0,0.8135593220338982,14.75,1.3559322033898304
2019-05-24,BEAR,yangbyungi,2916988.491578376,2916988.491578376,-20.616670045674667,0.0,0.7092198549580863,16.920000076293945,1.1820330915968105
2019-05-28,BEAR,yangbyungi,2916988.491578376,2916988.491578376,-20.616670045674667,0.0,0.7570977735766636,15.850000381469727,1.2618296226277728
2019-05-29,BEAR,yangbyungi,2944479.5476007937,1716856.0836147014,-19.868524628810313,0.9424465026786066,0.6857142857142856,17.5,1.1428571428571428
2019-05-30,BEAR,yangbyungi,2951723.524483436,2062938.4967372734,-19.671386035800264,0.24601892339666254,0.670391075739324,17.899999618530273,1.11731845956554
2019-05-31,BEAR,yangbyungi,2891035.702941837,2000192.1080699158,-21.322952840247666,-2.0560130729797788,0.6936416490870856,17.299999237060547,1.1560694151451427
2019-06-03,BEAR,yangbyungi,2884027.3790412527,2210449.953521095,-21.513678340273835,-0.242415681461583,0.6413682836552753,18.709999084472656,1.0689471394254588
2019-06-04,NEUTRAL,longbyungi,3015088.2974468656,1062485.5376315808,-17.94696830355371,4.544371504863531,0.6362672116465171,18.860000610351562,1.0604453527441953
2019-06-05,NEUTRAL,longbyungi,3077651.729460494,3077651.729460494,-16.244358375214397,2.075011603030208,0.7071302584294529,16.969999313354492,1.1785504307157548
2019-06-06,BULL,longbyungi,3136464.673882471,782324.1717670984,-14.643814737104622,1.9109681533812317,0.7458048406587453,16.09000015258789,1.2430080677645756
2019-06-07,BULL,longbyungi,3170372.9432850946,777386.7217961662,-13.721030384015819,1.081098399895275,0.7532956541187954,15.930000305175781,1.255492756864659
2019-06-10,BULL,longbyungi,3313228.555760767,864631.7131795832,-9.833337904691952,4.505956082493157,0.7361963534768861,16.299999237060547,1.2269939224614768
2019-06-11,BULL,longbyungi,3448782.9251580853,3448782.9251580853,-6.14434246858202,4.091307530282751,0.7528231063925437,15.9399995803833,1.2547051773209061
2019-06-12,BULL,longbyungi,3448782.9251580853,3448782.9251580853,-6.14434246858202,0.0,0.7504690538942299,15.989999771118164,1.2507817564903831
2019-06-13,BULL,longbyungi,3448782.9251580853,3448782.9251580853,-6.14434246858202,0.0,0.7542426219414387,15.90999984741211,1.2570710365690645
2019-06-14,BULL,longbyungi,3448782.9251580853,3448782.9251580853,-6.14434246858202,0.0,0.758533516528828,15.819999694824219,1.2642225275480465
2019-06-17,BEAR,yangbyungi,3448782.9251580853,3448782.9251580853,-6.14434246858202,0.0,0.7853403278605033,15.279999732971191,1.3089005464341723
2019-06-18,BEAR,yangbyungi,3567291.8432275164,1831112.7985101354,-2.9192243123752015,3.436253328817407,0.7817589382268815,15.350000381469727,1.3029315637114691
2019-06-19,NEUTRAL,longbyungi,3594467.627778178,3594467.627778178,-2.1796587371317067,0.7618043531328889,0.7920792278649668,15.149999618530273,1.3201320464416113
2019-06-20,NEUTRAL,longbyungi,3594467.627778178,3594467.627778178,-2.1796587371317067,0.0,0.8374040519112951,14.329999923706055,1.3956734198521585
2019-06-21,BULL,longbyungi,3531126.1791053885,670154.9814501684,-3.90344171889323,-1.7621927704476903,0.8135593220338982,14.75,1.3559322033898304
2019-06-24,BULL,longbyungi,3547421.4036974716,3547421.4036974716,-3.4599812135783004,0.4614738688327291,0.7792207985226717,15.399999618530273,1.2987013308711195
2019-06-25,BULL,longbyungi,3380332.8806126965,757837.1175975711,-8.007151487960307,-4.710140241884398,0.7863695819144355,15.260000228881836,1.3106159698573925
2019-06-26,BULL,longbyungi,3577794.890628381,933603.0010530856,-2.633392921625488,5.841496000236934,0.7371007060118618,16.280000686645508,1.2285011766864364
2019-06-27,BULL,longbyungi,3648959.027438612,941289.3484792723,-0.6967222183878019,1.9890502106936658,0.7402838172578702,16.209999084472656,1.2338063620964503
2019-06-28,BULL,longbyungi,3723781.6827689065,3723781.6827689065,0.0,2.0505205667605386,0.758533516528828,15.819999694824219,1.2642225275480465
2019-07-01,BULL,longbyungi,3483454.1866609384,3483454.1866609384,-6.453855692454747,-6.453855692454747,0.7957559721957136,15.079999923706055,1.3262599536595228
2019-07-02,BULL,longbyungi,3483454.1866609384,3483454.1866609384,-6.453855692454747,0.0,0.8534850385393616,14.0600004196167,1.4224750642322694
2019-07-03,BULL,longbyungi,3483454.1866609384,3483454.1866609384,-6.453855692454747,0.0,0.9280742240351294,12.930000305175781,1.5467903733918824
2019-07-05,BULL,longbyungi,3487931.9793702257,157960.8489687126,-6.33360716311675,0.12854461317257648,0.9546539611246831,12.569999694824219,1.5910899352078054
2019-07-08,BULL,longbyungi,3393408.266943169,3393408.266943169,-8.871986705194823,-2.7100216686027245,0.9036144760008356,13.279999732971191,1.5060241266680594
2019-07-09,BULL,longbyungi,3457865.794977612,476438.417942849,-7.1410171284146395,1.8994922792625601,0.8595988515192626,13.960000038146973,1.4326647525321043
2019-07-10,BULL,longbyungi,3471803.5259961192,527234.0384696121,-6.7667274356809965,0.4030732204457266,0.8516678403155288,14.09000015258789,1.4194464005258813
2019-07-11,BULL,longbyungi,3513149.0535780396,3513149.0535780396,-5.656417242867096,1.1908947978286788,0.9209516689117903,13.029999732971191,1.534919448186317
2019-07-12,BULL,longbyungi,3609589.1373357363,252685.97175885178,-3.066574658809207,2.745117906667671,0.9280742240351294,12.930000305175781,1.5467903733918824
2019-07-15,BULL,longbyungi,3630130.6572702182,115150.35344421444,-2.5149440401417866,0.5690819412661474,0.9685229755838598,12.390000343322754,1.6142049593064332
2019-07-16,BULL,longbyungi,3576358.761555552,3576358.761555552,-3.958957150885778,-1.481266124870051,0.9463722169708295,12.680000305175781,1.577287028284716
2019-07-17,BULL,longbyungi,3576358.761555552,3576358.761555552,-3.958957150885778,0.0,0.9331259969178372,12.859999656677246,1.555209994863062
2019-07-18,BULL,longbyungi,3653877.613184774,504325.5247377106,-1.8772332950559467,2.167535663997655,0.8589835197298964,13.970000267028809,1.4316391995498274
2019-07-19,BULL,longbyungi,3693741.3691641325,3693741.3691641325,-0.8067152202767325,1.0909986649665804,0.8869179775929528,13.529999732971191,1.478196629321588
2019-07-22,BULL,longbyungi,3767708.720991445,626274.4477079068,0.0,2.0025048977386994,0.8304498379512619,14.449999809265137,1.3840830632521033
2019-07-23,BULL,longbyungi,3833810.3903122367,433163.2001709677,0.0,1.7544262100865904,0.8869179775929528,13.529999732971191,1.478196629321588
2019-07-24,BULL,longbyungi,4095384.7151417676,188799.93293900182,0.0,6.82282894038031,0.9516257198029153,12.609999656677246,1.5860428663381922
2019-07-25,BULL,longbyungi,4019587.783593784,4019587.783593784,-1.850789042302703,-1.850789042302703,0.9942005222374417,12.069999694824219,1.6570008703957362
2019-07-26,BULL,longbyungi,4019587.783593784,4019587.783593784,-1.850789042302703,0.0,0.9419152445515927,12.739999771118164,1.5698587409193212
2019-07-29,BULL,longbyungi,4020040.286676574,52889.26316651655,-1.8397399440063467,0.011257449946411313,0.9868421176463945,12.15999984741211,1.644736862743991
2019-07-30,BULL,longbyungi,3927391.922033643,252929.41967230197,-4.102002737056887,-2.3046625913175856,0.9353078777364245,12.829999923706055,1.558846462894041
2019-07-31,BULL,longbyungi,3865364.4616406173,3865364.4616406173,-5.616572544471876,-1.5793549924324135,0.8608321636455919,13.9399995803833,1.4347202727426531
2019-08-01,BULL,longbyungi,3631993.9496190255,3631993.9496190255,-11.314950798381862,-6.037477560978555,0.7444168346935812,16.1200008392334,1.240694724489302
2019-08-02,BULL,longbyungi,3556702.17007006,1193050.1696198522,-13.15340517534408,-2.0730150047982066,0.6715164765775571,17.8700008392334,1.1191941276292618
2019-08-05,BULL,longbyungi,3347091.7781446585,3347091.7781446585,-18.27161522165338,-5.893391740508669,0.6814309814927618,17.610000610351562,1.1357183024879365
2019-08-06,BEAR,yangbyungi,3320180.5937384213,2605185.826841602,-18.92872526815863,-0.8040169254383112,0.4880032503268244,24.59000015258789,0.8133387505447074
2019-08-07,NEUTRAL,longbyungi,3390050.1539269364,1331597.9970294347,-17.222669181896755,2.104390355159702,0.5949429823802406,20.170000076293945,0.991571637300401
2019-08-08,NEUTRAL,longbyungi,3521849.6972959815,1326189.9350967626,-14.004423460518101,3.8878346155549526,0.6157003663890522,19.489999771118164,1.0261672773150872
2019-08-09,NEUTRAL,longbyungi,3449266.5556390216,3449266.5556390216,-15.776739047588595,-2.0609380835499014,0.7096392731095422,16.90999984741211,1.182732121849237
2019-08-12,NEUTRAL,longbyungi,3387582.55889242,1145916.5139443516,-17.28292225227114,-1.788322118676433,0.6677796582375015,17.969999313354492,1.1129660970625026
2019-08-13,NEUTRAL,longbyungi,3521998.7865590197,1455546.2100128173,-14.000783039082554,3.9679100163553693,0.5689900385575632,21.09000015258789,0.9483167309292722
2019-08-14,BULL,longbyungi,3377891.635853028,3377891.635853028,-17.51955259870873,-4.091629765914373,0.6849314889533816,17.520000457763672,1.1415524815889695
2019-08-15,NEUTRAL,longbyungi,3377891.635853028,3377891.635853028,-17.51955259870873,0.0,0.542986415966838,22.100000381469727,0.90497735994473
2019-08-16,BEAR,yangbyungi,3401960.5307564344,2229599.878170735,-16.931844811100472,0.7125419491832874,0.5665722297967836,21.18000030517578,0.944287049661306
2019-08-19,NEUTRAL,longbyungi,3482762.5894698054,3482762.5894698054,-14.958841922882826,2.375161557074401,0.6497022439694168,18.469999313354492,1.0828370732823613
2019-08-20,BULL,longbyungi,3482762.5894698054,3482762.5894698054,-14.958841922882826,0.0,0.7109005092779295,16.8799991607666,1.1848341821298825
2019-08-21,NEUTRAL,longbyungi,3482762.5894698054,3482762.5894698054,-14.958841922882826,0.0,0.6857142857142856,17.5,1.1428571428571428
2019-08-22,BULL,longbyungi,3482762.5894698054,3482762.5894698054,-14.958841922882826,0.0,0.7594936617176,15.800000190734863,1.2658227695293334
2019-08-23,BULL,longbyungi,3279551.0311308065,3279551.0311308065,-19.92080697558397,-5.834780669615913,0.7194244472691297,16.68000030517578,1.1990407454485494
2019-08-26,BEAR,yangbyungi,3279551.0311308065,3279551.0311308065,-19.92080697558397,0.0,0.6039254903455238,19.8700008392334,1.0065424839092063
2019-08-27,BEAR,yangbyungi,3279551.0311308065,3279551.0311308065,-19.92080697558397,0.0,0.621118022233446,19.31999969482422,1.0351967037224101
2019-08-28,BEAR,yangbyungi,3297406.8720340114,2310702.842839049,-19.48480786572777,0.5444599194740496,0.5908419653148032,20.309999465942383,0.9847366088580053
2019-08-29,BEAR,yangbyungi,3346914.674903519,2304454.96803254,-18.275939680854602,1.5014162580115231,0.6201550265338311,19.350000381469727,1.0335917108897186
2019-08-30,NEUTRAL,longbyungi,3316146.1597625497,1109949.6104588974,-19.027236989437355,-0.9193098160429236,0.6711409710986531,17.8799991607666,1.1185682851644219
2019-09-03,NEUTRAL,longbyungi,3243994.749596679,3243994.749596679,-20.789010673338325,-2.1757608588349076,0.632244483109513,18.979999542236328,1.0537408051825217
2019-09-04,NEUTRAL,longbyungi,3275224.381157063,1263936.9013111754,-20.026453948327383,0.9626905704538169,0.6103764035165843,19.65999984741211,1.0172940058609738
2019-09-05,BULL,longbyungi,3429428.7685330985,1046279.4119953886,-16.261132785558484,4.70820833721195,0.6924408570588024,17.329999923706055,1.154068095098004
2019-09-06,BULL,longbyungi,3439189.8239908116,3439189.8239908116,-16.02278996463562,0.2846262779176545,0.7375537592117198,16.270000457763672,1.2292562653528665
2019-09-09,BULL,longbyungi,3382365.1475388096,687837.9647981622,-17.41031959626962,-1.6522692657325644,0.7999999999999999,15.0,1.3333333333333333
2019-09-10,BULL,longbyungi,3372587.3160459935,714799.4026914914,-17.6490720498954,-0.28908267044824854,0.7858545933375453,15.270000457763672,1.3097576555625754
2019-09-11,BULL,longbyungi,3445947.0985568706,717559.6983044301,-15.857792655809522,2.175178153634394,0.7894736941171157,15.199999809265137,1.3157894901951928
2019-09-12,BULL,longbyungi,3512926.830662923,3512926.830662923,-14.222299612667333,1.9437249090127562,0.8213552554407905,14.609999656677246,1.3689254257346508
2019-09-13,BULL,longbyungi,3512926.830662923,3512926.830662923,-14.222299612667333,0.0,0.8438818406933359,14.220000267028809,1.4064697344888932
2019-09-16,BULL,longbyungi,3487918.450416167,444868.4121638024,-14.832947500136683,-0.7118958478858128,0.8733624599633772,13.739999771118164,1.4556040999389621
2019-09-17,BULL,longbyungi,3465100.823133076,630633.0637208908,-15.390102172290632,-0.6541903891235767,0.8179959057663166,14.670000076293945,1.3633265096105278
2019-09-18,BULL,longbyungi,3452438.0147336884,3452438.0147336884,-15.699299214330898,-0.3654383824808316,0.8310249548969494,14.4399995803833,1.3850415914949157
2019-09-19,BULL,longbyungi,3452438.0147336884,3452438.0147336884,-15.699299214330898,0.0,0.8602150655249464,13.949999809265137,1.4336917758749108
2019-09-20,BULL,longbyungi,3452438.0147336884,3452438.0147336884,-15.699299214330898,0.0,0.8540925150957138,14.050000190734863,1.4234875251595231
2019-09-23,NEUTRAL,longbyungi,3507906.797841169,748178.4192977361,-14.344877420881385,1.6066554380052889,0.7832898328355801,15.319999694824219,1.3054830547259668
2019-09-24,BULL,longbyungi,3562981.185444682,3562981.185444682,-13.00008587053233,1.570007151769448,0.8048289820796215,14.90999984741211,1.3413816367993692
2019-09-25,NEUTRAL,longbyungi,3693337.53441852,1055311.0306917978,-9.817079680860463,3.6586314153541855,0.7038123482091617,17.049999237060547,1.173020580348603
2019-09-26,BULL,longbyungi,3693621.3970854203,3693621.3970854203,-9.810148398779662,0.007685803538270974,0.7518796974510066,15.960000038146973,1.253132829085011
2019-09-27,BULL,longbyungi,3693621.3970854203,3693621.3970854203,-9.810148398779662,0.0,0.7467330571179119,16.06999969482422,1.2445550951965199
2019-09-30,NEUTRAL,longbyungi,3686910.322671389,1119669.1013584854,-9.974017604747509,-0.18169361969060382,0.6968641392856347,17.219999313354492,1.1614402321427246
2019-10-01,NEUTRAL,longbyungi,3566714.240393011,975320.6069694436,-12.908933141106772,-3.2600761005569856,0.7389162665717064,16.239999771118164,1.231527110952844
2019-10-02,NEUTRAL,longbyungi,3487568.3740653023,3487568.3740653023,-14.841495570103602,-2.21901338300059,0.646551742742235,18.559999465942383,1.077586237903725
2019-10-03,NEUTRAL,longbyungi,3554557.3903507353,1452022.5775729693,-13.20577582837198,1.9207943501146962,0.5836576027094742,20.559999465942383,0.972762671182457
2019-10-04,NEUTRAL,longbyungi,3635427.69004748,1330735.2751075327,-11.231106650217725,2.2751158812705397,0.6276150352136245,19.1200008392334,1.0460250586893742
2019-10-07,BULL,longbyungi,3538137.4128189473,1068804.9387882543,-13.606714413484111,-2.6761714308024653,0.7042253142759665,17.040000915527344,1.1737088571266108
2019-10-08,NEUTRAL,longbyungi,3459059.5078131743,3459059.5078131743,-15.537617381241953,-2.235015087861414,0.671892474239047,17.860000610351562,1.1198207903984116
2019-10-09,NEUTRAL,longbyungi,3445063.4701331286,1412278.803259658,-15.879368856464737,-0.40461974269110357,0.5917159562968884,20.280000686645508,0.986193260494814
2019-10-10,NEUTRAL,longbyungi,3470817.626008643,1231835.541705615,-15.250510820727726,0.7475669490210946,0.6437768451142812,18.639999389648438,1.0729614085238022
2019-10-11,NEUTRAL,longbyungi,3581412.7102280757,1139125.6082113464,-12.55002986687418,3.1864274109560276,0.6829823681519452,17.56999969482422,1.1383039469199088
2019-10-14,BULL,longbyungi,3570882.2571578356,3570882.2571578356,-12.807159631296706,-0.2940307058208136,0.770218232269768,15.579999923706055,1.2836970537829469
2019-10-15,BULL,longbyungi,3662728.2143984353,629867.2960445508,-10.564489805894961,2.5720802486974836,0.8236101751095317,14.569999694824219,1.372683625182553
2019-10-16,BULL,longbyungi,3616438.672653798,3616438.672653798,-11.694775358153143,-1.2637995241544298,0.8862629271645677,13.539999961853027,1.4771048786076129
2019-10-17,BULL,longbyungi,3616438.672653798,3616438.672653798,-11.694775358153143,0.0,0.8771929628875695,13.680000305175781,1.4619882714792827
2019-10-18,BULL,longbyungi,3616438.672653798,3616438.672653798,-11.694775358153143,0.0,0.8701957964608654,13.789999961853027,1.4503263274347757
2019-10-21,BULL,longbyungi,3665207.1783751044,571016.6325242836,-10.503959131755758,1.3485229568546586,0.8421052631578947,14.25,1.4035087719298245
2019-10-22,BULL,longbyungi,3679986.724542677,3679986.724542677,-10.143076157491372,0.40323903802144123,0.8571428571428571,14.0,1.4285714285714286
2019-10-23,BULL,longbyungi,3679986.724542677,3679986.724542677,-10.143076157491372,0.0,0.8298755164829018,14.460000038146973,1.3831258608048365
2019-10-24,NEUTRAL,longbyungi,3729195.013169047,527963.8856367995,-8.941521430668441,1.3371865800001048,0.8565310352573593,14.010000228881836,1.4275517254289323
2019-10-25,BULL,longbyungi,3872663.562191604,467217.5031896825,-5.438345074803397,3.8471720710749002,0.8752735205405517,13.710000038146973,1.4587892009009196
2019-10-28,BULL,longbyungi,3996572.564522621,202273.93558341963,-2.4127684574738684,3.1995808657567792,0.9486166293967214,12.649999618530273,1.5810277156612025
2019-10-29,BULL,longbyungi,3842624.754903848,339656.54394378373,-6.171824573730433,-3.8519958572843294,0.9153318317508958,13.109999656677246,1.5255530529181598
2019-10-30,BULL,longbyungi,3910846.4874937544,3910846.4874937544,-4.50600469757394,1.7753940845471217,0.909090922226919,13.199999809265137,1.5151515370448652
2019-10-31,BULL,longbyungi,3910846.4874937544,3910846.4874937544,-4.50600469757394,0.0,0.9732360157544213,12.329999923706055,1.622060026257369
2019-11-01,BULL,longbyungi,3992671.0333556435,360910.2619272028,-2.5080349937910196,2.0922464260244134,0.9077155641160207,13.220000267028809,1.5128592735267012
2019-11-04,BULL,longbyungi,4169591.725458244,100664.43972944794,0.0,4.431136214943998,0.9756097409688788,12.300000190734863,1.6260162349481313
2019-11-05,BULL,longbyungi,4129427.1116067776,272683.9062493746,-0.9632745001443066,-0.9632745001443066,0.9353078777364245,12.829999923706055,1.558846462894041
2019-11-06,BULL,longbyungi,4105620.181241928,4105620.181241928,-1.534240003061338,-0.5765189630768441,0.9160305076764956,13.100000381469727,1.5267175127941595
2019-11-07,BULL,longbyungi,4105620.181241928,4105620.181241928,-1.534240003061338,0.0,0.9508716409523473,12.619999885559082,1.5847860682539123
2019-11-08,BULL,longbyungi,4153895.136369064,235436.05347029958,-0.3764538622172853,1.1758261357857291,0.942655179223354,12.729999542236328,1.5710919653722566
2019-11-11,BULL,longbyungi,4025622.9307942097,23470.811252889223,-3.452827138566228,-3.0879981647051746,0.9942005222374417,12.069999694824219,1.6570008703957362
2019-11-12,BULL,longbyungi,3998835.812286081,221931.48393886536,-4.09526698092717,-0.6654154889475516,0.9456265088101398,12.6899995803833,1.576044181350233
2019-11-13,BULL,longbyungi,3934648.1508945394,209931.67857954837,-5.634690157532962,-1.60515871130118,0.9463722169708295,12.680000305175781,1.577287028284716
2019-11-14,BULL,longbyungi,3894446.636666371,3894446.636666371,-6.598849645444216,-1.0217308558842508,0.9230769230769231,13.0,1.5384615384615385
2019-11-15,BULL,longbyungi,3805575.73416597,313346.3334513693,-8.730255028800649,-2.281990505754483,0.919540216445335,13.050000190734863,1.5325670274088918
2019-11-18,BULL,longbyungi,3805013.341561605,3805013.341561605,-8.743742982571534,-0.01477812146307711,0.9958506066436987,12.050000190734863,1.6597510110728313
2019-11-19,BULL,longbyungi,3805013.341561605,3805013.341561605,-8.743742982571534,0.0,0.9630818590097385,12.460000038146973,1.6051364316828975
2019-11-20,BULL,longbyungi,3685121.659859656,254456.47393126134,-11.619124784821565,-3.15088728841999,0.9331259969178372,12.859999656677246,1.555209994863062
2019-11-21,BULL,longbyungi,3632034.692843147,3632034.692843147,-12.892318193480168,-1.4405756964487981,0.9389671557692708,12.779999732971191,1.5649452596154514
2019-11-22,BULL,longbyungi,3632034.692843147,3632034.692843147,-12.892318193480168,0.0,0.9139375396350455,13.130000114440918,1.523229232725076
2019-11-25,BULL,longbyungi,3722174.8858517683,100072.31235829508,-10.730471208360425,2.4818098017136414,0.9724473137452443,12.34000015258789,1.6207455229087406
2019-11-26,BULL,longbyungi,3700611.7412650827,3700611.7412650827,-11.247623630143778,-0.5793157293239592,1.01095198952774,11.869999885559082,1.6849199825462333
2019-11-27,BULL,longbyungi,3700611.7412650827,3700611.7412650827,-11.247623630143778,0.0,1.0398613552571543,11.539999961853027,1.733102258761924
2019-11-29,BULL,longbyungi,3700611.7412650827,3700611.7412650827,-11.247623630143778,0.0,1.0212765957446808,11.75,1.702127659574468
2019-12-02,BULL,longbyungi,3700611.7412650827,3700611.7412650827,-11.247623630143778,0.0,0.9508716409523473,12.619999885559082,1.5847860682539123
2019-12-03,BULL,longbyungi,3700611.7412650827,3700611.7412650827,-11.247623630143778,0.0,0.8048289820796215,14.90999984741211,1.3413816367993692
2019-12-04,BULL,longbyungi,3700611.7412650827,3700611.7412650827,-11.247623630143778,0.0,0.7518796974510066,15.960000038146973,1.253132829085011
2019-12-05,BULL,longbyungi,3700611.7412650827,3700611.7412650827,-11.247623630143778,0.0,0.8108108003614941,14.800000190734863,1.3513513339358236
2019-12-06,BULL,longbyungi,3688897.6012961967,642255.0267212545,-11.528565764054955,-0.3165460412467236,0.8264462549368407,14.520000457763672,1.3774104248947345
2019-12-09,BULL,longbyungi,3686308.4882702585,3686308.4882702585,-11.590660885026383,-0.07018663312932105,0.8810572761254775,13.619999885559082,1.4684287935424625
2019-12-10,BULL,longbyungi,3636972.5401672604,897172.1189879705,-12.773892993862557,-1.3383564685371274,0.7566204451302028,15.859999656677246,1.2610340752170046
2019-12-11,BULL,longbyungi,3769912.5645013954,860761.3095104909,-9.585570657110875,3.6552386047990604,0.765306107554025,15.680000305175781,1.2755101792567083
2019-12-12,BULL,longbyungi,3962042.698470759,748422.9272988639,-4.97768224452898,5.096408223854243,0.8005337013494078,14.989999771118164,1.3342228355823464
2019-12-13,BULL,longbyungi,3851397.3597822455,549754.6069248784,-7.631307490687911,-2.7926336768460347,0.8608321636455919,13.9399995803833,1.4347202727426531
2019-12-16,BULL,longbyungi,3881953.108334279,197516.2426080918,-6.898483977885217,0.7933678532137112,0.9501187562365428,12.630000114440918,1.5835312603942382
2019-12-17,BULL,longbyungi,3935433.6046440313,3935433.6046440313,-5.615852491852269,1.3776698176733104,0.9884678468399091,12.140000343322754,1.6474464113998486
2019-12-18,BULL,longbyungi,3935433.6046440313,3935433.6046440313,-5.615852491852269,0.0,0.976403583177123,12.289999961853027,1.627339305295205
2019-12-19,BULL,longbyungi,3935433.6046440313,3935433.6046440313,-5.615852491852269,0.0,0.9538950773272192,12.579999923706055,1.5898251288786989
2019-12-20,BULL,longbyungi,3931977.161504192,157417.34418576118,-5.6987489327372405,-0.08782877535427058,0.96,12.5,1.6
2019-12-23,BULL,longbyungi,4015950.3582194587,4015950.3582194587,-3.6848060279067174,2.1356481298366203,0.9592325963588394,12.510000228881836,1.598720993931399
2019-12-24,BULL,longbyungi,4015950.3582194587,4015950.3582194587,-3.6848060279067174,0.0,0.9516257198029153,12.609999656677246,1.5860428663381922
2019-12-26,BULL,longbyungi,4015950.3582194587,4015950.3582194587,-3.6848060279067174,0.0,0.9471191734601847,12.670000076293945,1.5785319557669746
2019-12-27,BULL,longbyungi,4015950.3582194587,4015950.3582194587,-3.6848060279067174,0.0,0.9486166293967214,12.649999618530273,1.5810277156612025
2019-12-30,BULL,longbyungi,4015950.3582194587,4015950.3582194587,-3.6848060279067174,0.0,0.8935219454444334,13.430000305175781,1.489203242407389
2019-12-31,BULL,longbyungi,4037592.7547036163,764168.624683795,-3.1657528949101343,0.5389109564031935,0.8097166158640959,14.819999694824219,1.3495276931068265
2020-01-02,BULL,longbyungi,4186346.824856595,537036.8727004067,0.0,3.6842266962086923,0.870827302796515,13.779999732971191,1.4513788379941917
2020-01-03,BULL,longbyungi,3924612.3812873396,150862.10851784656,-6.252096506080129,-6.252096506080129,0.962309522296362,12.470000267028809,1.60384920382727
2020-01-06,BULL,longbyungi,3782428.006173913,3782428.006173913,-9.648479583306347,-3.622889633416171,0.8559200861762395,14.020000457763672,1.4265334769603992
2020-01-07,BULL,longbyungi,3791553.301020439,505234.1560701793,-9.430502066671941,0.24125495136011477,0.8664259689158644,13.850000381469727,1.4440432815264408
2020-01-08,BULL,longbyungi,3744409.0925413542,493585.48530031135,-10.556644033676776,-1.2434009160941062,0.8701957964608654,13.789999961853027,1.4503263274347757
2020-01-09,BULL,longbyungi,3858619.9181698593,3858619.9181698593,-7.828470033606505,3.05016954092987,0.8921933212024068,13.449999809265137,1.486988868670678
2020-01-10,BULL,longbyungi,3858619.9181698593,3858619.9181698593,-7.828470033606505,0.0,0.9569378019540893,12.539999961853027,1.594896336590149
2020-01-13,BULL,longbyungi,3863792.2389412327,172040.5016819588,-7.70491790121598,0.1340458734227168,0.9554139808194537,12.5600004196167,1.5923566346990896
2020-01-14,BULL,longbyungi,3825731.8270933903,100342.31548258755,-8.614073626724839,-0.9850532713496007,0.9740259981533397,12.319999694824219,1.6233766635888995
2020-01-15,BULL,longbyungi,3820791.9701959714,3820791.9701959714,-8.732072853833506,-0.12912188100679955,0.9685229755838598,12.390000343322754,1.6142049593064332
2020-01-16,BULL,longbyungi,3853197.235920451,129205.54823896987,-7.958002594482982,0.8481295495084806,0.9661835689441258,12.420000076293945,1.6103059482402098
2020-01-17,BULL,longbyungi,3897834.9889398534,3897834.9889398534,-6.8917327681426555,1.1584601121187976,0.9740259981533397,12.319999694824219,1.6233766635888995
2020-01-21,BULL,longbyungi,3878278.621524822,32213.634174504783,-7.35887914261204,-0.5017238408122182,0.9917355059242089,12.100000381469727,1.6528925098736815
2020-01-22,BULL,longbyungi,3908676.4473919505,262171.3144145324,-6.632760950811956,0.7837968550897134,0.933852112355151,12.850000381469727,1.556420187258585
2020-01-23,BULL,longbyungi,3947802.01612834,3947802.01612834,-5.698161636104448,1.0009927724382361,0.9295120171829805,12.90999984741211,1.5491866953049676
2020-01-24,BULL,longbyungi,3947802.01612834,3947802.01612834,-5.698161636104448,0.0,0.9244992621881493,12.979999542236328,1.5408321036469155
2020-01-27,BULL,longbyungi,3947802.01612834,3947802.01612834,-5.698161636104448,0.0,0.8241758004232193,14.5600004196167,1.3736263340386987
2020-01-28,BULL,longbyungi,3989063.7269031475,1349139.0768461921,-4.712535922300365,1.0451818659152012,0.658255639129211,18.229999542236328,1.0970927318820185
2020-01-29,BULL,longbyungi,3957440.8458370795,3957440.8458370795,-5.467917222251573,-0.79273943037802,0.7371007060118618,16.280000686645508,1.2285011766864364
2020-01-30,BULL,longbyungi,3959678.448945045,1059985.573200636,-5.414467204812034,0.056541669102117,0.7321537795528495,16.389999389648438,1.2202562992547492
2020-01-31,BULL,longbyungi,3887059.836215602,3887059.836215602,-7.149120728936397,-1.8339522682401244,0.77469336199569,15.489999771118164,1.2911556033261502
2020-02-03,BEAR,yangbyungi,3900676.0136423544,2153975.84684387,-6.8238687133626685,0.3502950301894403,0.6369426700005447,18.84000015258789,1.0615711166675745
2020-02-04,BULL,longbyungi,4032607.9124946934,1339246.3029765924,-3.6723883326883255,3.382282927136626,0.6677796582375015,17.969999313354492,1.1129660970625026
2020-02-05,BULL,longbyungi,4160527.7796213375,1053097.9939245502,-0.6167440567025229,3.1721374828010296,0.7476635869421836,16.049999237060547,1.2461059782369728
2020-02-06,BULL,longbyungi,4167582.78749649,4167582.78749649,-0.448219847641218,0.16957002209452288,0.7920792278649668,15.149999618530273,1.3201320464416113
2020-02-07,BULL,longbyungi,4167582.78749649,4167582.78749649,-0.448219847641218,0.0,0.8021390353877557,14.960000038146973,1.336898392312926
2020-02-10,BULL,longbyungi,4340416.696371719,934810.1574567705,0.0,4.147101993840718,0.7756948799526258,15.470000267028809,1.292824799921043
2020-02-11,BULL,longbyungi,4486058.5428894535,895416.7600739086,0.0,3.355480745419692,0.7978723424492297,15.039999961853027,1.3297872374153827
2020-02-12,BULL,longbyungi,4582472.22026295,963388.4684804035,0.0,2.1491845559241662,0.7905138180997581,15.180000305175781,1.3175230301662635
2020-02-13,BULL,longbyungi,4536220.81293528,567656.5863331342,-1.0093112430262896,-1.0093112430262896,0.8733624599633772,13.739999771118164,1.4556040999389621
2020-02-14,BULL,longbyungi,4621857.031894846,4621857.031894846,0.0,1.88783179856169,0.8480565599652229,14.149999618530273,1.4134275999420383
2020-02-18,BULL,longbyungi,4621857.031894846,4621857.031894846,0.0,0.0,0.8771929628875695,13.680000305175781,1.4619882714792827
2020-02-19,BULL,longbyungi,4693598.858727701,881986.1844189428,0.0,1.5522294683235405,0.809170604297695,14.829999923706055,1.3486176738294917
2020-02-20,BULL,longbyungi,4643861.9644509815,4643861.9644509815,-1.0596750121547815,-1.0596750121547815,0.8344923438456141,14.380000114440918,1.3908205730760235
2020-02-21,BULL,longbyungi,4643861.9644509815,4643861.9644509815,-1.0596750121547815,0.0,0.7712082054234034,15.5600004196167,1.2853470090390058
2020-02-24,BULL,longbyungi,4643861.9644509815,4643861.9644509815,-1.0596750121547815,0.0,0.702576115550486,17.079999923706055,1.1709601925841435
2020-02-25,BEAR,yangbyungi,4710765.153585232,3753309.1551073687,0.0,1.440679969525327,0.47942467721954446,25.030000686645508,0.7990411286992408
2020-02-26,BEAR,yangbyungi,4638010.641451784,3611563.7920096433,-1.544430888856263,-1.544430888856263,0.4308797068449708,27.850000381469727,0.718132844741618
2020-02-27,BEAR,yangbyungi,4540636.392470008,4540636.392470008,-3.611488910368288,-2.0994830868110492,0.4354136513982575,27.559999465942383,0.7256894189970958
2020-02-28,BEAR,yangbyungi,4540636.392470008,4540636.392470008,-3.611488910368288,0.0,0.30643513908984404,39.15999984741211,0.5107252318164067
2020-03-02,BEAR,yangbyungi,4554045.037947702,3859540.9335995065,-3.326850533363024,0.2953032200493144,0.3,40.11000061035156,0.5
2020-03-03,BEAR,yangbyungi,4489303.725742517,3266650.406756412,-4.701177422826241,-1.4216221329765522,0.3590664469620078,33.41999816894531,0.598444078270013
2020-03-04,BEAR,yangbyungi,4520357.8912971215,3744208.8810392823,-4.041960405162559,0.6917367915326045,0.3259098343144972,36.81999969482422,0.5431830571908287
2020-03-05,BEAR,yangbyungi,4455321.984662593,4455321.984662593,-5.422540937499887,-1.4387335737229834,0.3751172268164276,31.989999771118164,0.6251953780273793
2020-03-06,BEAR,yangbyungi,4455321.984662593,4455321.984662593,-5.422540937499887,0.0,0.30287734284472245,39.619998931884766,0.5047955714078708
2020-03-09,BEAR,yangbyungi,4455321.984662593,4455321.984662593,-5.422540937499887,0.0,0.3,41.939998626708984,0.5
2020-03-10,BEAR,yangbyungi,4483036.971755546,3787023.6869632043,-4.834207913259458,0.6220647393917034,0.3,54.459999084472656,0.5
2020-03-11,BEAR,yangbyungi,4420188.300850959,4420188.300850959,-6.168357862482776,-1.4019217619785862,0.3,47.29999923706055,0.5
2020-03-12,BEAR,yangbyungi,4420188.300850959,4420188.300850959,-6.168357862482776,0.0,0.3,53.900001525878906,0.5
2020-03-13,BEAR,yangbyungi,4457312.959162673,3757160.0557233146,-5.380276582662235,0.8398886152557683,0.3,75.47000122070312,0.5
2020-03-16,BEAR,yangbyungi,4240582.976396178,4240582.976396178,-9.981015012629346,-4.862346098471148,0.3,57.83000183105469,0.5
2020-03-17,BEAR,yangbyungi,4292716.482570531,3604495.5299367514,-8.87432630124929,1.229394789927163,0.3,82.69000244140625,0.5
2020-03-18,BEAR,yangbyungi,4145525.888566703,4145525.888566703,-11.998884397545073,-3.4288449889820827,0.3,75.91000366210938,0.5
2020-03-19,BEAR,yangbyungi,4200677.534483431,3523697.0052816975,-10.828126694313923,1.330389615195382,0.3,76.44999694824219,0.5
2020-03-20,BEAR,yangbyungi,4155102.1853229273,3767931.9261624333,-11.795599019395075,-1.0849523389113935,0.3,72.0,0.5
2020-03-23,BEAR,yangbyungi,4186725.655144236,3552381.2815651027,-11.124296825583924,0.7610756224723403,0.3,66.04000091552734,0.5
2020-03-24,BEAR,yangbyungi,4377477.222418454,3663462.1462196847,-7.075027523142863,4.55610381444127,0.3,61.59000015258789,0.5
2020-03-25,BEAR,yangbyungi,4341637.918145427,3488689.989399323,-7.835823340904035,-0.8187205198803227,0.3,61.66999816894531,0.5
2020-03-26,BEAR,yangbyungi,4411740.559472419,3696540.9119399493,-6.347686296465726,1.614658860288798,0.3,63.95000076293945,0.5
2020-03-27,BEAR,yangbyungi,4339065.32424778,4339065.32424778,-7.890434297166382,-1.6473143478167307,0.3,61.0,0.5
2020-03-30,BEAR,yangbyungi,4371543.080017557,3688205.525610613,-7.200997343488924,0.7484965849277048,0.3,65.54000091552734,0.5
2020-03-31,BEAR,yangbyungi,4319439.068662213,3342156.8131957594,-8.307059939619176,-1.1918906070836455,0.3,57.08000183105469,0.5
2020-04-01,BEAR,yangbyungi,4322862.317530069,4322862.317530069,-8.234391301802457,0.0792521624553455,0.3,53.540000915527344,0.5
2020-04-02,BEAR,yangbyungi,4385958.067241661,3674432.9699005582,-6.894996370098583,1.4595826810335,0.3,57.060001373291016,0.5
2020-04-03,BEAR,yangbyungi,4327988.4396252185,3483157.8112779795,-8.125574115463873,-1.3217095724059158,0.3,50.90999984741211,0.5
2020-04-06,BEAR,yangbyungi,4428823.63020458,3687093.020705511,-5.985047315850045,2.329839646893639,0.3,46.79999923706055,0.5
2020-04-07,BEAR,yangbyungi,4512361.768034822,4512361.768034822,-4.211701901535259,1.8862376288934168,0.3,45.2400016784668,0.5
2020-04-08,BEAR,yangbyungi,4530871.204730159,3835507.502829599,-3.8187840613994717,0.410193988134,0.3,46.70000076293945,0.5
2020-04-09,BEAR,yangbyungi,4504409.830081016,3479241.021252168,-4.380505433329973,-0.5840239868552755,0.3,43.349998474121094,0.5
2020-04-13,BEAR,yangbyungi,4522184.075954303,3828348.906664294,-4.0031942048184055,0.3945965519076111,0.3,41.66999816894531,0.5
2020-04-14,BEAR,yangbyungi,4599020.721181876,3884585.034461607,-2.372107900949172,1.6991047674537185,0.3,41.16999816894531,0.5
2020-04-15,BEAR,yangbyungi,4557134.961511787,4557134.961511787,-3.261257716414101,-0.91075388021572,0.3177966242958444,37.7599983215332,0.5296610404930739
2020-04-16,BEAR,yangbyungi,4562133.870801381,3873564.7172850193,-3.1551410001989133,0.10969412430865688,0.3,40.84000015258789,0.5
2020-04-17,BEAR,yangbyungi,4603527.7889409475,4603527.7889409475,-2.276431983935112,0.9073367707268742,0.3,40.11000061035156,0.5
2020-04-20,BEAR,yangbyungi,4570037.7830961235,3943408.812437759,-2.9873569558441004,-0.7274856888075498,0.3145478249027027,38.150001525878906,0.5242463748378379
2020-04-21,BEAR,yangbyungi,4448120.6055251025,3904441.1245607496,-5.575411626288307,-2.6677498821120027,0.3,43.83000183105469,0.5
2020-04-22,BEAR,yangbyungi,4540906.4944359865,3686496.276148732,-3.6057551928686316,2.0859571297512147,0.3,45.40999984741211,0.5
2020-04-23,BEAR,yangbyungi,4507182.1925283,3921581.377548193,-4.321653795498392,-0.7426777439484611,0.3,41.97999954223633,0.5
2020-04-24,BEAR,yangbyungi,4543900.0777409375,3697236.696261013,-3.5422074844316587,0.8146527840278139,0.3,41.380001068115234,0.5
2020-04-27,BEAR,yangbyungi,4562850.914060981,3885400.068154592,-3.139919624557752,0.4170610267791197,0.33398274138815903,35.93000030517578,0.5566379023135984
2020-04-28,BEAR,yangbyungi,4518583.852664092,3832355.142308388,-4.0796196510640375,-0.9701623443464924,0.3604685992784963,33.290000915527344,0.6007809987974938
2020-04-29,BEAR,yangbyungi,4622281.226183847,3576504.6195338955,-1.878334506530066,2.294908690443287,0.35746202291000156,33.56999969482422,0.595770038183336
2020-04-30,BEAR,yangbyungi,4622779.121765225,3898830.3576078396,-1.8677651920950278,0.010771641901796691,0.38424592301933475,31.229999542236328,0.6404098716988913
2020-05-01,BEAR,yangbyungi,4675543.585989103,4675543.585989103,-0.7476825196714221,1.1414013699129422,0.35139090670044004,34.150001525878906,0.5856515111674001
2020-05-04,BEAR,yangbyungi,4711593.956452428,3770356.302789127,0.0,0.7710412661183552,0.3226673956202268,37.189998626708984,0.537778992700378
2020-05-05,BEAR,yangbyungi,4743719.9593321225,4043970.209806684,0.0,0.6818499891251939,0.3336113314639868,35.970001220703125,0.5560188857733114
2020-05-06,BEAR,yangbyungi,4751590.277138879,3996719.0656760894,0.0,0.16591025343462018,0.3570365897673954,33.61000061035156,0.595060982945659
2020-05-07,BEAR,yangbyungi,4790552.442317299,4790552.442317299,0.0,0.8199815831317903,0.3516998937765538,34.119998931884766,0.5861664896275897
2020-05-08,BEAR,yangbyungi,4832771.401940847,3693479.3825595276,0.0,0.8812962624228371,0.3816793828295553,31.440000534057617,0.6361323047159255
2020-05-11,NEUTRAL,longbyungi,4825143.3091857005,2738312.9965908835,-0.1578409595803132,-0.1578409595803132,0.4288777768522039,27.979999542236328,0.7147962947536732
2020-05-12,NEUTRAL,longbyungi,4867297.518987577,4867297.518987577,0.0,0.8736364311009659,0.4352557175491296,27.56999969482422,0.7254261959152161
2020-05-13,BEAR,yangbyungi,4878431.184333391,4160184.0975663094,0.0,0.22874429398203056,0.3631961158439475,33.040000915527344,0.6053268597399125
2020-05-14,BEAR,yangbyungi,4982575.017935109,3895275.0804410633,0.0,2.1347812373815334,0.34013606619062237,35.279998779296875,0.5668934436510373
2020-05-15,BEAR,yangbyungi,4874279.067549594,4874279.067549594,-2.1734936251977532,-2.1734936251977532,0.36798527370130674,32.61000061035156,0.6133087895021779
2020-05-18,BEAR,yangbyungi,4927843.134216617,3773783.302167142,-1.0984658238256562,1.0989125966058166,0.3762935161389569,31.889999389648438,0.6271558602315949
2020-05-19,NEUTRAL,longbyungi,4875739.92988786,2905593.4452455007,-2.144174200341975,-1.0573227050791556,0.4095563246575658,29.299999237060547,0.6825938744292763
2020-05-20,BEAR,yangbyungi,5033194.995969583,3816063.2344314796,0.0,3.229357355927398,0.39305600164133186,30.530000686645508,0.6550933360688864
2020-05-21,NEUTRAL,longbyungi,5031761.667613685,5031761.667613685,-0.028477504985324753,-0.028477504985324753,0.42872454798596865,27.989999771118164,0.7145409133099477
2020-05-22,NEUTRAL,longbyungi,5031761.667613685,5031761.667613685,-0.028477504985324753,0.0,0.406366397594661,29.530000686645508,0.677277329324435
2020-05-26,BULL,longbyungi,5031761.667613685,5031761.667613685,-0.028477504985324753,0.0,0.42613636594542786,28.15999984741211,0.7102272765757132
2020-05-27,BULL,longbyungi,5062572.496904889,2876062.291749215,0.0,0.6123268812494365,0.42841841849135326,28.010000228881836,0.7140306974855888
2020-05-28,BULL,longbyungi,4883247.057169078,2841928.1969106896,-3.5421801830086475,-3.5421801830086475,0.43446776377190954,27.6200008392334,0.7241129396198492
2020-05-29,NEUTRAL,longbyungi,5001875.992539609,2848556.503044167,-1.1989261270310414,2.4293043948364623,0.4197271750946035,28.59000015258789,0.6995452918243392
2020-06-01,BULL,longbyungi,4939757.157539474,2795151.710829178,-2.425947271678597,-1.241910736947227,0.436205012728484,27.510000228881836,0.7270083545474734
2020-06-02,BULL,longbyungi,5038179.157674644,2849279.3755436675,-0.4818368377965676,1.992446126323233,0.42507970933708994,28.229999542236328,0.7084661822284832
2020-06-03,BULL,longbyungi,5191420.929431729,2831562.3269678694,0.0,3.041610211968182,0.44709388717507026,26.84000015258789,0.7451564786251171
2020-06-04,BULL,longbyungi,5215261.0634706,2751523.1499356744,0.0,0.4592217499396867,0.46765393886821227,25.65999984741211,0.7794232314470205
2020-06-05,BULL,longbyungi,5353212.580169452,2884572.252692131,0.0,2.6451507416399567,0.4649360809106027,25.809999465942383,0.7748934681843378
2020-06-08,BULL,longbyungi,5413410.755404824,5413410.755404824,0.0,1.124524280212058,0.489396401956448,24.520000457763672,0.8156606699274134
2020-06-09,BULL,longbyungi,5466719.076512642,2896520.7744275997,0.0,0.9847455424400131,0.4649360809106027,25.809999465942383,0.7748934681843378
2020-06-10,BULL,longbyungi,5453773.015469756,3117148.498360548,-0.23681591941513425,-0.23681591941513425,0.4352557175491296,27.56999969482422,0.7254261959152161
2020-06-11,BULL,longbyungi,5273102.449053803,5273102.449053803,-3.541733620275067,-3.312762850662765,0.4352557175491296,27.56999969482422,0.7254261959152161
2020-06-12,BEAR,yangbyungi,5273102.449053803,5273102.449053803,-3.541733620275067,0.0,0.3,40.790000915527344,0.5
2020-06-15,BEAR,yangbyungi,5273102.449053803,5273102.449053803,-3.541733620275067,0.0,0.33250207673217536,36.09000015258789,0.554170127886959
2020-06-16,BEAR,yangbyungi,5215204.514440072,4292718.490401203,-4.6008320265291225,-1.0979861509066824,0.3488371938289734,34.400001525878906,0.581395323048289
2020-06-17,BEAR,yangbyungi,5221402.160695285,4251378.592883736,-4.487461535591686,0.11883802903707164,0.35640037578225653,33.66999816894531,0.5940006263037609
2020-06-18,BULL,longbyungi,5194732.246864554,3340535.746156272,-4.975321135791666,-0.5107806870631837,0.358530013813603,33.470001220703125,0.5975500230226717
2020-06-19,BULL,longbyungi,5257043.3973091245,5257043.3973091245,-3.8354939456167414,1.1995064901021868,0.36429874014232505,32.939998626708984,0.6071645669038751
2020-06-22,BULL,longbyungi,5267294.135716318,3460787.0565825226,-3.6479822358741365,0.1949905609004654,0.3416856595945233,35.119998931884766,0.5694760993242055
2020-06-23,BULL,longbyungi,5247978.0544499,3298078.4497884754,-4.001321798344215,-0.36671734611212203,0.3777148198645224,31.770000457763672,0.629524699774204
2020-06-24,BULL,longbyungi,5081820.524216222,3216969.074840948,-7.040759675215591,-3.166124715266083,0.3825310704165492,31.3700008392334,0.6375517840275821
2020-06-25,BEAR,yangbyungi,5090404.3294170415,3817581.436187522,-6.883740353741774,0.16891201017263935,0.35460992747904313,33.84000015258789,0.5910165457984052
2020-06-26,NEUTRAL,longbyungi,4954223.965008854,3184588.2149892626,-9.374820698317677,-2.6752366923234794,0.3724394644743011,32.220001220703125,0.6207324407905018
2020-06-29,BEAR,yangbyungi,4975760.53057677,3757692.6915624575,-8.980862909990005,0.4347111822159633,0.34552260749115166,34.72999954223633,0.5758710124852527
2020-06-30,BEAR,yangbyungi,5056939.991545261,3670359.650065249,-7.495887007034385,1.6314985512190683,0.37759596415120916,31.780000686645508,0.6293266069186819
2020-07-01,BULL,longbyungi,5056644.99468817,5056644.99468817,-7.501283239270984,-0.005833505194530186,0.39434767925253494,30.43000030517578,0.6572461320875582
2020-07-02,BULL,longbyungi,5013986.012565505,2936458.4762770343,-8.281622991974691,-0.843622246914244,0.41928719944514947,28.6200008392334,0.6988119990752492
2020-07-06,BULL,longbyungi,5144106.873342091,2899201.611839264,-5.901386163350352,2.595158032960043,0.4335260067810102,27.68000030517578,0.722543344635017
2020-07-07,BULL,longbyungi,5026266.9370179325,2917390.311159568,-8.056974088664626,-2.2907754295469984,0.4294917598649482,27.940000534057617,0.7158195997749137
2020-07-08,BULL,longbyungi,5077398.877290928,3007313.4024481154,-7.121642684995466,1.017294563016824,0.4077471925098685,29.43000030517578,0.6795786541831143
2020-07-09,BULL,longbyungi,5125346.491576884,2920416.158522656,-6.24456058849705,0.9443342042793956,0.4273504285115473,28.079999923706055,0.7122507141859122
2020-07-10,BULL,longbyungi,5127759.794586708,5127759.794586708,-6.200415224960942,0.04708565584374824,0.4101161963818131,29.260000228881836,0.6835269939696885
2020-07-13,BULL,longbyungi,4896414.374819495,2872973.591921919,-10.432303063521587,-4.511627475441438,0.4397214949587009,27.290000915527344,0.7328691582645015
2020-07-14,BULL,longbyungi,4959063.397067461,3049031.144286611,-9.286295350830931,1.27948775271447,0.3727865955869674,32.189998626708984,0.6213109926449457
2020-07-15,BULL,longbyungi,4996947.249966772,4996947.249966772,-8.593304685514392,0.763931610991575,0.4065040587370328,29.520000457763672,0.6775067645617214
2020-07-16,BULL,longbyungi,5006379.855094887,2836883.6150531587,-8.420758684959118,0.18876735447181936,0.4322766534963878,27.760000228881836,0.7204610891606463
2020-07-17,BULL,longbyungi,5044262.835537983,5044262.835537983,-7.727783979054481,0.7566940891339469,0.42857142857142855,28.0,0.7142857142857143
2020-07-20,BULL,longbyungi,5138899.670385345,2687130.6974104075,-5.9966389627692624,1.8761281466267654,0.4672897140729944,25.68000030517578,0.7788161901216574
2020-07-21,BULL,longbyungi,5179224.261320436,5179224.261320436,-5.259001078497083,0.7846930962181586,0.4905969112491777,24.459999084472656,0.8176615187486296
2020-07-22,BULL,longbyungi,5146707.202491642,2677183.5707381447,-5.853819622740586,-0.6278364710259554,0.4830917844720629,24.84000015258789,0.8051529741201049
2020-07-23,BULL,longbyungi,4988580.069013746,2604434.844997026,-8.746361406299163,-3.072394198009598,0.49342105882319726,24.31999969482422,0.8223684313719954
2020-07-24,BULL,longbyungi,4860475.375541503,4860475.375541503,-11.089717479279692,-2.5679590524758322,0.4601227007325374,26.079999923706055,0.7668711678875624
2020-07-27,BULL,longbyungi,4946788.588414922,2603288.681962607,-9.51083238082533,1.7758183347200696,0.4643962820874129,25.84000015258789,0.7739938034790216
2020-07-28,BULL,longbyungi,4903844.4916816745,4903844.4916816745,-10.296387594696732,-0.8681207204573105,0.48504446689643765,24.739999771118164,0.8084074448273961
2020-07-29,BULL,longbyungi,4942382.349282738,2590710.3460514396,-9.59143354343337,0.785870303726699,0.4716981033052686,25.440000534057617,0.7861635055087811
2020-07-30,BULL,longbyungi,5046232.872966445,2464181.8105550935,-7.6917470545136535,2.101223991680423,0.49792530332184937,24.100000381469727,0.8298755055364156
2020-07-31,BULL,longbyungi,5063186.010141596,5063186.010141596,-7.381631664681587,0.33595629852858355,0.48465266110952376,24.760000228881836,0.8077544351825396
2020-08-03,BULL,longbyungi,5121100.057373556,2579202.5924860807,-6.322238518236878,1.1438261820908346,0.4905969112491777,24.459999084472656,0.8176615187486296
2020-08-04,BULL,longbyungi,5186561.126083124,2583152.111310243,-5.124791424406572,1.2782618573389248,0.49423392341995454,24.280000686645508,0.8237232056999243
2020-08-05,BULL,longbyungi,5176242.670695304,5176242.670695304,-5.31354184752878,-0.19894599016541115,0.5050505001853162,23.760000228881836,0.8417508336421937
2020-08-06,BULL,longbyungi,5176242.670695304,5176242.670695304,-5.31354184752878,0.0,0.521966077401851,22.989999771118164,0.8699434623364183
2020-08-07,BULL,longbyungi,5060446.942548616,2433862.401623396,-7.431736079315742,-2.237061426857978,0.5298013334261885,22.649999618530273,0.8830022223769809
2020-08-10,BULL,longbyungi,5073822.918709531,5073822.918709531,-7.18705593435669,0.2643240075980158,0.5402971857116996,22.209999084472656,0.9004953095194993
2020-08-11,BULL,longbyungi,4948564.926432522,2322540.617151358,-9.478338704220812,-2.468710364627136,0.5422503594701586,22.1299991607666,0.9037505991169311
2020-08-12,BULL,longbyungi,5154929.55152778,2509908.5065476936,-5.703412240889483,4.170191321386341,0.49937576600523814,24.030000686645508,0.8322929433420636
2020-08-13,BULL,longbyungi,5153817.156776713,5153817.156776713,-5.723760730275851,-0.02157924254729826,0.5385996243345147,22.280000686645508,0.8976660405575245
2020-08-14,BULL,longbyungi,5077139.130001178,2359157.9508710694,-7.126394114255219,-1.4877909798315603,0.5422503594701586,22.1299991607666,0.9037505991169311
2020-08-17,BULL,longbyungi,5133545.993203402,2343509.940754285,-6.094571143058991,1.1109969957079135,0.5442177059049959,22.049999237060547,0.9070295098416598
2020-08-18,BULL,longbyungi,5163824.857397933,5163824.857397933,-5.540694791068967,0.5898235690226405,0.5620608798871565,21.350000381469727,0.9367681331452608
2020-08-19,BULL,longbyungi,5163824.857397933,5163824.857397933,-5.540694791068967,0.0,0.5578800498517614,21.510000228881836,0.9298000830862692
2020-08-20,BULL,longbyungi,5131057.760949453,2414672.4274134175,-6.14008715035922,-0.6345508872465988,0.5323868461661617,22.540000915527344,0.8873114102769362
2020-08-21,BULL,longbyungi,5145191.329640137,2420381.844358527,-5.881548738326902,0.2754513659590563,0.5281690300468702,22.719999313354492,0.8802817167447837
2020-08-24,BULL,longbyungi,5225361.988364225,5225361.988364225,-4.415026358047003,1.5581667150499356,0.5323868461661617,22.540000915527344,0.8873114102769362
2020-08-25,BULL,longbyungi,5265301.985175461,2422306.9366005557,-3.684423664690495,0.7643488987016278,0.5364327022712454,22.3700008392334,0.8940545037854091
2020-08-26,BULL,longbyungi,5281835.657868967,5281835.657868967,-3.3819813320573378,0.314011859909602,0.5447117397174821,22.030000686645508,0.9078528995291368
2020-08-27,BULL,longbyungi,5281835.657868967,5281835.657868967,-3.3819813320573378,0.0,0.515685421742069,23.270000457763672,0.8594757029034484
2020-08-28,BULL,longbyungi,5369036.529663191,2691642.3733175914,-1.7868587260892355,1.6509576867336007,0.49039641752057606,24.469999313354492,0.8173273625342935
2020-08-31,BULL,longbyungi,5315324.6498809755,2560689.522556879,-2.769383692718397,-1.0004007140846372,0.522648104464226,22.959999084472656,0.8710801741070434
2020-09-01,BULL,longbyungi,5414727.125014493,2925892.6844892097,-0.9510631655013757,1.870111078459602,0.45437334605573154,26.40999984741211,0.7572889100928859
2020-09-02,BULL,longbyungi,5591737.561761435,2984469.241509198,0.0,3.269055534289156,0.4594180556830407,26.1200008392334,0.7656967594717345
2020-09-03,BULL,longbyungi,5471915.1059707645,5471915.1059707645,-2.1428483448519664,-2.1428483448519664,0.45163718998226315,26.56999969482422,0.7527286499704386
2020-09-04,BULL,longbyungi,5235341.777021502,5235341.777021502,-6.37361429794402,-4.323410074310575,0.35714287336180883,33.599998474121094,0.5952381222696814
2020-09-08,BEAR,yangbyungi,5235341.777021502,5235341.777021502,-6.37361429794402,0.0,0.39024390243902435,30.75,0.6504065040650406
2020-09-09,BEAR,yangbyungi,5225583.454907782,4184281.2782722167,-6.54812753297942,-0.1863932199527074,0.3814367561734196,31.459999084472656,0.6357279269556994
2020-09-10,NEUTRAL,longbyungi,5258868.411377991,5258868.411377991,-5.9528750537174435,0.636961532763336,0.416522048679166,28.809999465942383,0.6942034144652767
2020-09-11,NEUTRAL,longbyungi,5173947.041303035,3134788.2066930565,-7.471568825322217,-1.6148221144157482,0.4039044217363023,29.709999084472656,0.6731740362271705
2020-09-14,BEAR,yangbyungi,5273771.890889548,4048863.4377569,-5.68634824792682,1.929375171211123,0.446594701347332,26.8700008392334,0.7443245022455534
2020-09-15,NEUTRAL,longbyungi,5313746.990217818,2849025.4347397946,-4.97145240586091,0.7579982630141258,0.4642166275789327,25.850000381469727,0.7736943792982212
2020-09-16,BULL,longbyungi,5342713.334751762,5342713.334751762,-4.4534319477473545,0.5451208833854748,0.4689331742261225,25.59000015258789,0.7815552903768709
2020-09-17,NEUTRAL,longbyungi,5342713.334751762,5342713.334751762,-4.4534319477473545,0.0,0.46082947688548437,26.040000915527344,0.768049128142474
2020-09-18,BULL,longbyungi,5342713.334751762,5342713.334751762,-4.4534319477473545,0.0,0.4535147549208299,26.459999084472656,0.7558579248680498
2020-09-21,NEUTRAL,longbyungi,5342713.334751762,5342713.334751762,-4.4534319477473545,0.0,0.46457607570438797,25.829999923706055,0.7742934595073133
2020-09-22,NEUTRAL,longbyungi,5342713.334751762,5342713.334751762,-4.4534319477473545,0.0,0.43196543208757654,27.780000686645508,0.7199423868126276
2020-09-23,NEUTRAL,longbyungi,5142970.504755841,2955797.528342107,-8.025538610296113,-3.7386027937656996,0.4467609727222167,26.860000610351562,0.7446016212036946
2020-09-24,BEAR,yangbyungi,5140093.299363117,3811795.588270487,-8.076993195940464,-0.0559444272539289,0.41987403890951175,28.579999923706055,0.6997900648491863
2020-09-25,BEAR,yangbyungi,5173874.403517153,3846511.5261467504,-7.472867845261543,0.6572079957813504,0.4209049422540338,28.510000228881836,0.7015082370900564
2020-09-28,NEUTRAL,longbyungi,5284491.172096821,2847126.2563602114,-5.494649673219465,2.1379871243969673,0.4548900827050398,26.3799991607666,0.758150137841733
2020-09-29,BULL,longbyungi,5264378.172878569,2853437.7145570763,-5.854341074972513,-0.3806042732070858,0.45819013956854016,26.190000534057617,0.7636502326142336
2020-09-30,BULL,longbyungi,5227866.830762079,2846414.828698987,-6.507292715016733,-0.6935546975821771,0.45679481503220126,26.270000457763672,0.7613246917203355
2020-10-01,BULL,longbyungi,5333751.319089495,2897125.9467578363,-4.6137044133858325,2.0253861040293586,0.45506255662102024,26.3700008392334,0.7584375943683671
2020-10-02,BULL,longbyungi,5161114.150803752,5161114.150803752,-7.701066192778072,-3.23669323816943,0.44943818940471436,26.700000762939453,0.7490636490078573
2020-10-05,BULL,longbyungi,5274960.046524243,2919587.850014438,-5.665099832357024,2.2058395221264737,0.43431054522214674,27.6299991607666,0.7238509087035779
2020-10-06,BULL,longbyungi,5199157.365827944,3005339.2410588046,-7.020719259396458,-1.4370285277562789,0.4291845634095209,27.959999084472656,0.7153076056825348
2020-10-07,BULL,longbyungi,5293091.294575907,3137282.29131759,-5.340849134762548,1.8067144757986098,0.4070556372569635,29.479999542236328,0.6784260620949392
2020-10-08,BULL,longbyungi,5347760.7433844805,5347760.7433844805,-4.363166469853075,1.0328453783632119,0.4276550330859739,28.059999465942383,0.7127583884766232
2020-10-09,BULL,longbyungi,5348451.280225804,2913271.8422190915,-4.350817234330185,0.012912635296524755,0.4552351943151171,26.360000610351562,0.7587253238585285
2020-10-12,BULL,longbyungi,5411589.736589996,2826557.611648634,-3.2216788284801234,1.1804997943540396,0.48,25.0,0.8
2020-10-13,BULL,longbyungi,5365939.73941144,2821699.0800777036,-4.038061869964937,-0.8435598299312619,0.478659758519161,25.06999969482422,0.7977662641986016
2020-10-14,BULL,longbyungi,5380324.610605073,5380324.610605073,-3.7808096109890665,0.2680773898368738,0.46029919986467843,26.06999969482422,0.7671653331077974
2020-10-15,BULL,longbyungi,5380324.610605073,5380324.610605073,-3.7808096109890665,0.0,0.4545454611134595,26.399999618530273,0.7575757685224326
2020-10-16,BULL,longbyungi,5380324.610605073,5380324.610605073,-3.7808096109890665,0.0,0.44493883224009084,26.969999313354492,0.7415647204001514
2020-10-19,BULL,longbyungi,5255684.229893379,3024837.7194456547,-6.009819455156928,-2.3165959255695756,0.43779642709968747,27.40999984741211,0.7296607118328124
2020-10-20,BULL,longbyungi,5285393.631120029,5285393.631120029,-5.478510521243162,0.5652813207016605,0.41124057143589227,29.18000030517578,0.6854009523931538
2020-10-21,BULL,longbyungi,5285393.631120029,5285393.631120029,-5.478510521243162,0.0,0.40885859775239597,29.350000381469727,0.6814309962539933
2020-10-22,BULL,longbyungi,5285393.631120029,5285393.631120029,-5.478510521243162,0.0,0.418848173116157,28.649999618530273,0.6980802885269284
2020-10-23,BULL,longbyungi,5285393.631120029,5285393.631120029,-5.478510521243162,0.0,0.42689433438080315,28.110000610351562,0.7114905573013386
2020-10-26,BULL,longbyungi,5285393.631120029,5285393.631120029,-5.478510521243162,0.0,0.43557169990253486,27.549999237060547,0.7259528331708914
2020-10-27,BEAR,yangbyungi,5285393.631120029,5285393.631120029,-5.478510521243162,0.0,0.3696857775248748,32.459999084472656,0.6161429625414581
2020-10-28,BEAR,yangbyungi,5285393.631120029,5285393.631120029,-5.478510521243162,0.0,0.3598201064180483,33.349998474121094,0.5997001773634139
2020-10-29,BEAR,yangbyungi,5347227.352440481,4175460.9685848225,-4.372705382187714,1.169898131264624,0.3,40.279998779296875,0.5
2020-10-30,BEAR,yangbyungi,5269861.600513807,4409417.541363372,-5.7562780386680945,-1.4468386479090878,0.31923383749105566,37.59000015258789,0.5320563958184261
2020-11-02,BEAR,yangbyungi,5265492.382794613,4536863.018666163,-5.834415069795451,-0.08290953445091453,0.31562335232822447,38.02000045776367,0.5260389205470408
2020-11-03,BEAR,yangbyungi,5300211.098082282,4260276.359268214,-5.213521923359377,0.6593631281495149,0.32318878682459284,37.130001068115234,0.5386479780409881
2020-11-04,NEUTRAL,longbyungi,5407781.278966982,3552746.865425944,-3.2897874902502733,2.0295452179937,0.3375527498602619,35.54999923706055,0.5625879164337698
2020-11-05,BULL,longbyungi,5625678.004924749,3301168.5079744016,0.0,4.029318397274206,0.40581671030928074,29.56999969482422,0.6763611838488013
2020-11-06,BULL,longbyungi,5711023.94448255,3165449.6781523447,0.0,1.5170782878630495,0.4350978982304327,27.579999923706055,0.7251631637173879
2020-11-09,BULL,longbyungi,5583216.235256924,5583216.235256924,-2.2379123335509954,-2.2379123335509954,0.4827031257192837,24.860000610351562,0.8045052095321396
2020-11-10,BULL,longbyungi,5583216.235256924,5583216.235256924,-2.2379123335509954,0.0,0.4660194174757281,25.75,0.7766990291262136
2020-11-11,BULL,longbyungi,5698307.368649806,2881659.909280836,-0.22266717766136201,2.0613769652356284,0.4838709826275912,24.799999237060547,0.806451637712652
2020-11-12,BULL,longbyungi,5700685.474524151,5700685.474524151,-0.18102655598891682,0.04173354858723055,0.5117270622423554,23.450000762939453,0.8528784370705924
2020-11-13,BULL,longbyungi,5667300.162282065,3002136.1780793797,-0.7656032022546055,-0.5856368044033,0.4733727739417206,25.350000381469727,0.788954623236201
2020-11-16,BULL,longbyungi,5824935.388444392,2752290.0134072076,0.0,2.781487156996687,0.519480510901901,23.100000381469727,0.8658008515031682
2020-11-17,BULL,longbyungi,5790212.827210972,5790212.827210972,-0.5961020838497699,-0.5961020838497699,0.5345211399640416,22.450000762939453,0.890868566606736
2020-11-18,BULL,longbyungi,5665963.064896228,2730655.0672972575,-2.7291688739335407,-2.145858296103309,0.5284016065066544,22.709999084472656,0.8806693441777572
2020-11-19,BULL,longbyungi,5749084.764406907,2807855.744477521,-1.3021710796648267,1.4670356752881863,0.503355701476259,23.84000015258789,0.8389261691270984
2020-11-20,BULL,longbyungi,5652305.860373994,2761325.1923684436,-2.9636299213354866,-1.683379320341205,0.51925571973481,23.110000610351562,0.8654261995580167
2020-11-23,BULL,longbyungi,5732855.725039343,2815113.859570001,-1.5807842879719813,1.4250797224200307,0.5063290976245381,23.700000762939453,0.8438818293742303
2020-11-24,BULL,longbyungi,5782676.63307747,5782676.63307747,-0.7254802422487994,0.8690417206999257,0.5295675234247834,22.65999984741211,0.8826125390413057
2020-11-25,BULL,longbyungi,5713855.135017738,2576016.6721662153,-1.9069782927896073,-1.1901322246875456,0.5545286662873122,21.639999389648438,0.9242144438121871
2020-11-27,BULL,longbyungi,5768358.959089136,2513396.027828039,-0.9712799470272815,0.9538887980790278,0.5647058823529412,21.25,0.9411764705882353
2020-11-30,BULL,longbyungi,5836094.652288172,2453712.7493002415,0.0,1.1742627960471541,0.5758157347474804,20.84000015258789,0.9596928912458007
2020-12-01,BULL,longbyungi,5956824.893744491,2465717.224755086,0.0,2.0686820322385113,0.5833738540608445,20.56999969482422,0.9722897567680742
2020-12-02,BULL,longbyungi,5925433.148885349,2499405.508792678,-0.526987873894158,-0.526987873894158,0.5777563666598037,20.770000457763672,0.9629272777663396
2020-12-03,BULL,longbyungi,5877065.380136751,2591939.538826268,-1.338960184837712,-0.8162739758138526,0.5668398656945466,21.170000076293945,0.9447331094909109
2020-12-04,BULL,longbyungi,6092293.5112062385,2585337.0612114538,0.0,3.6621700993307638,0.5639097562403148,21.280000686645508,0.939849593733858
2020-12-07,BULL,longbyungi,6154695.953350877,6154695.953350877,0.0,1.0242848941840244,0.5772005517824488,20.790000915527344,0.9620009196374147
2020-12-08,BULL,longbyungi,6155828.231134213,2687261.4892357094,0.0,0.018396973496614955,0.5633803018697211,21.299999237060547,0.9389671697828685
2020-12-09,BULL,longbyungi,5817163.7561074,5817163.7561074,-5.5015257461856315,-5.5015257461856315,0.5802707844736659,20.68000030517578,0.9671179741227764
2020-12-10,BULL,longbyungi,5827513.959880547,2682634.629999846,-5.333389089597351,0.17792526060969038,0.538841479718812,22.270000457763672,0.8980691328646868
2020-12-11,BULL,longbyungi,5669037.288880545,2682942.4339933624,-7.907805805750634,-2.719455879317201,0.532859669452762,22.520000457763672,0.8880994490879367
2020-12-14,BULL,longbyungi,5731350.63736078,2791805.467879104,-6.895539931191729,1.0991874864266338,0.5148005265951584,23.309999465942383,0.8580008776585973
2020-12-15,BULL,longbyungi,5835115.769615671,5835115.769615671,-5.20989945587631,1.8104830574922515,0.48543690668782646,24.719999313354492,0.8090615111463775
2020-12-16,BULL,longbyungi,5835115.769615671,5835115.769615671,-5.20989945587631,0.0,0.5242464097848237,22.889999389648438,0.8737440163080396
2020-12-17,BULL,longbyungi,5835115.769615671,5835115.769615671,-5.20989945587631,0.0,0.5333333333333333,22.5,0.8888888888888888
2020-12-18,BULL,longbyungi,5835115.769615671,5835115.769615671,-5.20989945587631,0.0,0.5471956148202987,21.93000030517578,0.9119926913671645
2020-12-21,BULL,longbyungi,5844589.42906306,2588876.074387957,-5.056002058293407,0.16235598095106774,0.5563282415288784,21.56999969482422,0.9272137358814639
2020-12-22,BULL,longbyungi,5858851.112361554,5858851.112361554,-4.824324325208473,0.2440151437768323,0.4769475386636096,25.15999984741211,0.7949125644393494
2020-12-23,BULL,longbyungi,5858851.112361554,5858851.112361554,-4.824324325208473,0.0,0.49525382693806064,24.229999542236328,0.8254230448967678
2020-12-24,BULL,longbyungi,5861361.664334054,2842711.4744751966,-4.783540991459779,0.04285058494153393,0.5148005265951584,23.309999465942383,0.8580008776585973
2020-12-28,BULL,longbyungi,5957250.897785526,5957250.897785526,-3.2258426631260773,1.6359549016562225,0.5573618029396201,21.530000686645508,0.9289363382327003
2020-12-29,BULL,longbyungi,5957250.897785526,5957250.897785526,-3.2258426631260773,0.0,0.5529953722625812,21.700000762939453,0.9216589537709687
2020-12-30,BULL,longbyungi,6021848.579519021,2859893.4016964477,-2.176468325376024,1.0843538880913828,0.5199306776285771,23.079999923706055,0.866551129380962
2020-12-31,BULL,longbyungi,6019503.774719442,6019503.774719442,-2.214559134793348,-0.03893828894260265,0.5270092120665054,22.770000457763672,0.878348686777509
2021-01-04,BULL,longbyungi,5870975.467674406,2844380.904537759,-4.627366988882375,-2.4674510159595098,0.5274725274725275,22.75,0.8791208791208791
2021-01-05,BULL,longbyungi,5973950.839299958,3244990.516075318,-2.954555991578467,1.7539738020118545,0.44493883224009084,26.969999313354492,0.7415647204001514
2021-01-06,BULL,longbyungi,5910105.067284779,3103095.884771794,-3.991715730576184,-1.0687361468589063,0.47355958673009235,25.34000015258789,0.7892659778834873
2021-01-07,BULL,longbyungi,6166230.971860336,3145245.2387011657,0.0,4.333694607111727,0.478659758519161,25.06999969482422,0.7977662641986016
2021-01-08,BULL,longbyungi,6311446.888038543,6311446.888038543,0.0,2.355019084443999,0.5364327022712454,22.3700008392334,0.8940545037854091
2021-01-11,BULL,longbyungi,6466718.702731542,2798582.1138022393,0.0,2.460161947766215,0.5565862846590512,21.559999465942383,0.9276438077650854
2021-01-12,BULL,longbyungi,6482734.16596934,3271057.542560904,0.0,0.24765980977390356,0.4983388720108072,24.079999923706055,0.8305647866846787
2021-01-13,BULL,longbyungi,6548055.050031167,6548055.050031167,0.0,1.0076131827944534,0.5143591958526572,23.329999923706055,0.8572653264210953
2021-01-14,BULL,longbyungi,6596407.247307798,3010159.3346140445,0.0,0.7384207510045426,0.5402971857116996,22.209999084472656,0.9004953095194993
2021-01-15,BULL,longbyungi,6576088.514714122,6576088.514714122,-0.30802726138488,-0.30802726138488,0.5161290322580645,23.25,0.8602150537634409
2021-01-19,BULL,longbyungi,6699330.016114783,3333974.2303319494,0.0,1.8740851970727723,0.49301560907032815,24.34000015258789,0.8216926817838803
2021-01-20,BULL,longbyungi,6817250.8414207585,6817250.8414207585,0.0,1.7601883325993217,0.5163511238461013,23.239999771118164,0.8605852064101688
2021-01-21,BULL,longbyungi,6825842.337424075,3026379.183113545,0.0,0.12602581602418894,0.5560704375544396,21.579999923706055,0.9267840625907328
2021-01-22,BULL,longbyungi,6720697.035058966,6720697.035058966,-1.5404003955472145,-1.5404003955472145,0.5628517904206723,21.31999969482422,0.9380863173677872
2021-01-25,BULL,longbyungi,6720697.035058966,6720697.035058966,-1.5404003955472145,0.0,0.5476951201995273,21.90999984741211,0.9128252003325455
2021-01-26,BULL,longbyungi,6720697.035058966,6720697.035058966,-1.5404003955472145,0.0,0.5174644124038029,23.190000534057617,0.8624406873396715
2021-01-27,BULL,longbyungi,6720697.035058966,6720697.035058966,-1.5404003955472145,0.0,0.5212858280353729,23.020000457763672,0.8688097133922883
2021-01-28,BEAR,yangbyungi,6702376.838704029,5578001.395822703,-1.8087950558588362,-0.27259369466244854,0.32249396117312656,37.209999084472656,0.5374899352885443
2021-01-29,BEAR,yangbyungi,6706378.637083572,5908011.998068875,-1.7501678830980083,0.0597071527884685,0.39721947579163497,30.209999084472656,0.662032459652725
2021-02-01,BEAR,yangbyungi,6748529.968169812,4974966.46364224,-1.13264217707435,0.6285259656107156,0.3626473238036993,33.09000015258789,0.6044122063394989
2021-02-02,BEAR,yangbyungi,6831700.16544992,6831700.16544992,0.0,1.2324194702014957,0.39682539982890624,30.239999771118164,0.6613756663815105
2021-02-03,BULL,longbyungi,6831700.16544992,6831700.16544992,0.0,0.0,0.4694835778846354,25.559999465942383,0.7824726298077257
2021-02-04,BULL,longbyungi,6892280.754460836,3253332.5298578376,0.0,0.8867571401521834,0.523788742030721,22.90999984741211,0.8729812367178684
2021-02-05,BULL,longbyungi,6966222.739424353,6966222.739424353,0.0,1.0728231712798575,0.5512172598839119,21.770000457763672,0.9186954331398532
2021-02-08,BULL,longbyungi,7184913.888866275,2960728.2731307503,0.0,3.1393074499939555,0.5749879979612299,20.8700008392334,0.9583133299353832
2021-02-09,BULL,longbyungi,7064731.711814625,3101356.5882139257,-1.672701704022972,-1.672701704022972,0.5649717575005543,21.239999771118164,0.9416195958342571
2021-02-10,BULL,longbyungi,7039219.767953284,3190309.028868389,-2.0277782471235684,-0.36111695251890286,0.554785042329826,21.6299991607666,0.9246417372163767
2021-02-11,BULL,longbyungi,7367545.281436144,3235201.372038306,0.0,4.664231609554137,0.5457025977672311,21.989999771118164,0.9095043296120519
2021-02-12,BULL,longbyungi,7449544.346614859,3177983.9151666053,0.0,1.112976738471172,0.5647058823529412,21.25,0.9411764705882353
2021-02-16,BULL,longbyungi,7591808.893288981,7591808.893288981,0.0,1.909708031186752,0.6009013726893454,19.969999313354492,1.0015022878155757
2021-02-17,BULL,longbyungi,7591808.893288981,7591808.893288981,0.0,0.0,0.5591798933804512,21.459999084472656,0.9319664889674186
2021-02-18,BULL,longbyungi,7573280.491648086,3354520.2086625732,-0.24405779836309538,-0.24405779836309538,0.5581395348837209,21.5,0.9302325581395349
2021-02-19,BULL,longbyungi,7803896.113147832,3620976.1133401464,0.0,3.045121882836277,0.5335704811971805,22.489999771118164,0.8892841353286343
2021-02-22,BULL,longbyungi,7265410.497252176,7265410.497252176,-6.900215073191818,-6.900215073191818,0.5442177059049959,22.049999237060547,0.9070295098416598
2021-02-23,BULL,longbyungi,7265410.497252176,7265410.497252176,-6.900215073191818,0.0,0.5117270622423554,23.450000762939453,0.8528784370705924
2021-02-24,BULL,longbyungi,7660217.522891087,3492804.5403326536,-1.841113569088626,5.434063578213921,0.51925571973481,23.110000610351562,0.8654261995580167
2021-02-25,BULL,longbyungi,7132477.814550284,7132477.814550284,-8.603629377720157,-6.889356689464165,0.5623242696436798,21.34000015258789,0.9372071160727996
2021-02-26,NEUTRAL,longbyungi,7145193.7523688385,4169870.1446702005,-8.44068592442212,0.1782821923765887,0.4153686484430911,28.889999389648438,0.6922810807384853
2021-03-01,NEUTRAL,longbyungi,7387452.277006171,4158494.7163055055,-5.336358020451426,3.3905102231414963,0.42933809203724616,27.950000762939453,0.7155634867287436
2021-03-02,NEUTRAL,longbyungi,7413666.673138734,7413666.673138734,-5.000443808467015,0.3548502941150167,0.5139186211544156,23.350000381469727,0.8565310352573593
2021-03-03,NEUTRAL,longbyungi,7413666.673138734,7413666.673138734,-5.000443808467015,0.0,0.49792530332184937,24.100000381469727,0.8298755055364156
2021-03-04,BEAR,yangbyungi,7511319.000587328,6079373.4624425415,-3.7491159328425283,1.3171933909897682,0.4499437557432327,26.670000076293945,0.7499062595720545
2021-03-05,BEAR,yangbyungi,7405163.3480726415,5538163.143192373,-5.109406369510927,-1.4132757842715282,0.42002100553658517,28.56999969482422,0.700035009227642
2021-03-08,BEAR,yangbyungi,7533384.931030927,5960656.29003922,-3.466360625446485,1.7315159292422333,0.48661800787721066,24.65999984741211,0.8110300131286845
2021-03-09,BEAR,yangbyungi,7484561.127900114,5289764.357677272,-4.091994314349079,-0.6480991423881921,0.4711425333140127,25.469999313354492,0.7852375555233545
2021-03-10,BEAR,yangbyungi,7600282.873710554,7600282.873710554,-2.609122885352555,1.5461393638574794,0.49937576600523814,24.030000686645508,0.8322929433420636
2021-03-11,BEAR,yangbyungi,7646300.146846932,5174660.622551953,-2.019452386550691,0.6054679003534513,0.5319149062089188,22.559999465942383,0.8865248436815313
2021-03-12,NEUTRAL,longbyungi,7504495.511524139,7504495.511524139,-3.836552886951816,-1.8545523011056386,0.5476951201995273,21.90999984741211,0.9128252003325455
2021-03-15,NEUTRAL,longbyungi,7660899.20601377,3151960.769436883,-1.832378405103885,2.0841333604564527,0.5799903185235259,20.690000534057617,0.9666505308725433
2021-03-16,NEUTRAL,longbyungi,7762301.4957421,3133685.6328024287,-0.5329980922689992,1.3236343019463082,0.5991013274403277,20.030000686645508,0.9985022124005463
2021-03-17,NEUTRAL,longbyungi,7875191.149588635,2970264.4507570276,0.0,1.454332248089818,0.6063668238936125,19.790000915527344,1.010611373156021
2021-03-18,NEUTRAL,longbyungi,7659277.413351786,7659277.413351786,-2.7416951809243084,-2.7416951809243084,0.6240249758531442,19.229999542236328,1.040041626421907
2021-03-19,NEUTRAL,longbyungi,7683994.5365339955,3400179.6707584215,-2.4278345683663383,0.322708290198781,0.5560704375544396,21.579999923706055,0.9267840625907328
2021-03-22,NEUTRAL,longbyungi,7887081.776659306,3343723.0478652213,0.0,2.6429904284772876,0.5727923419090274,20.950000762939453,0.9546539031817123
2021-03-23,NEUTRAL,longbyungi,7928615.562471108,7928615.562471108,0.0,0.5266052386411868,0.6355932485916888,18.8799991607666,1.0593220809861479
2021-03-24,BEAR,yangbyungi,7985949.046673435,6053868.955073104,0.0,0.7231210007672351,0.5911330271427935,20.299999237060547,0.9852217119046559
2021-03-25,BEAR,yangbyungi,8082216.068271881,8082216.068271881,0.0,1.2054549939627623,0.5660377154786554,21.200000762939453,0.9433961924644257
2021-03-26,NEUTRAL,longbyungi,8722578.73574985,3186375.8141616657,0.0,7.923107500080606,0.6057546856894449,19.809999465942383,1.0095911428157416
2021-03-29,NEUTRAL,longbyungi,8525614.730884299,8525614.730884299,-2.258093745354073,-2.258093745354073,0.6362672116465171,18.860000610351562,1.0604453527441953
2021-03-30,NEUTRAL,longbyungi,8503892.863746218,3592761.4088181406,-2.507124081406553,-0.2547835883246252,0.5785920989599432,20.739999771118164,0.9643201649332387
2021-03-31,NEUTRAL,longbyungi,8796881.530971292,3347248.5374565898,0.0,3.4453475828010838,0.6119326683582834,19.610000610351562,1.0198877805971391
2021-04-01,NEUTRAL,longbyungi,9291872.931209264,3453760.7019944293,0.0,5.62689628699955,0.6185567131938484,19.399999618530273,1.0309278553230807
2021-04-05,BULL,longbyungi,9543842.95652745,2945955.307087167,0.0,2.7117248286066875,0.6924408570588024,17.329999923706055,1.154068095098004
2021-04-06,BULL,longbyungi,9206786.643637553,3104917.9496616377,-3.5316623966383354,-3.5316623966383354,0.6700167561271047,17.90999984741211,1.1166945935451744
2021-04-07,BULL,longbyungi,9287331.4219528,9287331.4219528,-2.6877174712856,0.8748413690123913,0.6622516249567505,18.1200008392334,1.1037527082612508
2021-04-08,BULL,longbyungi,9287331.4219528,9287331.4219528,-2.6877174712856,0.0,0.6993007055189289,17.15999984741211,1.1655011758648814
2021-04-09,BULL,longbyungi,9280645.690735234,2712229.826257864,-2.757770292230166,-0.07198764546900716,0.7079645699035928,16.950000762939453,1.1799409498393214
2021-04-12,BULL,longbyungi,9162929.182006793,9162929.182006793,-3.991199103502985,-1.268408607021343,0.7189933862202579,16.690000534057617,1.1983223103670966
2021-04-13,BULL,longbyungi,9162929.182006793,9162929.182006793,-3.991199103502985,0.0,0.7096392731095422,16.90999984741211,1.182732121849237
2021-04-14,BULL,longbyungi,8888048.228596639,2559016.1067350553,-6.871390601437799,-2.9999244559254734,0.7207207372332218,16.649999618530273,1.2012012287220364
2021-04-15,BULL,longbyungi,9114733.09079378,2657462.4089020966,-4.496195795428326,2.550445906310439,0.7062978317633163,16.989999771118164,1.1771630529388606
2021-04-16,BULL,longbyungi,9115181.87874462,9115181.87874462,-4.491493413454051,0.0049237640463051235,0.7242003754380456,16.56999969482422,1.207000625730076
2021-04-19,BULL,longbyungi,9115181.87874462,9115181.87874462,-4.491493413454051,0.0,0.7384615384615385,16.25,1.2307692307692308
2021-04-20,BULL,longbyungi,9115181.87874462,9115181.87874462,-4.491493413454051,0.0,0.6940427625555161,17.290000915527344,1.1567379375925269
2021-04-21,NEUTRAL,longbyungi,9452295.0465038,3259604.7503744317,-0.959235293797811,3.698370172352594,0.6423982764430195,18.68000030517578,1.0706637940716992
2021-04-22,BULL,longbyungi,9389333.469994044,9389333.469994044,-1.6189441427022833,-0.6660982988786923,0.6857142857142856,17.5,1.1428571428571428
2021-04-23,NEUTRAL,longbyungi,9578393.891106647,3367312.7776769334,0.0,2.0135659439170173,0.6413682836552753,18.709999084472656,1.0689471394254588
2021-04-26,BULL,longbyungi,9805161.596011043,2941446.8704352956,0.0,2.3674919561926355,0.6924408570588024,17.329999923706055,1.154068095098004
2021-04-27,BULL,longbyungi,9891936.803595461,9891936.803595461,0.0,0.8849951806987111,0.6802721323812447,17.639999389648438,1.1337868873020747
2021-04-28,BULL,longbyungi,9891936.803595461,9891936.803595461,0.0,0.0,0.6833713191890466,17.559999465942383,1.138952198648411
2021-04-29,BULL,longbyungi,9891936.803595461,9891936.803595461,0.0,0.0,0.6944444168497026,17.280000686645508,1.157407361416171
2021-04-30,BULL,longbyungi,9535797.50325729,3151264.5986570315,-3.6002989850149825,-3.6002989850149825,0.6814309814927618,17.610000610351562,1.1357183024879365
2021-05-03,NEUTRAL,longbyungi,9672129.646049492,9672129.646049492,-2.222084126801893,1.429687897059817,0.6448145946499949,18.610000610351562,1.0746909910833249
2021-05-04,BEAR,yangbyungi,9554206.711329672,7740588.680276837,-3.414195813938403,-1.2192034126422668,0.655379593119086,18.309999465942383,1.0922993218651433
2021-05-05,BEAR,yangbyungi,9361457.759593189,6386325.593122427,-5.36274194361469,-2.01742496850017,0.6160164415805928,19.479999542236328,1.026694069300988
2021-05-06,BEAR,yangbyungi,9406256.114364283,5236802.825006921,-4.909864457025703,0.4785403718260417,0.6266318662684641,19.149999618530273,1.0443864437807735
2021-05-07,BEAR,yangbyungi,9513731.433088914,6261838.552758541,-3.823370266266557,1.1425940078380936,0.6525285697809587,18.389999389648438,1.087547616301598
2021-05-10,BULL,longbyungi,9429145.763429945,9429145.763429945,-4.678467415979681,-0.8890903664231842,0.7189933862202579,16.690000534057617,1.1983223103670966
2021-05-11,BEAR,yangbyungi,9429145.763429945,9429145.763429945,-4.678467415979681,0.0,0.6103764035165843,19.65999984741211,1.0172940058609738
2021-05-12,BEAR,yangbyungi,9429145.763429945,9429145.763429945,-4.678467415979681,0.0,0.5494505456117444,21.84000015258789,0.9157509093529075
2021-05-13,BEAR,yangbyungi,9364581.955346622,7259472.465128662,-5.331158687317528,-0.6847259518855675,0.43494019331762934,27.59000015258789,0.7249003221960489
2021-05-14,BEAR,yangbyungi,9551897.338281382,6015532.666304773,-3.437541828921542,2.000253549255504,0.5188067633117147,23.1299991607666,0.8646779388528579
2021-05-17,BEAR,yangbyungi,9443765.392758643,9443765.392758643,-4.530674020015157,-1.132046772418449,0.6379585508084329,18.809999465942383,1.0632642513473882
2021-05-18,NEUTRAL,longbyungi,9443765.392758643,9443765.392758643,-4.530674020015157,0.0,0.6085192909653669,19.719999313354492,1.0141988182756116
2021-05-19,BEAR,yangbyungi,9443765.392758643,9443765.392758643,-4.530674020015157,0.0,0.5623242696436798,21.34000015258789,0.9372071160727996
2021-05-20,NEUTRAL,longbyungi,9654237.171113163,4334424.402954469,-2.4029635166684438,2.2286849535240183,0.5410279456668788,22.18000030517578,0.9017132427781315
2021-05-21,NEUTRAL,longbyungi,9750989.121424433,9750989.121424433,-1.4248744706880534,1.0021708457791378,0.5805515218049073,20.670000076293945,0.9675858696748455
2021-05-24,NEUTRAL,longbyungi,9910197.38191849,3943948.343642623,0.0,1.6327395970963776,0.5955335100336479,20.149999618530273,0.9925558500560798
2021-05-25,NEUTRAL,longbyungi,10035676.28947285,10035676.28947285,0.0,1.2661595195197606,0.6521739265643809,18.399999618530273,1.0869565442739682
2021-05-26,NEUTRAL,longbyungi,9961350.487588737,3643525.8383948533,-0.7406157765578625,-0.7406157765578625,0.6369426700005447,18.84000015258789,1.0615711166675745
2021-05-27,BULL,longbyungi,9977229.695878733,3058240.647664413,-0.5823881909725048,0.1594081877731357,0.6912442153282266,17.360000610351562,1.152073692213711
2021-05-28,BULL,longbyungi,10029379.809098206,2834286.2698519956,-0.06274096725547018,0.5226913162179159,0.7168458879374554,16.739999771118164,1.1947431465624256
2021-06-01,BULL,longbyungi,9833027.455330964,2885663.66339946,-2.0192842843532066,-1.9577716419625468,0.7159904436827442,16.760000228881836,1.193317406137907
2021-06-02,NEUTRAL,longbyungi,9867408.913221419,3234930.2942446796,-1.6766919477857134,0.3496528210323868,0.670391075739324,17.899999618530273,1.11731845956554
2021-06-03,BULL,longbyungi,9631803.484272826,9631803.484272826,-4.024370590985238,-2.3877132388108735,0.6864988738131719,17.479999542236328,1.1441647896886198
2021-06-04,NEUTRAL,longbyungi,9806691.190562695,3224839.1857405137,-2.281710691987482,1.81573167035054,0.6651884363083037,18.040000915527344,1.1086473938471728
2021-06-07,BULL,longbyungi,9721665.8088895,9721665.8088895,-3.1289419021290787,-0.8670139603765392,0.7308160745580486,16.420000076293945,1.218026790930081
2021-06-08,BULL,longbyungi,9721665.8088895,9721665.8088895,-3.1289419021290787,0.0,0.7308160745580486,16.420000076293945,1.218026790930081
2021-06-09,BULL,longbyungi,9721665.8088895,9721665.8088895,-3.1289419021290787,0.0,0.7029877102832351,17.06999969482422,1.171646183805392
2021-06-10,BULL,longbyungi,9830414.619929798,3200704.730815001,-2.045319753471586,1.1186232192929024,0.6707658138291203,17.889999389648438,1.1179430230485339
2021-06-11,BULL,longbyungi,9826476.982617613,9826476.982617613,-2.084556145704719,-0.040055658529414284,0.7453415972468785,16.100000381469727,1.2422359954114643
2021-06-14,BULL,longbyungi,9962203.031769931,2291797.9624474337,-0.7321206422330473,1.3812279761343582,0.7667731816294413,15.649999618530273,1.2779553027157355
2021-06-15,BULL,longbyungi,9641042.99445118,2648144.2641313868,-3.932303948819371,-3.223785304260085,0.7321537795528495,16.389999389648438,1.2202562992547492
2021-06-16,BULL,longbyungi,9713625.115783766,9713625.115783766,-3.209062990870948,0.7528451161804783,0.7050528600030795,17.020000457763672,1.1750881000051325
2021-06-17,NEUTRAL,longbyungi,9878049.028869126,3291393.4992938414,-1.5706690416974811,1.6927142145745977,0.6611570386893331,18.149999618530273,1.1019283978155552
2021-06-18,BULL,longbyungi,9705925.055233713,9705925.055233713,-3.2857898633601446,-1.7424895658279427,0.676056338028169,17.75,1.1267605633802817
2021-06-21,NEUTRAL,longbyungi,9702141.110794783,4079302.0421886966,-3.3234947905597223,-0.038985922695644604,0.5797101235611727,20.700000762939453,0.9661835392686212
2021-06-22,BULL,longbyungi,9681574.629648913,3182028.60191397,-3.528428474674694,-0.2119787880943802,0.6707658138291203,17.889999389648438,1.1179430230485339
2021-06-23,BULL,longbyungi,9647202.700404897,2706506.441132036,-3.8709258635160504,-0.3550241624823536,0.7202881218431719,16.65999984741211,1.2004802030719532
2021-06-24,BULL,longbyungi,9889505.873474633,2591126.972333735,-1.4565078803064346,2.5116417742478525,0.7352941313966889,16.31999969482422,1.2254902189944814
2021-06-25,BULL,longbyungi,9899278.921907987,9899278.921907987,-1.3591248225885866,0.09882241396474978,0.7514088791078385,15.970000267028809,1.2523481318463976
2021-06-28,BULL,longbyungi,10168369.91363066,2294199.0286155306,0.0,2.7182888152302853,0.7682458442969756,15.619999885559082,1.2804097404949595
2021-06-29,BULL,longbyungi,10212788.22356114,2409739.40107645,0.0,0.43682822623256623,0.7614213087388637,15.760000228881836,1.269035514564773
2021-06-30,BULL,longbyungi,10159001.16541012,10159001.16541012,-0.5266637961505172,-0.5266637961505172,0.7490636490078573,16.020000457763672,1.2484394150130955
2021-07-01,BULL,longbyungi,10159001.16541012,10159001.16541012,-0.5266637961505172,0.0,0.7580543308802878,15.829999923706055,1.2634238848004797
2021-07-02,BULL,longbyungi,10159001.16541012,10159001.16541012,-0.5266637961505172,0.0,0.7751938213730988,15.479999542236328,1.291989702288498
2021-07-06,BULL,longbyungi,10159001.16541012,10159001.16541012,-0.5266637961505172,0.0,0.7962840240880291,15.069999694824219,1.3271400401467153
2021-07-07,BULL,longbyungi,10159001.16541012,10159001.16541012,-0.5266637961505172,0.0,0.7299269835874047,16.440000534057617,1.2165449726456745
2021-07-08,BULL,longbyungi,10159001.16541012,10159001.16541012,-0.5266637961505172,0.0,0.7407407058555365,16.200000762939453,1.2345678430925608
2021-07-09,BULL,longbyungi,10308747.713710237,3742789.903045834,0.0,1.4740282618529665,0.631578947368421,19.0,1.0526315789473684
2021-07-12,BULL,longbyungi,10454379.238007944,2677582.3138535116,0.0,1.4126984997801628,0.7416563518952066,16.18000030517578,1.2360939198253444
2021-07-13,BULL,longbyungi,10343761.018961754,10343761.018961754,-1.058104135384974,-1.058104135384974,0.7421150243278366,16.170000076293945,1.2368583738797276
2021-07-14,BULL,longbyungi,10004335.955820438,3093461.594729999,-4.304830272000548,-3.2814472658358573,0.7009345450789907,17.1200008392334,1.1682242417983177
2021-07-15,BULL,longbyungi,9937864.176167248,9937864.176167248,-4.9406574037686894,-0.6644297027482038,0.7348438491159912,16.329999923706055,1.224739748526652
2021-07-16,BULL,longbyungi,9937864.176167248,9937864.176167248,-4.9406574037686894,0.0,0.7054673626414659,17.010000228881836,1.1757789377357766
2021-07-19,NEUTRAL,longbyungi,10131486.644038439,3474212.9467562754,-3.088586960721651,1.9483307926016158,0.6504064771696064,18.450000762939453,1.0840107952826774
2021-07-20,NEUTRAL,longbyungi,10271268.298289888,4759090.501979153,-1.7515237925589955,1.379675650401202,0.5333333333333333,22.5,0.8888888888888888
2021-07-21,NEUTRAL,longbyungi,10723839.17036685,4040908.372079447,0.0,4.406182945803416,0.6082108605381064,19.729999542236328,1.0136847675635106
2021-07-22,BULL,longbyungi,10428769.927495755,3486796.299800315,-2.751526185570352,-2.751526185570352,0.6700167561271047,17.90999984741211,1.1166945935451744
2021-07-23,BULL,longbyungi,10516509.034756437,10516509.034756437,-1.9333573761841527,0.8413178914739916,0.6783493294359736,17.690000534057617,1.1305822157266228
2021-07-26,BULL,longbyungi,10556783.137153741,3179410.033633475,-1.557800621206018,0.3829607549824754,0.6976743876579468,17.200000762939453,1.162790646096578
2021-07-27,BULL,longbyungi,10434923.10575936,10434923.10575936,-2.6941476836565226,-1.1543292100555158,0.6825938596176211,17.579999923706055,1.1376564326960352
2021-07-28,NEUTRAL,longbyungi,10598005.893401671,3966995.764777813,-1.1733976514016864,1.562855672144825,0.6198346912026305,19.360000610351562,1.0330578186710508
2021-07-29,NEUTRAL,longbyungi,10860162.574543353,3653119.3238658737,0.0,2.4736415867149253,0.655379593119086,18.309999465942383,1.0922993218651433
2021-07-30,BULL,longbyungi,10902982.085686289,3428121.731581769,0.0,0.3942805722200404,0.6779660724719172,17.700000762939453,1.129943454119862
2021-08-02,BULL,longbyungi,10921063.80160205,3773840.951575851,0.0,0.16584192997528557,0.6578947450975963,18.239999771118164,1.0964912418293271
2021-08-03,BULL,longbyungi,10921997.800282676,4189110.3972157203,0.0,0.008552268328365642,0.6166495665241285,19.459999084472656,1.0277492775402142
2021-08-04,BULL,longbyungi,11055511.362705763,3664204.5629587946,0.0,1.2224280288687828,0.6651884363083037,18.040000915527344,1.1086473938471728
2021-08-05,BULL,longbyungi,11136094.069502648,11136094.069502648,0.0,0.7288917188283062,0.6677796582375015,17.969999313354492,1.1129660970625026
2021-08-06,BULL,longbyungi,11064629.209735882,3402695.7174234493,-0.6417408053554507,-0.6417408053554507,0.6944444168497026,17.280000686645508,1.157407361416171
2021-08-09,BULL,longbyungi,11102444.895058643,11102444.895058643,-0.30216316631301865,0.34177092251304053,0.7430340732783285,16.149999618530273,1.2383901221305476
2021-08-10,BULL,longbyungi,11102444.895058643,11102444.895058643,-0.30216316631301865,0.0,0.7177033787564474,16.719999313354492,1.1961722979274123
2021-08-11,BULL,longbyungi,11102444.895058643,11102444.895058643,-0.30216316631301865,0.0,0.7147110986100325,16.790000915527344,1.1911851643500542
2021-08-12,BULL,longbyungi,11102444.895058643,11102444.895058643,-0.30216316631301865,0.0,0.7421150243278366,16.170000076293945,1.2368583738797276
2021-08-13,BULL,longbyungi,11162979.381649224,2556624.6617863514,0.0,0.545235641003039,0.7697241746343432,15.59000015258789,1.282873624390572
2021-08-16,BULL,longbyungi,11042936.629365146,11042936.629365146,-1.07536481238526,-1.07536481238526,0.7766990387147951,15.449999809265137,1.2944983978579918
2021-08-17,BULL,longbyungi,11042936.629365146,11042936.629365146,-1.07536481238526,0.0,0.7444168346935812,16.1200008392334,1.240694724489302
2021-08-18,BULL,longbyungi,10632737.230704695,3643984.050840728,-4.750005646487098,-3.7145861868812857,0.6700167561271047,17.90999984741211,1.1166945935451744
2021-08-19,BEAR,yangbyungi,10629456.71694961,6435471.254451458,-4.779393085475636,-0.030852956147653376,0.5563282415288784,21.56999969482422,0.9272137358814639
2021-08-20,BEAR,yangbyungi,10643228.501599343,7556389.14057728,-4.656022933306647,0.129562450993137,0.5537609579026945,21.670000076293945,0.9229349298378243
2021-08-23,NEUTRAL,longbyungi,10983633.109560229,3787057.4379361626,-1.6066165309220337,3.1983209597513884,0.646551742742235,18.559999465942383,1.077586237903725
2021-08-24,BULL,longbyungi,11025245.363931721,11025245.363931721,-1.2338463864219218,0.3788569224446592,0.6997084703742039,17.149999618530273,1.1661807839570066
2021-08-25,BULL,longbyungi,11007985.12975158,3342147.2429825077,-1.3884667040811594,-0.15655192796530937,0.6968641392856347,17.219999313354492,1.1614402321427246
2021-08-26,BULL,longbyungi,10862419.870400082,3125910.353316673,-2.6924667776707545,-1.3223606103725083,0.7147110986100325,16.790000915527344,1.1911851643500542
2021-08-27,BULL,longbyungi,11149818.47621113,3951971.9782768944,-0.117897785063803,2.645806452337607,0.6369426700005447,18.84000015258789,1.0615711166675745
2021-08-30,BULL,longbyungi,11081678.346346386,3004346.176679993,-0.728309464017185,-0.6111321902695255,0.7321537795528495,16.389999389648438,1.2202562992547492
2021-08-31,BULL,longbyungi,11079885.334099362,11079885.334099362,-0.7443715938995621,-0.016179970136154243,0.7411982460875498,16.190000534057617,1.2353304101459164
2021-09-01,BULL,longbyungi,11079885.334099362,11079885.334099362,-0.7443715938995621,0.0,0.7281553600317398,16.479999542236328,1.2135922667195662
2021-09-02,BULL,longbyungi,11079885.334099362,11079885.334099362,-0.7443715938995621,0.0,0.7448789289486022,16.110000610351562,1.2414648815810037
2021-09-03,BULL,longbyungi,11143512.928408105,2977592.509876077,-0.1743840293490062,0.5742622093111605,0.731261432759393,16.40999984741211,1.2187690545989884
2021-09-07,BULL,longbyungi,11157298.747364186,11157298.747364186,-0.050888155310724326,0.1237116073238953,0.731261432759393,16.40999984741211,1.2187690545989884
2021-09-08,BULL,longbyungi,11157298.747364186,11157298.747364186,-0.050888155310724326,0.0,0.6615215217067637,18.139999389648438,1.1025358695112728
2021-09-09,BULL,longbyungi,11145467.718434047,3702533.0573078357,-0.15687266469348593,-0.10603847040425718,0.6681514817210997,17.959999084472656,1.1135858028684995
2021-09-10,BULL,longbyungi,11196676.310692009,4093418.400567645,0.0,0.459456646877765,0.6382978982437579,18.799999237060547,1.0638298304062632
2021-09-13,BULL,longbyungi,11374963.273458455,11374963.273458455,0.0,1.5923204156236492,0.5727923419090274,20.950000762939453,0.9546539031817123
2021-09-14,BULL,longbyungi,11374963.273458455,11374963.273458455,0.0,0.0,0.6195146866330709,19.3700008392334,1.0325244777217848
2021-09-15,BULL,longbyungi,11374963.273458455,11374963.273458455,0.0,0.0,0.6166495665241285,19.459999084472656,1.0277492775402142
2021-09-16,BULL,longbyungi,11463627.49152252,3866736.816353252,0.0,0.7794681699847761,0.6600659955205636,18.18000030517578,1.1001099925342726
2021-09-17,BULL,longbyungi,11390656.50088916,11390656.50088916,-0.6365436306031702,-0.6365436306031702,0.642054556292449,18.690000534057617,1.0700909271540817
2021-09-20,BULL,longbyungi,11390656.50088916,11390656.50088916,-0.6365436306031702,0.0,0.5766458581433018,20.809999465942383,0.9610764302388365
2021-09-21,NEUTRAL,longbyungi,11390656.50088916,11390656.50088916,-0.6365436306031702,0.0,0.4667444740302345,25.709999084472656,0.7779074567170575
2021-09-22,NEUTRAL,longbyungi,11526662.025320757,5779495.803603067,0.0,1.1940095324705968,0.49261082509582155,24.360000610351562,0.8210180418263693
2021-09-23,BULL,longbyungi,11665257.379770791,4930130.876886182,0.0,1.2023893313222844,0.5749879979612299,20.8700008392334,0.9583133299353832
2021-09-24,BULL,longbyungi,11539930.293792492,4087628.6590047767,-1.0743619441747954,-1.0743619441747954,0.6441224122688697,18.6299991607666,1.0735373537814494
2021-09-27,BULL,longbyungi,11381452.679709636,3664301.034177809,-2.43290560012257,-1.373297845378696,0.676056338028169,17.75,1.1267605633802817
2021-09-28,BULL,longbyungi,10923803.365152597,10923803.365152597,-6.356087915419506,-4.02100968510738,0.6396588408098993,18.760000228881836,1.0660980680164989
2021-09-29,NEUTRAL,longbyungi,10923803.365152597,10923803.365152597,-6.356087915419506,0.0,0.5161290322580645,23.25,0.8602150537634409
2021-09-30,BEAR,yangbyungi,10759998.169433849,7831699.663633085,-7.760302073632685,-1.4995253049070234,0.5319149062089188,22.559999465942383,0.8865248436815313
2021-10-01,BEAR,yangbyungi,10692398.705737967,9087274.326049792,-8.339796048734415,-0.6282479107469818,0.5185825547328293,23.139999389648438,0.864304257888049
2021-10-04,BEAR,yangbyungi,10711798.547550406,8887524.315872578,-8.173491601426797,0.18143582507850198,0.5687203688649477,21.100000381469727,0.9478672814415795
2021-10-05,BEAR,yangbyungi,10716516.44956125,7328646.883735323,-8.133047555854134,0.04404397627437717,0.522648104464226,22.959999084472656,0.8710801741070434
2021-10-06,BEAR,yangbyungi,10705624.153071903,7015017.963611706,-8.226421376377246,-0.10164027219677907,0.5633803018697211,21.299999237060547,0.9389671697828685
2021-10-07,NEUTRAL,longbyungi,10723462.097144645,4646255.691350207,-8.073506241356942,0.16662217744327634,0.5714285714285714,21.0,0.9523809523809523
2021-10-08,NEUTRAL,longbyungi,10794968.848863877,10794968.848863877,-7.460517179981963,0.666825238635127,0.6141248432831071,19.540000915527344,1.0235414054718452
2021-10-11,NEUTRAL,longbyungi,10620597.706952233,3893550.467023286,-8.955307532520852,-1.615300093524552,0.6393180451434962,18.770000457763672,1.0655300752391603
2021-10-12,NEUTRAL,longbyungi,10760235.004673686,10760235.004673686,-7.758271812043704,1.314778146902662,0.6,20.0,1.0
2021-10-13,NEUTRAL,longbyungi,10650166.717028975,4255307.1671597725,-8.701828255432464,-1.022917135145307,0.6045339934200797,19.850000381469727,1.007556655700133
2021-10-14,NEUTRAL,longbyungi,11119605.445215657,3912201.7261578543,-4.677581615141824,4.40780638143512,0.6437768451142812,18.639999389648438,1.0729614085238022
2021-10-15,NEUTRAL,longbyungi,11285398.804291109,11285398.804291109,-3.256323997946342,1.4910003766975821,0.7117437464760434,16.860000610351562,1.1862395774600725
2021-10-18,BULL,longbyungi,11497595.460720893,2977129.3570395857,-1.4372757804782532,1.8802760993178236,0.7361963534768861,16.299999237060547,1.2269939224614768
2021-10-19,BULL,longbyungi,11663344.68972809,3049506.192475263,-0.016396466708201718,1.441599068026389,0.7357449658448928,16.309999465942383,1.226241609741488
2021-10-20,BULL,longbyungi,11597911.697794288,11597911.697794288,-0.5773184404254117,-0.5610139601844089,0.7643312194767268,15.699999809265137,1.2738853657945446
2021-10-21,BULL,longbyungi,11918922.762583876,2613086.49250089,0.0,2.7678350478443248,0.77469336199569,15.489999771118164,1.2911556033261502
2021-10-22,BULL,longbyungi,11448240.313476566,2357877.815968748,-3.9490351475796603,-3.9490351475796603,0.7994670097945719,15.010000228881836,1.3324450163242865
2021-10-25,BULL,longbyungi,11504837.158890106,2568369.737157047,-3.474186484316155,0.49437157033571655,0.777705752602919,15.430000305175781,1.2961762543381983
2021-10-26,BULL,longbyungi,11687471.523353074,11687471.523353074,-1.9418805192477517,1.587457188143171,0.7874015866287349,15.239999771118164,1.3123359777145582
2021-10-27,BULL,longbyungi,11523077.004929503,2910896.911473606,-3.3211538117942974,-1.4065875420110285,0.7509386948530948,15.979999542236328,1.2515644914218247
2021-10-28,BULL,longbyungi,11935188.08981919,3477581.976406618,0.0,3.5763979075501107,0.706713799971019,16.979999542236328,1.1778563332850318
2021-10-29,BULL,longbyungi,11916371.555696132,3218084.6202411857,-0.15765594962938723,-0.15765594962938723,0.7259527829115416,16.530000686645508,1.2099213048525694
2021-11-01,BULL,longbyungi,12190667.350412719,3126754.728900565,0.0,2.3018398967718623,0.7380073696853332,16.260000228881836,1.2300122828088886
2021-11-02,BULL,longbyungi,12370088.58894899,3267212.519873228,0.0,1.4717917680708181,0.731261432759393,16.40999984741211,1.2187690545989884
2021-11-03,BULL,longbyungi,12542129.783760346,3118971.825108912,0.0,1.3907838539252815,0.7485963497180087,16.030000686645508,1.2476605828633478
2021-11-04,BULL,longbyungi,13345184.916891683,2636256.363285184,0.0,6.402860973190849,0.7947019666784939,15.100000381469727,1.3245032777974899
2021-11-05,BULL,longbyungi,13495759.923277128,3009987.9458938222,0.0,1.1283096287025174,0.7772020936610736,15.4399995803833,1.295336822768456
2021-11-08,BULL,longbyungi,13763427.089025637,3721970.4779065903,0.0,1.9833426740708537,0.7281553600317398,16.479999542236328,1.2135922667195662
2021-11-09,BULL,longbyungi,14028058.762394302,14028058.762394302,0.0,1.9227164256180762,0.6968641392856347,17.219999313354492,1.1614402321427246
2021-11-10,BULL,longbyungi,14028058.762394302,14028058.762394302,0.0,0.0,0.6749156094810027,17.780000686645508,1.1248593491350045
2021-11-11,BULL,longbyungi,14021764.483035957,5040514.220861839,-0.044869211520681684,-0.044869211520681684,0.640683411280384,18.729999542236328,1.0678056854673066
2021-11-12,BULL,longbyungi,14120244.04860837,4518567.423331356,0.0,0.7023336163687333,0.6795017046253529,17.65999984741211,1.1325028410422548
2021-11-15,BULL,longbyungi,14321067.736402236,14321067.736402236,0.0,1.4222394960210272,0.7366482090594488,16.290000915527344,1.2277470150990815
2021-11-16,BULL,longbyungi,14778338.96654135,3899429.4573148787,0.0,3.1929967692059247,0.7277137760194339,16.489999771118164,1.2128562933657232
2021-11-17,BULL,longbyungi,14744445.782162992,14744445.782162992,-0.22934366612575863,-0.22934366612575863,0.7330482214295326,16.3700008392334,1.2217470357158877
2021-11-18,BULL,longbyungi,14599468.209646331,4403513.983545108,-1.2103576545374195,-0.983269053707303,0.7013442181141706,17.110000610351562,1.1689070301902844
2021-11-19,BULL,longbyungi,14525740.025863992,4631157.830053687,-1.709251230799691,-0.5050059544882912,0.682205792831362,17.59000015258789,1.1370096547189366
2021-11-22,BULL,longbyungi,13926918.144858418,4834695.7946702875,-5.761275496593877,-4.122487941676867,0.6700167561271047,17.90999984741211,1.1166945935451744
2021-11-23,BULL,longbyungi,13688806.604402121,5174924.4487205185,-7.372495411060509,-1.7097216913291358,0.625978088275517,19.170000076293945,1.0432968137925285
2021-11-24,BULL,longbyungi,13827907.717794921,5122445.796741973,-6.431245425471943,1.0161668391754919,0.6191950732533119,19.3799991607666,1.03199178875552
2021-11-26,BULL,longbyungi,13328902.662260566,13328902.662260566,-9.807843138273897,-3.608680833848732,0.6458557615325556,18.579999923706055,1.076426269220926
2021-11-29,BULL,longbyungi,13625311.565115862,7740264.393324337,-7.80214477442952,2.223805742797924,0.41928719944514947,28.6200008392334,0.6988119990752492
2021-11-30,BULL,longbyungi,13142913.596467467,6455317.029606221,-11.066367971235058,-3.540454589555597,0.522648104464226,22.959999084472656,0.8710801741070434
2021-12-01,BULL,longbyungi,12962703.723320283,7504926.194015645,-12.285786970590706,-1.3711561886522672,0.44133871880469644,27.190000534057617,0.7355645313411607
2021-12-02,BULL,longbyungi,12874743.24711414,7860594.807255475,-12.880985635374941,-0.678565815308263,0.3856041027117017,31.1200008392334,0.6426735045195029
2021-12-03,BULL,longbyungi,12743541.822636165,7464476.111616788,-13.768781109379303,-1.0190605121961127,0.42933809203724616,27.950000762939453,0.7155634867287436
2021-12-06,NEUTRAL,longbyungi,12631197.528909758,7710360.095962903,-14.528976784825353,-0.8815782557942575,0.3912618183941667,30.670000076293945,0.6521030306569445
2021-12-07,NEUTRAL,longbyungi,13305479.926338304,7234652.796707692,-9.966336836214463,5.338230170854952,0.4415010987956055,27.18000030517578,0.7358351646593425
2021-12-08,BULL,longbyungi,13211008.472152447,13211008.472152447,-10.605593077391106,-0.7100191403005995,0.5481955383550481,21.889999389648438,0.9136592305917469
2021-12-09,BULL,longbyungi,12687901.409053804,5244571.049801489,-14.145280888605715,-3.9596300630743153,0.6030150869362814,19.899999618530273,1.0050251448938023
2021-12-10,NEUTRAL,longbyungi,13083331.850917518,13083331.850917518,-11.469537405126406,3.1165945345503987,0.5560704375544396,21.579999923706055,0.9267840625907328
2021-12-13,BULL,longbyungi,13083331.850917518,13083331.850917518,-11.469537405126406,0.0,0.642054556292449,18.690000534057617,1.0700909271540817
2021-12-14,BULL,longbyungi,13155396.70536249,5353150.347255652,-10.98189901350386,0.550814236512065,0.5908419653148032,20.309999465942383,0.9847366088580053
2021-12-15,BULL,longbyungi,13799203.769162096,5958991.584163736,-6.625475295945293,4.893862786647651,0.5481955383550481,21.889999389648438,0.9136592305917469
2021-12-16,BULL,longbyungi,13894887.61208862,13894887.61208862,-5.978015231974931,0.6934011884102587,0.622083951812604,19.290000915527344,1.03680658635434
2021-12-17,BULL,longbyungi,13993748.283933721,5788973.474082196,-5.309058645792108,0.7114895392107412,0.5833738540608445,20.56999969482422,0.9722897567680742
2021-12-20,NEUTRAL,longbyungi,13663570.257413458,6031576.786638123,-7.543261199054674,-2.3594680983317518,0.5563282415288784,21.56999969482422,0.9272137358814639
2021-12-21,NEUTRAL,longbyungi,14299044.376009459,6719125.419355016,-3.2432236912215195,4.650864354074735,0.524704834265421,22.8700008392334,0.874508057109035
2021-12-22,NEUTRAL,longbyungi,14414491.793847281,6076607.199164754,-2.4620302289576013,0.8073785548320833,0.5711565858768506,21.010000228881836,0.9519276431280844
2021-12-23,NEUTRAL,longbyungi,14536933.80152356,5155387.775887568,-1.6335067531225156,0.8494368683087616,0.6441224122688697,18.6299991607666,1.0735373537814494
2021-12-27,BULL,longbyungi,15163028.769644182,4853253.744893476,0.0,4.306925907958692,0.6681514817210997,17.959999084472656,1.1135858028684995
2021-12-28,BULL,longbyungi,15306686.963523675,15306686.963523675,0.0,0.9474241331460798,0.6787330199585475,17.68000030517578,1.1312216999309126
2021-12-29,BULL,longbyungi,15228067.699950589,4834609.769976864,-0.51362691195318,-0.51362691195318,0.6841504774025958,17.540000915527344,1.140250795670993
2021-12-30,BULL,longbyungi,15146103.91541322,15146103.91541322,-1.04910388834063,-0.5382415297354837,0.7079645699035928,16.950000762939453,1.1799409498393214
2021-12-31,BULL,longbyungi,14878644.68197796,4658322.739122806,-2.796439768878489,-1.765861603280594,0.6924408570588024,17.329999923706055,1.154068095098004
2022-01-03,BULL,longbyungi,15317902.226782976,4554954.1020799745,0.0,2.9522685311322405,0.6968641392856347,17.219999313354492,1.1614402321427246
2022-01-04,BULL,longbyungi,14478614.209260693,14478614.209260693,-5.479131574915064,-5.479131574915064,0.7228915496529372,16.600000381469727,1.2048192494215622
2022-01-05,BULL,longbyungi,13645309.21959531,13645309.21959531,-10.919204094821666,-5.755419528565042,0.7096392731095422,16.90999984741211,1.182732121849237
2022-01-06,NEUTRAL,longbyungi,13700548.828923985,5346083.95683669,-10.558582852363996,0.4048248994559245,0.6082108605381064,19.729999542236328,1.0136847675635106
2022-01-07,NEUTRAL,longbyungi,13634862.175215183,13634862.175215183,-10.987405629375536,-0.4794454187859065,0.6119326683582834,19.610000610351562,1.0198877805971391
2022-01-10,BEAR,yangbyungi,13465664.910110958,5703251.432485332,-12.091977669327502,-1.2409165778865305,0.6396588408098993,18.760000228881836,1.0660980680164989
2022-01-11,BEAR,yangbyungi,13692014.082375785,8440184.547437133,-10.614300315642211,1.6809357263514624,0.6185567131938484,19.399999618530273,1.0309278553230807
2022-01-12,NEUTRAL,longbyungi,13631770.928079383,4814810.83836114,-11.007586246081614,-0.4399875280142074,0.6518196686289944,18.40999984741211,1.0863661143816574
2022-01-13,NEUTRAL,longbyungi,13248061.086593904,13248061.086593904,-13.512562683485507,-2.8148201984167454,0.6810442354395535,17.6200008392334,1.1350737257325891
2022-01-14,BEAR,yangbyungi,13624767.522374246,8551554.817185678,-11.053306643048844,2.8434835355759525,0.5908419653148032,20.309999465942383,0.9847366088580053
2022-01-18,NEUTRAL,longbyungi,13339811.100131938,13339811.100131938,-12.913590238174999,-2.091458968194204,0.6253256730609724,19.190000534057617,1.0422094551016208
2022-01-19,BEAR,yangbyungi,13473545.73937643,10530197.642108448,-12.04052918017543,1.0025227361965205,0.5265467098697714,22.790000915527344,0.8775778497829523
2022-01-20,BEAR,yangbyungi,13030996.165111404,7533103.742192348,-14.929629578604908,-3.284581377652318,0.5031446460404843,23.850000381469727,0.8385744100674738
2022-01-21,BEAR,yangbyungi,12834365.471977541,10221581.593545133,-16.21329551551146,-1.5089459826587381,0.4689331742261225,25.59000015258789,0.7815552903768709
2022-01-24,BEAR,yangbyungi,12670291.373598907,12670291.373598907,-17.284421939675177,-1.2783966510605649,0.4159445352280676,28.850000381469727,0.6932408920467794
2022-01-25,BEAR,yangbyungi,12670291.373598907,12670291.373598907,-17.284421939675177,0.0,0.4013377977624823,29.899999618530273,0.6688963296041371
2022-01-26,BEAR,yangbyungi,12540641.581255298,10807718.98825556,-18.130815854612948,-1.0232581755283077,0.385109116134884,31.15999984741211,0.6418485268914734
2022-01-27,BEAR,yangbyungi,12798660.38765854,10700654.699943596,-16.446389341221956,2.057460973838099,0.3754693474265474,31.959999084472656,0.6257822457109123
2022-01-28,BEAR,yangbyungi,12676928.347771121,8720423.517115002,-17.241093721006894,-0.9511311043521542,0.3935716657947329,30.489999771118164,0.6559527763245548
2022-01-31,BEAR,yangbyungi,13033890.341243483,9936054.052007917,-14.910735502319328,2.8158397971471016,0.4338394817859238,27.65999984741211,0.7230658029765397
2022-02-01,NEUTRAL,longbyungi,13122211.268619904,13122211.268619904,-14.334149191290436,0.6776252144530037,0.48328634864566333,24.829999923706055,0.8054772477427723
2022-02-02,NEUTRAL,longbyungi,13136937.680508476,5951603.7190604275,-14.238010623028641,0.112225078434669,0.5464481102134875,21.959999084472656,0.9107468503558126
2022-02-03,NEUTRAL,longbyungi,12583732.012869226,12583732.012869226,-17.849508199191398,-4.211070198346545,0.543232228026679,22.09000015258789,0.9053870467111318
2022-02-04,NEUTRAL,longbyungi,12687093.021457218,6382303.602652654,-17.17473558961522,0.8213859646906574,0.4928131339633145,24.350000381469727,0.8213552232721909
2022-02-07,NEUTRAL,longbyungi,12571203.044119108,6140473.724219062,-17.931301179487434,-0.9134478413779124,0.5167958809153992,23.219999313354492,0.861326468192332
2022-02-08,NEUTRAL,longbyungi,12946069.184362862,5923141.6524194265,-15.484059157088891,2.981943247023744,0.5249343691865918,22.860000610351562,0.8748906153109862
2022-02-09,NEUTRAL,longbyungi,13489556.449668206,5818835.518092634,-11.936006315002789,4.198087138000184,0.5597014785954832,21.440000534057617,0.9328357976591388
2022-02-10,NEUTRAL,longbyungi,12966282.58962771,12966282.58962771,-15.352099800216223,-3.8791035271835583,0.6012024323856345,19.959999084472656,1.0020040539760575
2022-02-11,NEUTRAL,longbyungi,12336842.330095354,12336842.330095354,-19.461280353881037,-4.8544388507764875,0.5018820609193276,23.90999984741211,0.8364701015322128
2022-02-14,BEAR,yangbyungi,12283312.823680257,10293951.436941497,-19.81073751598188,-0.4338995748086494,0.43859648144378477,27.360000610351562,0.7309941357396413
2022-02-15,BEAR,yangbyungi,12610131.464332968,9771916.208591407,-17.677164420827395,2.660671802013015,0.4235792457577315,28.329999923706055,0.7059654095962191
2022-02-16,BEAR,yangbyungi,12574822.827743223,9572627.63678127,-17.907670113232253,-0.2800021291579191,0.4669260561775755,25.700000762939453,0.7782100936292925
2022-02-17,BEAR,yangbyungi,12460568.620949518,9984461.890687428,-18.653556887427314,-0.9085949627984591,0.4940304465912564,24.290000915527344,0.823384077652094
2022-02-18,BEAR,yangbyungi,12389047.056752287,10838220.351137826,-19.12047176348768,-0.5739831493482894,0.42689433438080315,28.110000610351562,0.7114905573013386
2022-02-22,BEAR,yangbyungi,12430007.15760857,10423461.653513048,-18.853071565667733,0.3306154272290085,0.4324324324324324,27.75,0.7207207207207207
2022-02-23,BEAR,yangbyungi,12297876.364337185,8390540.495671598,-19.71566222145843,-1.062998529252701,0.416522048679166,28.809999465942383,0.6942034144652767
2022-02-24,BEAR,yangbyungi,12336091.213383965,12336091.213383965,-19.46618387591864,0.31074348053783396,0.3868471896491105,31.020000457763672,0.6447453160818509
2022-02-25,BEAR,yangbyungi,12404907.727903126,9894912.188803077,-19.016928400199284,0.5578469981196266,0.3957783680996693,30.31999969482422,0.6596306134994488
2022-02-28,NEUTRAL,longbyungi,12330521.611211328,6954719.149808795,-19.502543960283848,-0.5996507053774858,0.43494019331762934,27.59000015258789,0.7249003221960489
2022-03-01,BEAR,yangbyungi,12364102.254379135,10338284.239235526,-19.283319143003762,0.27233757197484554,0.3980099552845356,30.149999618530273,0.663349925474226
2022-03-02,BEAR,yangbyungi,12439206.747852758,10101025.725603696,-18.793013797260627,0.6074399251027041,0.36014406092158596,33.31999969482422,0.6002401015359766
2022-03-03,BEAR,yangbyungi,12510347.482507788,10521211.53108232,-18.328585094153738,0.571907325740928,0.3903708552162914,30.739999771118164,0.6506180920271524
2022-03-04,BEAR,yangbyungi,12369427.770475091,9178830.44288102,-19.248552527986174,-1.1264252430216892,0.39370079331436747,30.479999542236328,0.6561679888572791
2022-03-07,BEAR,yangbyungi,12152909.733144296,8670427.068567798,-20.662049194339204,-1.7504288908789079,0.37523452694711495,31.979999542236328,0.6253908782451916
2022-03-08,BEAR,yangbyungi,12189229.58104391,10126398.192602888,-20.424942001971125,0.29885721771272244,0.32921810010498004,36.45000076293945,0.5486968335083001
2022-03-09,BEAR,yangbyungi,12399665.016960235,10268275.88354638,-19.051154437585282,1.7264047290042273,0.34158837560900235,35.130001068115234,0.5693139593483373
2022-03-10,BEAR,yangbyungi,12284455.025511673,12284455.025511673,-19.8032808694091,-0.9291379347020956,0.3697996831391443,32.45000076293945,0.6163328052319071
2022-03-11,BEAR,yangbyungi,12380254.96094534,10333896.473895699,-19.17786928226525,0.7798468490031851,0.3969566715750031,30.229999542236328,0.6615944526250052
2022-03-14,BEAR,yangbyungi,12230848.1396569,8594140.606028628,-20.1532431884076,-1.2068153827183514,0.39024390243902435,30.75,0.6504065040650406
2022-03-15,BEAR,yangbyungi,12408955.46627336,9896725.641259821,-18.99050351309459,1.4562140301535687,0.3777148198645224,31.770000457763672,0.629524699774204
2022-03-16,BEAR,yangbyungi,12734113.354973292,10008680.49142234,-16.86777231997206,2.620348582793186,0.4022795853399764,29.829999923706055,0.6704659755666273
2022-03-17,BEAR,yangbyungi,12743717.556541149,9806453.638744269,-16.805073123791903,0.07542104660240856,0.4499437557432327,26.670000076293945,0.7499062595720545
2022-03-18,BEAR,yangbyungi,12872371.441365026,9742448.142302187,-15.965180800945443,1.0095475221658656,0.46747175552531106,25.670000076293945,0.7791195925421851
2022-03-21,NEUTRAL,longbyungi,12780680.429093588,6381151.005767767,-16.56376806775224,-0.7123086269620105,0.5027230656932556,23.8700008392334,0.8378717761554262
2022-03-22,NEUTRAL,longbyungi,12771264.152478138,6243160.696442707,-16.625240431761622,-0.0736758630942358,0.5099872354364452,23.530000686645508,0.8499787257274087
2022-03-23,NEUTRAL,longbyungi,12178624.232817955,6003066.814033285,-20.4941769929571,-4.640417053351653,0.5231037367320167,22.940000534057617,0.8718395612200279
2022-03-24,NEUTRAL,longbyungi,12964693.553768884,6068930.299103734,-15.362473517421748,6.454500162938714,0.5091217715473751,23.56999969482422,0.848536285912292
2022-03-25,NEUTRAL,longbyungi,12955559.396099292,12955559.396099292,-15.422104121758828,-0.07045409620913823,0.5537609579026945,21.670000076293945,0.9229349298378243
2022-03-28,NEUTRAL,longbyungi,13108433.118208919,5484789.730409099,-14.42409721554988,1.1799854983927105,0.5766458581433018,20.809999465942383,0.9610764302388365
2022-03-29,NEUTRAL,longbyungi,13487026.003062932,5240263.389655687,-11.952525852520468,2.8881627685013678,0.6113092467157991,19.6299991607666,1.018848744526332
2022-03-30,BULL,longbyungi,13322742.388866091,13322742.388866091,-13.025020060699932,-1.218086286476583,0.6349206477356087,18.899999618530273,1.058201079559348
2022-03-31,NEUTRAL,longbyungi,13322742.388866091,13322742.388866091,-13.025020060699932,0.0,0.6207966915345592,19.329999923706055,1.0346611525575986
2022-04-01,NEUTRAL,longbyungi,13322742.388866091,13322742.388866091,-13.025020060699932,0.0,0.5836576027094742,20.559999465942383,0.972762671182457
2022-04-04,BEAR,yangbyungi,13427907.36371968,8436153.020510266,-12.33847060179485,0.7893643199276656,0.6113092467157991,19.6299991607666,1.018848744526332
2022-04-05,NEUTRAL,longbyungi,13309357.279444702,13309357.279444702,-13.112402191903161,-0.8828634355587117,0.6462035647391319,18.56999969482422,1.0770059412318864
2022-04-06,BEAR,yangbyungi,13309357.279444702,13309357.279444702,-13.112402191903161,0.0,0.5706133907841596,21.030000686645508,0.9510223179735995
2022-04-07,BEAR,yangbyungi,13277420.638218109,10048627.048165366,-13.320894456403664,-0.23995629958718512,0.542986415966838,22.100000381469727,0.90497735994473
2022-04-08,BEAR,yangbyungi,13205947.425330158,13205947.425330158,-13.787493680173235,-0.5383064590287923,0.5568445672778974,21.549999237060547,0.9280742787964957
2022-04-11,BEAR,yangbyungi,13071730.676774358,10363369.633243766,-14.663702096761277,-1.0163356269188295,0.5671077545620876,21.15999984741211,0.9451795909368128
2022-04-12,BEAR,yangbyungi,12970477.479442094,10720416.8220184,-15.324714263004424,-0.774596722009957,0.49240868226320017,24.3700008392334,0.8206811371053336
2022-04-13,BEAR,yangbyungi,13112841.739561718,9795348.869253863,-14.395316372797861,1.0976023075886632,0.4946413803291662,24.260000228881836,0.8244023005486104
2022-04-14,BEAR,yangbyungi,13288830.364645597,10274022.818594467,-13.246408235911034,1.3421089690491605,0.5499541781774837,21.81999969482422,0.916590296962473
2022-04-18,BEAR,yangbyungi,13510396.947588325,9806107.679690503,-11.799953103462645,1.667314405127751,0.5286343434662556,22.700000762939453,0.8810572391104261
2022-04-19,BEAR,yangbyungi,13687527.10010539,9821684.836640593,-10.643592722683104,1.3110654942576128,0.541271987311873,22.170000076293945,0.9021199788531217
2022-04-20,NEUTRAL,longbyungi,13339982.510980867,6077821.435527768,-12.912471215175703,-2.5391335234094092,0.5615348399036597,21.3700008392334,0.9358913998394328
2022-04-21,NEUTRAL,longbyungi,12951542.101914737,12951542.101914737,-15.448330259810096,-2.911850961921303,0.5905511899715512,20.31999969482422,0.9842519832859187
2022-04-22,BEAR,yangbyungi,12684142.964147117,10314438.476475045,-17.193994475501974,-2.06461235012384,0.5291005219810994,22.68000030517578,0.8818342033018324
2022-04-25,BEAR,yangbyungi,12782951.602300381,9942064.853026927,-16.548941147112796,0.7789934127402587,0.42538108434767863,28.209999084472656,0.7089684739127977
2022-04-26,BEAR,yangbyungi,12734702.826865178,10422828.675398331,-16.863924065275317,-0.3774462810805068,0.4441154624981523,27.020000457763672,0.7401924374969205
2022-04-27,BEAR,yangbyungi,12821465.920589095,11100975.447913948,-16.2975077738055,0.6813122764112167,0.3579952218413721,33.52000045776367,0.5966587030689535
2022-04-28,BEAR,yangbyungi,13127288.581486689,10465132.873941448,-14.301002923664397,2.385239431994246,0.3797468308588,31.600000381469727,0.6329113847646667
2022-04-29,BEAR,yangbyungi,12991927.492841711,12991927.492841711,-15.184681946032763,-1.0311427817308427,0.4001333808463909,29.989999771118164,0.6668889680773181
2022-05-02,BEAR,yangbyungi,13173113.670133397,10658048.409134123,-14.001842581939638,1.3946058226657732,0.3592814207119778,33.400001525878906,0.5988023678532963
2022-05-03,BEAR,yangbyungi,13192447.23454603,10713179.804269915,-13.875627098080312,0.14676533503590328,0.3710575121639183,32.34000015258789,0.6184291869398638
2022-05-04,BEAR,yangbyungi,13124932.892771034,8818645.097105328,-14.316381587666683,-0.5117651075245644,0.41025641025641024,29.25,0.6837606837606838
2022-05-05,BEAR,yangbyungi,13038540.905136496,13038540.905136496,-14.880375183888251,-0.6582280331667079,0.47206923540456236,25.420000076293945,0.786782059007604
2022-05-06,BEAR,yangbyungi,13010543.099410508,11150587.556116072,-15.063153512875328,-0.21473112620261636,0.38461537521031264,31.200000762939453,0.6410256253505211
2022-05-09,BEAR,yangbyungi,12887193.090671528,12887193.090671528,-15.868420493384615,-0.9480773231101192,0.39748260310438516,30.190000534057617,0.6624710051739753
2022-05-10,BEAR,yangbyungi,12815227.98503639,11200013.50341875,-16.338230945035814,-0.558423429592525,0.3453237410071942,34.75,0.5755395683453237
2022-05-11,BEAR,yangbyungi,12575054.391615978,9585730.097479118,-17.906158392702075,-1.8741265758272063,0.36374657136900446,32.9900016784668,0.6062442856150074
2022-05-12,BEAR,yangbyungi,12638101.096249606,10248312.371538837,-17.49457001917536,0.5013632758174236,0.3685503530059309,32.560001373291016,0.6142505883432182
2022-05-13,BEAR,yangbyungi,12962830.081785621,10365404.407541033,-15.374638838466858,2.569444436810042,0.3777148198645224,31.770000457763672,0.629524699774204
2022-05-16,BEAR,yangbyungi,12786450.373187523,10853289.685559442,-16.52610008940566,-1.3606574142010275,0.41565637863412835,28.8700008392334,0.6927606310568806
2022-05-17,BEAR,yangbyungi,13076044.440292006,10113147.614690801,-14.635540515274581,2.2648511404834037,0.4368402002167587,27.469999313354492,0.7280670003612645
2022-05-18,BEAR,yangbyungi,12646866.788344704,8231783.301243439,-17.43734487198928,-3.2821672785452782,0.4597701082226675,26.100000381469727,0.7662835137044459
2022-05-19,BEAR,yangbyungi,12629732.191236947,10819975.759629574,-17.54920481765336,-0.13548491807906515,0.3875969106865494,30.959999084472656,0.645994851144249
2022-05-20,BEAR,yangbyungi,12719001.929742407,12719001.929742407,-16.96642437432755,0.7068221016388598,0.40885859775239597,29.350000381469727,0.6814309962539933
2022-05-23,BEAR,yangbyungi,12768164.427599123,10125933.265552374,-16.64547639379561,0.3865279534375432,0.4077471925098685,29.43000030517578,0.6795786541831143
2022-05-24,BEAR,yangbyungi,12587841.118032776,11032387.183091348,-17.82268269069348,-1.4122884349497267,0.42134832137914163,28.479999542236328,0.7022472022985694
2022-05-25,BEAR,yangbyungi,12774782.18259964,10047007.137402456,-16.602273643820187,1.4850923427930818,0.4074702780687555,29.450000762939453,0.6791171301145925
2022-05-26,BEAR,yangbyungi,13047114.652515177,10009466.917045243,-14.824403111134776,2.13179736470559,0.42298201075147585,28.3700008392334,0.7049700179191264
2022-05-27,BEAR,yangbyungi,13341556.830096144,10310043.314711591,-12.902193573420517,2.256760865699947,0.43636363636363634,27.5,0.7272727272727273
2022-05-31,BEAR,yangbyungi,13241331.07535792,10972008.591493288,-13.556498276860795,-0.7512298303308462,0.4665629984589186,25.719999313354492,0.777604997431531
2022-06-01,BEAR,yangbyungi,13299092.439012088,10848692.49416734,-13.179414242774367,0.43622022080289646,0.45819013956854016,26.190000534057617,0.7636502326142336
2022-06-02,BEAR,yangbyungi,13646050.733134316,10215194.589844752,-10.914363265261407,2.608887002728455,0.467107814345563,25.690000534057617,0.7785130239092717
2022-06-03,BEAR,yangbyungi,13427253.16240533,13427253.16240533,-12.342741430167193,-1.6033765007022693,0.48543690668782646,24.719999313354492,0.8090615111463775
2022-06-06,BEAR,yangbyungi,13427253.16240533,13427253.16240533,-12.342741430167193,0.0,0.4840661378307468,24.790000915527344,0.8067768963845781
2022-06-07,BEAR,yangbyungi,13594193.416577315,10213710.284259044,-11.252903855149288,1.2432941581782098,0.478659758519161,25.06999969482422,0.7977662641986016
2022-06-08,BEAR,yangbyungi,13504672.716688273,11495976.202645807,-11.837322651951098,-0.6585215992283566,0.49958367074557636,24.020000457763672,0.8326394512426273
2022-06-09,BEAR,yangbyungi,13306181.379283614,10945836.426934093,-13.133135449721811,-1.4697974661716517,0.5008347436781262,23.959999084472656,0.834724572796877
2022-06-10,BEAR,yangbyungi,13180052.322718237,13180052.322718237,-13.956544913354785,-0.9478982209106812,0.4599463369037087,26.09000015258789,0.7665772281728478
2022-06-13,BEAR,yangbyungi,13180052.322718237,13180052.322718237,-13.956544913354785,0.0,0.4324324324324324,27.75,0.7207207207207207
2022-06-14,BEAR,yangbyungi,13180052.322718237,13180052.322718237,-13.956544913354785,0.0,0.35273368132073296,34.02000045776367,0.5878894688678883
2022-06-15,BEAR,yangbyungi,13180145.734116958,10760954.21141707,-13.955935094873517,0.000708733140308837,0.36708475081413855,32.689998626708984,0.6118079180235643
2022-06-16,BEAR,yangbyungi,12964171.127295421,12964171.127295421,-15.36588407890549,-1.638635954248091,0.4051316563133012,29.6200008392334,0.6752194271888354
2022-06-17,BEAR,yangbyungi,12816020.185920767,9739536.414121285,-16.33305921281916,-1.142772182810281,0.3641881554520937,32.95000076293945,0.6069802590868228
2022-06-21,BEAR,yangbyungi,12844664.047491202,10365011.788556209,-16.146063231604767,0.22350044050258866,0.3854802545296468,31.1299991607666,0.6424670908827447
2022-06-22,BEAR,yangbyungi,12715331.45714378,12715331.45714378,-16.990386353874655,-1.0068974156835497,0.39748260310438516,30.190000534057617,0.6624710051739753
2022-06-23,BEAR,yangbyungi,12672149.11564621,11123025.678641424,-17.272294025422962,-0.33960846119595045,0.4145077610969145,28.950000762939453,0.6908462684948575
2022-06-24,BEAR,yangbyungi,12758425.463307261,9993149.879661456,-16.70905536268884,0.6808343783970106,0.41308090585733975,29.049999237060547,0.6884681764288996
2022-06-27,BEAR,yangbyungi,12779174.883460501,11129037.701396776,-16.573596734960038,0.16263307892430134,0.4406904223919231,27.229999542236328,0.7344840373198718
2022-06-28,BEAR,yangbyungi,12531316.971459212,8281508.158681529,-18.19168978929431,-1.939545504789053,0.4452690040922712,26.950000762939453,0.7421150068204521
2022-06-29,BEAR,yangbyungi,12483453.794332262,10937286.214223856,-18.504155402524702,-0.381948499395246,0.423131161556461,28.360000610351562,0.7052186025941017
2022-06-30,BEAR,yangbyungi,12518088.808396956,10533887.077151202,-18.27804732615811,0.2774473686153911,0.42613636594542786,28.15999984741211,0.7102272765757132
2022-07-01,BEAR,yangbyungi,12424086.8869018,12424086.8869018,-18.891720922603948,-0.7509286995320053,0.41797284509458615,28.709999084472656,0.696621408490977
2022-07-05,BEAR,yangbyungi,12424086.8869018,12424086.8869018,-18.891720922603948,0.0,0.44943818940471436,26.700000762939453,0.7490636490078573
2022-07-06,BEAR,yangbyungi,12419246.378892623,10392366.647436306,-18.92332125493088,-0.038960674158516895,0.43572983300934726,27.540000915527344,0.7262163883489121
2022-07-07,BEAR,yangbyungi,12682780.30097852,9736724.612609368,-17.202890361821275,2.1219799820848317,0.44893378995531535,26.729999542236328,0.7482229832588589
2022-07-08,BEAR,yangbyungi,12679563.971663091,9667157.237836868,-17.223887553654805,-0.025359812589209607,0.4601227007325374,26.079999923706055,0.7668711678875624
2022-07-11,BEAR,yangbyungi,12408814.501238134,10213263.900460996,-18.99142377641224,-2.1353216169739064,0.48701299907666984,24.639999389648438,0.8116883317944498
2022-07-12,BEAR,yangbyungi,12362877.467783451,10288603.029320491,-19.29131492844194,-0.37019679398140326,0.4585403119990887,26.170000076293945,0.7642338533318145
2022-07-13,BEAR,yangbyungi,12234878.451934382,12234878.451934382,-20.126932064222224,-1.0353497086954322,0.4397214949587009,27.290000915527344,0.7328691582645015
2022-07-14,BEAR,yangbyungi,12376263.222321197,9497769.147426337,-19.203928585719755,1.1555878625378657,0.4474272981560021,26.81999969482422,0.7457121635933368
2022-07-15,BEAR,yangbyungi,12536733.552402921,9668994.010002567,-18.156328674805412,1.2965975852251344,0.4545454611134595,26.399999618530273,0.7575757685224326
2022-07-18,BEAR,yangbyungi,12448129.700594598,7750234.686622898,-18.734762003968473,-0.7067538879881541,0.49525382693806064,24.229999542236328,0.8254230448967678
2022-07-19,BEAR,yangbyungi,12624561.241555607,9475790.04026381,-17.582962375344902,1.417333729681336,0.4743083146983607,25.299999237060547,0.7905138578306012
2022-07-20,BEAR,yangbyungi,12798683.655181494,9513992.690340914,-16.446237443640875,1.3792353674259683,0.4897959183673469,24.5,0.8163265306122449
2022-07-21,NEUTRAL,longbyungi,12951859.627268434,6394502.262696202,-15.44625735616444,1.1968103612352898,0.5025125804742605,23.8799991607666,0.8375209674571008
2022-07-22,NEUTRAL,longbyungi,12857100.345510304,12857100.345510304,-16.0648752344823,-0.731626843442823,0.51925571973481,23.110000610351562,0.8654261995580167
2022-07-25,NEUTRAL,longbyungi,12857100.345510304,12857100.345510304,-16.0648752344823,0.0,0.5210594720893119,23.030000686645508,0.8684324534821866
2022-07-26,NEUTRAL,longbyungi,12561954.432680942,6252425.683055246,-17.991678973399672,-2.295586912273162,0.5136986167150362,23.360000610351562,0.8561643611917271
2022-07-27,BEAR,yangbyungi,13100323.101108301,9763677.175243344,-14.477041913724264,4.285707859493182,0.48602672095721855,24.690000534057617,0.8100445349286977
2022-07-28,NEUTRAL,longbyungi,13195176.516154323,6345776.419252801,-13.857809504209516,0.7240540123624628,0.5163511238461013,23.239999771118164,0.8605852064101688
2022-07-29,NEUTRAL,longbyungi,13261669.164811669,5970725.540422267,-13.42372494306716,0.503916325605358,0.5373936426780063,22.329999923706055,0.8956560711300106
2022-08-01,NEUTRAL,longbyungi,13210369.507436987,5730615.419394624,-13.75862496145862,-0.3868265505431179,0.5625879063723418,21.329999923706055,0.9376465106205697
2022-08-02,NEUTRAL,longbyungi,13050235.22179276,6163894.01850399,-14.804031070424617,-1.212186271959137,0.5253940420241344,22.84000015258789,0.8756567367068908
2022-08-03,NEUTRAL,longbyungi,13469582.743641827,6513444.675987894,-12.066400841163528,3.213333052792744,0.5014625928527272,23.93000030517578,0.8357709880878786
2022-08-04,NEUTRAL,longbyungi,13525251.370196786,6091426.502440058,-11.702978841657474,0.41329139598802467,0.5466970197222448,21.950000762939453,0.9111616995370748
2022-08-05,NEUTRAL,longbyungi,13145370.808022909,13145370.808022909,-14.18295656020998,-2.808676539727406,0.5597014785954832,21.440000534057617,0.9328357976591388
2022-08-08,NEUTRAL,longbyungi,12989797.792823657,5687004.257601351,-15.198585285971367,-1.1834813750883466,0.5673758967582377,21.149999618530273,0.9456264945970629
2022-08-09,NEUTRAL,longbyungi,12518229.518167796,12518229.518167796,-18.277128729285273,-3.630297270034366,0.5636448794724143,21.290000915527344,0.9394081324540239
2022-08-10,BEAR,yangbyungi,12630868.911796391,8378071.014006383,-17.54178395451809,0.8998029111474626,0.5512172598839119,21.770000457763672,0.9186954331398532
2022-08-11,BEAR,yangbyungi,12518960.79358251,9202154.445578646,-18.272354737364658,-0.8859890716573449,0.6079027426108357,19.739999771118164,1.0131712376847262
2022-08-12,BEAR,yangbyungi,12820020.44715444,8104542.167763438,-16.30694427113558,2.4048294306206364,0.5940593835033989,20.200000762939453,0.9900989725056649
2022-08-15,NEUTRAL,longbyungi,12811147.149229713,4911074.938049916,-16.364871902434942,-0.06921438199964935,0.6144393025139792,19.530000686645508,1.0240655041899653
2022-08-16,NEUTRAL,longbyungi,12695709.11231552,12695709.11231552,-17.11848708553979,-0.9010749433249088,0.6015037363954421,19.950000762939453,1.0025062273257368
2022-08-17,NEUTRAL,longbyungi,12695709.11231552,12695709.11231552,-17.11848708553979,0.0,0.6094464029720926,19.690000534057617,1.0157440049534878
2022-08-18,NEUTRAL,longbyungi,13023288.646910693,5040004.978234837,-14.979946639561437,2.5802381867540136,0.6030150869362814,19.899999618530273,1.0050251448938023
2022-08-19,NEUTRAL,longbyungi,12237650.465034056,4908427.405840454,-20.10883550596879,-6.03256368784394,0.6134969492659876,19.559999465942383,1.0224949154433127
2022-08-22,BEAR,yangbyungi,11822678.984136634,11822678.984136634,-22.817897587406133,-3.3909407862489416,0.5825242610575063,20.600000381469727,0.9708737684291772
2022-08-23,BEAR,yangbyungi,11817603.840575544,9138384.319091639,-22.85102969313413,-0.04292718738196921,0.5042016968350994,23.799999237060547,0.8403361613918324
2022-08-24,BEAR,yangbyungi,11779368.611286756,9152959.48334942,-23.100641087192606,-0.3235446864237268,0.4977187762843868,24.110000610351562,0.8295312938073114
2022-08-25,BEAR,yangbyungi,12116525.561676422,8066458.799780535,-20.899576310841216,2.8622667437931293,0.5258545206169177,22.81999969482422,0.8764242010281963
2022-08-26,BEAR,yangbyungi,12362628.784088155,9432103.258420344,-19.292938412464842,2.031136906029718,0.5509641699578939,21.780000686645508,0.9182736165964898
2022-08-29,BEAR,yangbyungi,12326310.150603056,10228153.296287695,-19.530037676759648,-0.2937775947122523,0.4694835778846354,25.559999465942383,0.7824726298077257
2022-08-30,BEAR,yangbyungi,12408424.9808171,10118662.711739514,-18.9939666861088,0.6661752723301939,0.4578405348785017,26.209999084472656,0.7630675581308362
2022-08-31,BEAR,yangbyungi,12338626.607058993,10660802.347768376,-19.449632042400644,-0.5625079239791719,0.4578405348785017,26.209999084472656,0.7630675581308362
2022-09-01,BEAR,yangbyungi,12456371.037645243,12456371.037645243,-18.6809600085736,0.954275012414163,0.4638577352421761,25.8700008392334,0.7730962254036269
2022-09-02,BEAR,yangbyungi,12255486.100730427,7861186.334786046,-19.992398963730096,-1.61270835870021,0.4694835778846354,25.559999465942383,0.7824726298077257
2022-09-06,BEAR,yangbyungi,12191032.991823297,10496801.74736633,-20.413168779027878,-0.5259123006413291,0.4711425333140127,25.469999313354492,0.7852375555233545
2022-09-07,BEAR,yangbyungi,12263002.456262365,9466381.256201122,-19.943329871757463,0.5903475487871956,0.44593088324205327,26.90999984741211,0.7432181387367555
2022-09-08,BEAR,yangbyungi,12372397.292942889,9218129.273761973,-19.22916656753393,0.8920722071996234,0.48701299907666984,24.639999389648438,0.8116883317944498
2022-09-09,BEAR,yangbyungi,12546505.084090233,9331254.18464266,-18.09253709588917,1.4072276134120987,0.5082591990590091,23.610000610351562,0.8470986650983484
2022-09-12,BEAR,yangbyungi,12583243.968493469,12583243.968493469,-17.852694303714934,0.29282165955382133,0.5265467098697714,22.790000915527344,0.8775778497829523
2022-09-13,BEAR,yangbyungi,12583243.968493469,12583243.968493469,-17.852694303714934,0.0,0.5027230656932556,23.8700008392334,0.8378717761554262
2022-09-14,BEAR,yangbyungi,12579372.617615398,10505392.636529153,-17.87796767875516,-0.030765920836983707,0.44004399701370894,27.270000457763672,0.733406661689515
2022-09-15,BEAR,yangbyungi,12419787.797598153,10352026.940348854,-18.919786706286324,-1.2686230455863257,0.45871559900590386,26.15999984741211,0.7645259983431731
2022-09-16,BEAR,yangbyungi,12440419.84569965,9522891.36075342,-18.78509431958718,0.1661223882221785,0.45679481503220126,26.270000457763672,0.7613246917203355
2022-09-19,BEAR,yangbyungi,12440186.174800398,9518297.08146437,-18.78661979543754,-0.0018783200418481805,0.4562737774946489,26.299999237060547,0.7604562958244149
2022-09-20,BEAR,yangbyungi,12258781.872199396,10163624.127801282,-19.970883148965292,-1.4582121203978948,0.46583850517771846,25.760000228881836,0.7763975086295308
2022-09-21,BEAR,yangbyungi,12143201.357263744,10203612.896558134,-20.725428472629538,-0.9428384984789262,0.44182621750431994,27.15999984741211,0.7363770291738666
2022-09-22,BEAR,yangbyungi,12107949.156351434,10027006.625562828,-20.955565735489667,-0.2903040135394219,0.42872454798596865,27.989999771118164,0.7145409133099477
2022-09-23,BEAR,yangbyungi,12190806.269840948,12190806.269840948,-20.414648890201015,0.6843199655001131,0.43875684945621735,27.350000381469727,0.7312614157603623
2022-09-26,BEAR,yangbyungi,12064718.40368633,10325404.478583965,-21.23778945010195,-1.034286521856631,0.40106951769387783,29.920000076293945,0.668449196156463
2022-09-27,BEAR,yangbyungi,12065681.95785616,10435219.994827457,-21.23149907067816,0.007986545044724735,0.3719777006928772,32.2599983215332,0.6199628344881287
2022-09-28,BEAR,yangbyungi,12126468.313388951,9811353.720497238,-20.834666954681826,0.5037954402006495,0.36809817673844303,32.599998474121094,0.6134969612307384
2022-09-29,BEAR,yangbyungi,12017600.20541535,12017600.20541535,-21.54539161111193,-0.897772584400347,0.3976143100946899,30.18000030517578,0.6626905168244832
2022-09-30,BEAR,yangbyungi,11971746.975639613,10307315.921615807,-21.844735666824477,-0.38155063400323597,0.376884420304397,31.84000015258789,0.6281407005073284
2022-10-03,BEAR,yangbyungi,12128494.70412121,9733901.341511179,-20.82143804969041,1.309313743437368,0.37950663129365464,31.6200008392334,0.632511052156091
2022-10-04,BEAR,yangbyungi,12410403.158752076,9883014.978369974,-18.981052529159047,2.3243482518492176,0.3986710912929916,30.100000381469727,0.6644518188216527
2022-10-05,BEAR,yangbyungi,12463062.062352397,9754634.143220278,-18.637278931307975,0.4243125942543058,0.41279670195994345,29.06999969482422,0.6879945032665724
2022-10-06,BEAR,yangbyungi,12365846.188101467,10454334.36214719,-19.271934204671393,-0.7800320159248253,0.4203152476593725,28.549999237060547,0.7005254127656209
2022-10-07,BEAR,yangbyungi,12191837.02467439,12191837.02467439,-20.407919804075636,-1.407175544480821,0.39318479095721776,30.520000457763672,0.6553079849286962
2022-10-10,BEAR,yangbyungi,12247300.70692496,10325739.557217069,-20.04583574433022,0.4549247347903407,0.3826530537770125,31.360000610351562,0.6377550896283541
2022-10-11,BEAR,yangbyungi,12292188.970187536,10959362.83712646,-19.752791288255224,0.3665155640148132,0.3697996831391443,32.45000076293945,0.6163328052319071
2022-10-12,BEAR,yangbyungi,12215060.121783849,10628259.13293292,-20.256312248643837,-0.627462273731294,0.3568242527169367,33.630001068115234,0.5947070878615611
2022-10-13,BEAR,yangbyungi,12014990.041319814,12014990.041319814,-21.562431569044104,-1.6378968131907756,0.35746202291000156,33.56999969482422,0.595770038183336
2022-10-14,BEAR,yangbyungi,12207062.85875123,10209356.00143182,-20.308520853413725,1.5986098762535317,0.37570443955391924,31.940000534057617,0.6261740659231988
2022-10-17,BEAR,yangbyungi,11967688.92916405,10332576.74124009,-21.871227848426656,-1.9609461535259665,0.37476576603516076,32.02000045776367,0.6246096100586013
2022-10-18,BEAR,yangbyungi,11906172.097613625,10330361.513306865,-22.272828737632388,-0.5140243192694793,0.3825310704165492,31.3700008392334,0.6375517840275821
2022-10-19,BEAR,yangbyungi,11935599.405148327,9540680.17358341,-22.08071817902568,0.24716010564469482,0.3934426229508196,30.5,0.6557377049180327
2022-10-20,BEAR,yangbyungi,11937695.250780787,10213231.159378616,-22.06703585097951,0.01755961775624648,0.3901170322077145,30.760000228881836,0.6501950536795241
2022-10-21,BEAR,yangbyungi,12173379.258947887,9538442.112702882,-20.52841780343112,1.9742840072222823,0.4002668506747039,29.979999542236328,0.6671114177911732
2022-10-24,BEAR,yangbyungi,12031137.828151733,8823723.442432212,-21.457013825851533,-1.1684629860817086,0.4041764831305648,29.690000534057617,0.6736274718842747
2022-10-25,BEAR,yangbyungi,12128668.59909346,9621429.892009662,-20.820302809566304,0.8106529268870455,0.40201004511374666,29.850000381469727,0.6700167418562445
2022-10-26,BEAR,yangbyungi,11985862.153762337,11985862.153762337,-21.752587421498546,-1.1774288675163946,0.421644426775369,28.459999084472656,0.7027407112922817
2022-10-27,BEAR,yangbyungi,11784931.066716336,7843641.064307388,-23.064327658974914,-1.6764007834257355,0.43988268687523935,27.280000686645508,0.7331378114587322
2022-10-28,BEAR,yangbyungi,12019661.560362868,9200268.195176562,-21.531934448917,1.9917850373301738,0.43811611052956745,27.389999389648438,0.7301935175492791
2022-10-31,BEAR,yangbyungi,11957960.418075843,11957960.418075843,-21.934738575575686,-0.5133351049624979,0.4660194174757281,25.75,0.7766990291262136
2022-11-01,BEAR,yangbyungi,11957960.418075843,11957960.418075843,-21.934738575575686,0.0,0.46367853126485736,25.8799991607666,0.7727975521080956
2022-11-02,BEAR,yangbyungi,11723079.20595424,7561821.900104301,-23.468115722421025,-1.9642246997786716,0.4649360809106027,25.809999465942383,0.7748934681843378
2022-11-03,BEAR,yangbyungi,11749631.112249192,11749631.112249192,-23.294776671800065,0.22649259489320173,0.4640371120175647,25.860000610351562,0.7733951866959412
2022-11-04,BEAR,yangbyungi,11791050.715621253,8963157.246660022,-23.024376699539893,0.3525183299489365,0.4743083146983607,25.299999237060547,0.7905138578306012
2022-11-07,BEAR,yangbyungi,11929958.609662622,8974006.05345516,-22.117543035342123,1.1780790142589925,0.4887983858624673,24.549999237060547,0.8146639764374456
2022-11-08,BEAR,yangbyungi,12057855.732325103,9845841.02116336,-21.28259108977574,1.0720667761486613,0.4928131339633145,24.350000381469727,0.8213552232721909
2022-11-09,BEAR,yangbyungi,11962528.643577378,11962528.643577378,-21.90491578761228,-0.7905807704446932,0.46985119693963906,25.540000915527344,0.7830853282327318
2022-11-10,BEAR,yangbyungi,12240530.401043419,9211468.028717825,-20.09003439360546,2.3239380715322167,0.4599463369037087,26.09000015258789,0.7665772281728478
2022-11-11,BEAR,yangbyungi,12475241.404098615,9154685.808750797,-18.5577684241517,1.9174904629556622,0.5099872354364452,23.530000686645508,0.8499787257274087
2022-11-14,NEUTRAL,longbyungi,12201111.139090013,5799406.05737134,-20.347375518844412,-2.1973944722106897,0.532859669452762,22.520000457763672,0.8880994490879367
2022-11-15,NEUTRAL,longbyungi,12982055.567294609,12982055.567294609,-15.24912892709418,6.400600890377928,0.5056890110192186,23.729999542236328,0.8428150183653644
2022-11-16,NEUTRAL,longbyungi,12982055.567294609,12982055.567294609,-15.24912892709418,0.0,0.4889975367689235,24.540000915527344,0.8149958946148725
2022-11-17,NEUTRAL,longbyungi,12982055.567294609,12982055.567294609,-15.24912892709418,0.0,0.4977187762843868,24.110000610351562,0.8295312938073114
2022-11-18,NEUTRAL,longbyungi,12982055.567294609,12982055.567294609,-15.24912892709418,0.0,0.5014625928527272,23.93000030517578,0.8357709880878786
2022-11-21,BEAR,yangbyungi,12982055.567294609,12982055.567294609,-15.24912892709418,0.0,0.5190311230281898,23.1200008392334,0.8650518717136496
2022-11-22,BEAR,yangbyungi,13142334.43999769,9498498.712304749,-14.20277890912085,1.234618600053361,0.5366726150465577,22.360000610351562,0.8944543584109296
2022-11-23,NEUTRAL,longbyungi,13260949.633293286,5733373.701408729,-13.428422267202878,0.9025428004221236,0.5636448794724143,21.290000915527344,0.9394081324540239
2022-11-25,NEUTRAL,longbyungi,13147268.663436946,13147268.663436946,-14.170566773501992,-0.8572611539895303,0.589680578626767,20.350000381469727,0.9828009643779452
2022-11-28,NEUTRAL,longbyungi,12708372.311144799,5451306.518986049,-17.035817809800857,-3.3383082336541414,0.5853658536585366,20.5,0.975609756097561
2022-11-29,BEAR,yangbyungi,12652476.75457414,10152504.326777307,-17.400721278586072,-0.439832538755891,0.5402971857116996,22.209999084472656,0.9004953095194993
2022-11-30,NEUTRAL,longbyungi,13709006.545957463,5726068.689474315,-10.503368261565205,8.350379233072802,0.5481955383550481,21.889999389648438,0.9136592305917469
2022-12-01,NEUTRAL,longbyungi,13858052.055992931,13858052.055992931,-9.530353106951761,1.087208686755048,0.5830903811703725,20.579999923706055,0.9718173019506208
2022-12-02,NEUTRAL,longbyungi,13858052.055992931,13858052.055992931,-9.530353106951761,0.0,0.6048387050256521,19.84000015258789,1.0080645083760869
2022-12-05,NEUTRAL,longbyungi,13580903.019552363,5133150.202293275,-11.339667674556065,-1.9999133739775132,0.6295907836431139,19.059999465942383,1.0493179727385233
2022-12-06,NEUTRAL,longbyungi,13540202.836522551,13540202.836522551,-11.60537104847269,-0.2996868689159715,0.5783132530120482,20.75,0.963855421686747
2022-12-07,NEUTRAL,longbyungi,13609125.530980457,6211270.338592132,-11.155422397296444,0.5090226142846044,0.541271987311873,22.170000076293945,0.9021199788531217
2022-12-08,BEAR,yangbyungi,13885594.882042605,10092483.368763126,-9.350545025911028,2.0314997494349063,0.5291005219810994,22.68000030517578,0.8818342033018324
2022-12-09,NEUTRAL,longbyungi,13627102.71962379,6390663.349366927,-11.038061753670581,-1.8615850787430666,0.5383579859631468,22.290000915527344,0.8972633099385781
2022-12-12,BEAR,yangbyungi,13701784.778110081,9963327.582478251,-10.550514194085615,0.5480406218612011,0.5256241804687666,22.829999923706055,0.8760403007812777
2022-12-13,NEUTRAL,longbyungi,14199331.196503714,14199331.196503714,-7.302377399455306,3.631252617458358,0.48,25.0,0.8
2022-12-14,NEUTRAL,longbyungi,13800549.10362431,6643145.82519744,-9.905750152299643,-2.808456872796905,0.532150794057598,22.549999237060547,0.8869179900959967
2022-12-15,NEUTRAL,longbyungi,13370888.083228,13370888.083228,-12.710710087642873,-3.1133617740142894,0.5676442926425062,21.139999389648438,0.9460738210708437
2022-12-16,BEAR,yangbyungi,13287489.827191947,10713968.474440718,-13.255159678724826,-0.6237301181262978,0.5256241804687666,22.829999923706055,0.8760403007812777
2022-12-19,BEAR,yangbyungi,13230976.00171203,11158276.524225008,-13.624099398036416,-0.42531603948449126,0.5305039590974076,22.6200008392334,0.884173265162346
2022-12-20,BEAR,yangbyungi,13299299.363714267,9740814.549937079,-13.178063374364879,0.5163894333524377,0.5352363942535551,22.420000076293945,0.8920606570892584
2022-12-21,BEAR,yangbyungi,13489490.508444214,9636382.643553942,-11.936436799693295,1.4300839429847167,0.55865922978277,21.479999542236328,0.9310987163046167
2022-12-22,BEAR,yangbyungi,13278864.027057815,13278864.027057815,-13.311471567953681,-1.5614116875248163,0.597907333456245,20.06999969482422,0.996512222427075
2022-12-23,BEAR,yangbyungi,13289240.280792125,9652410.378790405,-13.243732176614797,0.07814112497248615,0.5461993798382044,21.969999313354492,0.9103322997303407
2022-12-27,BEAR,yangbyungi,13215483.044517353,13215483.044517353,-13.7252422109706,-0.5550146939654499,0.5749879979612299,20.8700008392334,0.9583133299353832
2022-12-28,BEAR,yangbyungi,13062461.58879004,10429801.161512548,-14.724213567895427,-1.157895290031008,0.5542725270872142,21.649999618530273,0.9237875451453571
2022-12-29,BEAR,yangbyungi,13276941.465918412,9611768.706590764,-13.324022641272604,1.6419560407544775,0.5420054349961094,22.139999389648438,0.9033423916601825
2022-12-30,BEAR,yangbyungi,13220986.826573387,9450047.523128707,-13.689311820669436,-0.42144223870128616,0.5597014785954832,21.440000534057617,0.9328357976591388
2023-01-03,BEAR,yangbyungi,13412597.836230023,13412597.836230023,-12.438415928922531,1.4492943088900923,0.5537609579026945,21.670000076293945,0.9229349298378243
2023-01-04,BEAR,yangbyungi,13424248.206244497,9898380.004005227,-12.36235871271898,0.08686139819240601,0.5240174759780263,22.899999618530273,0.8733624599633772
2023-01-05,BEAR,yangbyungi,13185393.290744897,10566191.653468126,-13.92167742335787,-1.7792796425537771,0.5452067185466645,22.010000228881836,0.9086778642444409
2023-01-06,BEAR,yangbyungi,13554727.157403674,9737548.841532847,-11.510551792767243,2.801083430086382,0.5342831918588989,22.459999084472656,0.8904719864314983
2023-01-09,NEUTRAL,longbyungi,13660826.651043314,5955480.111748693,-10.817901506397565,0.7827490174281193,0.5679129425750833,21.1299991607666,0.9465215709584721
2023-01-10,NEUTRAL,longbyungi,13816348.18392586,6150868.460992438,-9.80260887311113,1.1384489156859967,0.5461993798382044,21.969999313354492,0.9103322997303407
2023-01-11,NEUTRAL,longbyungi,13968458.297422122,5760119.963026222,-8.809587039936739,1.100942966052565,0.5830903811703725,20.579999923706055,0.9718173019506208
2023-01-12,NEUTRAL,longbyungi,14106129.146130092,6071701.56650532,-7.910829190005719,0.9855837042043403,0.5689900385575632,21.09000015258789,0.9483167309292722
2023-01-13,NEUTRAL,longbyungi,14086447.833204573,5011878.404328307,-8.039314883634885,-0.13952313013466666,0.63728093726079,18.829999923706055,1.0621348954346501
2023-01-17,NEUTRAL,longbyungi,14012677.030733585,4854973.5654805675,-8.520913482312453,-0.523700533622784,0.6539509400837883,18.350000381469727,1.0899182334729804
2023-01-18,NEUTRAL,longbyungi,13731868.634874007,5428049.96200336,-10.354117479192604,-2.0039596662628445,0.6198346912026305,19.360000610351562,1.0330578186710508
2023-01-19,NEUTRAL,longbyungi,13504772.811562475,13504772.811562475,-11.836669201676253,-1.6537867449065935,0.5899704970490485,20.34000015258789,0.9832841617484142
2023-01-20,NEUTRAL,longbyungi,13817988.110455114,5607245.027763821,-9.791902925880402,2.31929335845229,0.584795308591713,20.520000457763672,0.9746588476528552
2023-01-23,NEUTRAL,longbyungi,14918840.174448198,5560712.590901811,-2.6052004146953522,7.966804249600878,0.6045339934200797,19.850000381469727,1.007556655700133
2023-01-24,NEUTRAL,longbyungi,14578636.186709827,5766008.990688749,-4.826157192598868,-2.280364852497352,0.6057546856894449,19.809999465942383,1.0095911428157416
2023-01-25,NEUTRAL,longbyungi,14126012.168943752,14126012.168943752,-7.7810266718848276,-3.1047075458175977,0.6249999751647323,19.200000762939453,1.041666625274554
2023-01-26,NEUTRAL,longbyungi,14115379.003592407,5241727.750435254,-7.85044326166272,-0.07527365277739673,0.6289308201249274,19.079999923706055,1.0482180335415456
2023-01-27,BULL,longbyungi,13826047.972378343,4914492.067267826,-9.739285656205343,-2.0497574393179785,0.640683411280384,18.729999542236328,1.0678056854673066
2023-01-30,BULL,longbyungi,12979074.559743462,4728281.913674112,-15.268589865720195,-6.125925603086024,0.6482982091634962,18.510000228881836,1.0804970152724938
2023-01-31,NEUTRAL,longbyungi,13248208.32284601,5134482.024158076,-13.511601479725833,2.073597480804268,0.6018054001304534,19.940000534057617,1.0030090002174223
2023-02-01,NEUTRAL,longbyungi,14372597.89334933,5095533.0780509235,-6.171238851367022,8.487106657013799,0.6185567131938484,19.399999618530273,1.0309278553230807
2023-02-02,BULL,longbyungi,14833297.893230982,4814627.345729642,-3.163646864808123,3.2054051974475195,0.6715164765775571,17.8700008392334,1.1191941276292618
2023-02-03,BULL,longbyungi,14187977.293674879,14187977.293674879,-7.376499186242691,-4.35048634633427,0.640683411280384,18.729999542236328,1.0678056854673066
2023-02-06,BULL,longbyungi,14031593.056609822,4899612.41463808,-8.397423819066251,-1.1022306691650385,0.6546644871765922,18.329999923706055,1.0911074786276538
2023-02-07,BULL,longbyungi,14679557.655000204,5388695.960520908,-4.16731065606778,4.617897595634357,0.6176016372374131,19.43000030517578,1.0293360620623553
2023-02-08,BULL,longbyungi,13942516.64135768,5187536.469321998,-8.978942188444494,-5.020866643018151,0.643086821978953,18.65999984741211,1.0718113699649217
2023-02-09,NEUTRAL,longbyungi,13868888.004991256,5589635.746480143,-9.45961268285258,-0.5280871327635439,0.6113092467157991,19.6299991607666,1.018848744526332
2023-02-10,NEUTRAL,longbyungi,13602409.610257708,13602409.610257708,-11.199266003446418,-1.921411396772732,0.5794302525583892,20.709999084472656,0.9657170875973153
2023-02-13,NEUTRAL,longbyungi,13688728.369186886,5651659.008029491,-10.635750466846039,0.6345843229429216,0.5845104529297868,20.530000686645508,0.9741840882163113
2023-02-14,NEUTRAL,longbyungi,14001678.194943547,5537792.505507534,-8.592717281730932,2.2861862498572583,0.5899704970490485,20.34000015258789,0.9832841617484142
2023-02-15,NEUTRAL,longbyungi,13977328.611180084,5021072.523637259,-8.751678890200331,-0.1739047521621906,0.6345848808476979,18.90999984741211,1.0576414680794965
2023-02-16,BULL,longbyungi,13515652.076028554,13515652.076028554,-11.765646000816165,-3.303038427401983,0.658255639129211,18.229999542236328,1.0970927318820185
2023-02-17,NEUTRAL,longbyungi,13515652.076028554,13515652.076028554,-11.765646000816165,0.0,0.5949429823802406,20.170000076293945,0.991571637300401
2023-02-21,NEUTRAL,longbyungi,12968571.795067191,5414362.305605652,-15.337155159588612,-4.047753507443918,0.5994005856951142,20.020000457763672,0.9990009761585237
2023-02-22,NEUTRAL,longbyungi,12775970.553834777,6186454.250085942,-16.594515589110458,-1.485138412123943,0.524704834265421,22.8700008392334,0.874508057109035
2023-02-23,NEUTRAL,longbyungi,13389249.329745118,13389249.329745118,-12.590842195517194,4.800251952101298,0.5383579859631468,22.290000915527344,0.8972633099385781
2023-02-24,NEUTRAL,longbyungi,13389249.329745118,13389249.329745118,-12.590842195517194,0.0,0.5676442926425062,21.139999389648438,0.9460738210708437
2023-02-27,NEUTRAL,longbyungi,13389249.329745118,13389249.329745118,-12.590842195517194,0.0,0.5537609579026945,21.670000076293945,0.9229349298378243
2023-02-28,NEUTRAL,longbyungi,13400559.872849265,5719989.849756536,-12.517003474413645,0.08447481128774914,0.5727923419090274,20.950000762939453,0.9546539031817123
2023-03-01,NEUTRAL,longbyungi,13288327.06796945,5664601.904982969,-13.249693912165483,-0.8375232523471499,0.5797101235611727,20.700000762939453,0.9661835392686212
2023-03-02,NEUTRAL,longbyungi,13346337.49691008,5392390.136461841,-12.870983902911082,0.4365517844639788,0.5830903811703725,20.579999923706055,0.9718173019506208
2023-03-03,NEUTRAL,longbyungi,13570203.842662467,5176525.8952768,-11.40951520805964,1.6773616417553816,0.6125574224875526,19.59000015258789,1.0209290374792543
2023-03-06,BULL,longbyungi,13141628.457746351,4788805.185014861,-14.207387779453661,-3.1582088956449206,0.6489994672008756,18.489999771118164,1.081665778668126
2023-03-07,NEUTRAL,longbyungi,12716542.10032598,4669101.3534992505,-16.982482901010965,-3.2346551174166294,0.6448145946499949,18.610000610351562,1.0746909910833249
2023-03-08,NEUTRAL,longbyungi,13196681.057916421,4968935.939211842,-13.847987390581796,3.775703755017923,0.6125574224875526,19.59000015258789,1.0209290374792543
2023-03-09,NEUTRAL,longbyungi,12595664.344076198,4895702.341252663,-17.771610253178217,-4.554302033992752,0.6279434650305455,19.110000610351562,1.046572441717576
2023-03-10,NEUTRAL,longbyungi,12692318.726876307,12692318.726876307,-17.14062056954444,0.767362325319243,0.5307385969068054,22.610000610351562,0.8845643281780089
2023-03-13,NEUTRAL,longbyungi,12778540.52806751,6550873.992680092,-16.577738003024024,0.6793226915159822,0.4838709826275912,24.799999237060547,0.806451637712652
2023-03-14,NEUTRAL,longbyungi,13190977.194106044,7173315.770080371,-13.885223976414052,3.227572547370605,0.45248867997236497,26.520000457763672,0.7541477999539417
2023-03-15,NEUTRAL,longbyungi,12878459.482998546,6396847.322045065,-15.925436183546882,-2.369177859295646,0.5056890110192186,23.729999542236328,0.8428150183653644
2023-03-16,NEUTRAL,longbyungi,13462537.078345843,6913330.652770276,-12.112397121800878,4.535306385972371,0.4590665753707728,26.139999389648438,0.765110958951288
2023-03-17,NEUTRAL,longbyungi,13223693.13763092,6446224.073979041,-13.671644185653452,-1.7741376630939554,0.521966077401851,22.989999771118164,0.8699434623364183
2023-03-20,NEUTRAL,longbyungi,13303301.450864792,7002391.288159691,-13.151936512531748,0.6020127085929472,0.4704037590095305,25.510000228881836,0.7840062650158842
2023-03-21,NEUTRAL,longbyungi,13213702.99224725,6766546.4158522785,-13.736862942345883,-0.6735054373417815,0.4968944177867568,24.149999618530273,0.8281573629779281
2023-03-22,NEUTRAL,longbyungi,12903731.998275168,5796509.94337253,-15.76044939291158,-2.345829887004025,0.5612722390569882,21.3799991607666,0.935453731761647
2023-03-23,NEUTRAL,longbyungi,13321318.212574368,6101961.786857956,-13.034317523698702,3.2361662064511076,0.539083552408516,22.260000228881836,0.8984725873475267
2023-03-24,NEUTRAL,longbyungi,13154339.574383039,13154339.574383039,-14.12440568145813,-1.253469330337842,0.5307385969068054,22.610000610351562,0.8845643281780089
2023-03-27,NEUTRAL,longbyungi,13154339.574383039,13154339.574383039,-14.12440568145813,0.0,0.5519779266944673,21.739999771118164,0.9199632111574456
2023-03-28,NEUTRAL,longbyungi,13154339.574383039,13154339.574383039,-14.12440568145813,0.0,0.5825242610575063,20.600000381469727,0.9708737684291772
2023-03-29,NEUTRAL,longbyungi,13383294.0368473,5249878.867314492,-12.62972018814078,1.7405241910443792,0.6009013726893454,19.969999313354492,1.0015022878155757
2023-03-30,BULL,longbyungi,13656205.72501661,5101644.152922396,-10.848068339677274,2.039196683700739,0.6276150352136245,19.1200008392334,1.0460250586893742
2023-03-31,NEUTRAL,longbyungi,13682954.302985655,4969078.069506137,-10.673445355583056,0.19587122885857955,0.6309148113138864,19.020000457763672,1.051524685523144
2023-04-03,BULL,longbyungi,13494759.317413792,13494759.317413792,-11.902040386323021,-1.3753973111698459,0.641711203765412,18.700000762939453,1.0695186729423534
2023-04-04,BULL,longbyungi,13494759.317413792,13494759.317413792,-11.902040386323021,0.0,0.6469002961480194,18.549999237060547,1.078167160246699
2023-04-05,BULL,longbyungi,13494759.317413792,13494759.317413792,-11.902040386323021,0.0,0.631578947368421,19.0,1.0526315789473684
2023-04-06,NEUTRAL,longbyungi,13475788.277635062,5007489.27252423,-12.0258891973277,-0.14058079386602973,0.6289308201249274,19.079999923706055,1.0482180335415456
2023-04-10,NEUTRAL,longbyungi,13749079.848571971,4602038.0142490715,-10.24175735674796,2.028019180076268,0.6521739265643809,18.399999618530273,1.0869565442739682
2023-04-11,NEUTRAL,longbyungi,13925318.544487942,13925318.544487942,-9.091216680180503,1.2818217499426021,0.6325777772460036,18.969999313354492,1.0542962954100061
2023-04-12,NEUTRAL,longbyungi,13925318.544487942,13925318.544487942,-9.091216680180503,0.0,0.6282722387608984,19.100000381469727,1.0471203979348307
2023-04-13,NEUTRAL,longbyungi,13945401.575842783,5171844.4115292635,-8.96010844448667,0.14421954722745323,0.6286013569451568,19.09000015258789,1.047668928241928
2023-04-14,NEUTRAL,longbyungi,13739171.348449117,4536108.940921972,-10.306443107943897,-1.4788403637720493,0.674157332266361,17.799999237060547,1.1235955537772684
2023-04-17,NEUTRAL,longbyungi,13596259.205327475,3994238.1788198,-11.23941774772037,-1.0401802226432943,0.7029877102832351,17.06999969482422,1.171646183805392
2023-04-18,NEUTRAL,longbyungi,13561133.813649392,4047331.5658716634,-11.468727160706882,-0.2583459990547987,0.7079645699035928,16.950000762939453,1.1799409498393214
2023-04-19,NEUTRAL,longbyungi,13203662.47714078,13203662.47714078,-13.802410528156383,-2.635998887857105,0.7130124809505963,16.829999923706055,1.1883541349176605
2023-04-20,NEUTRAL,longbyungi,13316029.87811526,3577662.56592842,-13.06884140549932,0.8510320615133793,0.7290401377555396,16.459999084472656,1.2150668962592326
2023-04-21,NEUTRAL,longbyungi,13237339.05384252,13237339.05384252,-13.58255942711687,-0.5909480903318332,0.6988934156481459,17.170000076293945,1.1648223594135765
2023-04-24,NEUTRAL,longbyungi,12994799.06459411,3765182.565464398,-15.165935438124,-1.8322412704085411,0.7155634867287436,16.770000457763672,1.1926058112145728
2023-04-25,BEAR,yangbyungi,12927484.011411406,9201417.22340572,-15.60538891018629,-0.5180153448167801,0.7104795993867575,16.889999389648438,1.1841326656445958
2023-04-26,BEAR,yangbyungi,12801621.470278583,12801621.470278583,-16.427058478704325,-0.9736043070849743,0.6396588408098993,18.760000228881836,1.0660980680164989
2023-04-27,BEAR,yangbyungi,12801096.59885471,7909282.094509261,-16.43048500158001,-0.004100038616927648,0.6369426700005447,18.84000015258789,1.0615711166675745
2023-04-28,BEAR,yangbyungi,12974390.626669925,7432447.009030459,-15.299168028475062,1.3537436146737525,0.7046388441669349,17.030000686645508,1.1743980736115582
2023-05-01,BULL,longbyungi,13039318.207003204,3128244.387092164,-14.875300717063745,0.5004287461471746,0.7604562866326829,15.779999732971191,1.267427144387805
2023-05-02,BULL,longbyungi,12676620.825387167,3306346.5805440377,-17.243101322174482,-2.7815670716682006,0.7462686602572003,16.079999923706055,1.2437811004286672
2023-05-03,BULL,longbyungi,12221738.978430564,4069601.2768249195,-20.212710608237504,-3.588352552484819,0.6749156094810027,17.780000686645508,1.1248593491350045
2023-05-04,NEUTRAL,longbyungi,11949278.582516942,4153395.5694400165,-21.991416281376164,-2.2293095638392435,0.654307519092726,18.34000015258789,1.09051253182121
2023-05-05,NEUTRAL,longbyungi,12281267.370581612,4813774.73510908,-19.824090865992616,2.7783165801356757,0.5973120910332209,20.09000015258789,0.9955201517220349
2023-05-08,BULL,longbyungi,12246803.642609626,3704484.2598765064,-20.049080733807067,-0.280620288868072,0.6980802575442071,17.190000534057617,1.163467095907012
2023-05-09,BULL,longbyungi,11901637.393118508,11901637.393118508,-22.302432690105643,-2.818419071325684,0.706713799971019,16.979999542236328,1.1778563332850318
2023-05-10,BULL,longbyungi,11737067.67715069,3837286.3992982954,-23.376794659070764,-1.38274852889545,0.6775833213069485,17.709999084472656,1.1293055355115809
2023-05-11,BULL,longbyungi,11741385.513034228,11741385.513034228,-23.348606491920908,0.03678802919355739,0.7083825042315778,16.940000534057617,1.1806375070526296
2023-05-12,BULL,longbyungi,11741385.513034228,11741385.513034228,-23.348606491920908,0.0,0.7088009322912653,16.93000030517578,1.1813348871521088
2023-05-15,BULL,longbyungi,12195575.584420174,3467949.196211395,-20.383513330588375,3.8682834396481125,0.7046388441669349,17.030000686645508,1.1743980736115582
2023-05-16,BULL,longbyungi,12019608.440160753,3622619.8094765022,-21.53228123401413,-1.442876910903812,0.7009345450789907,17.1200008392334,1.1682242417983177
2023-05-17,BULL,longbyungi,12467569.912142687,4079520.255255918,-18.607850294647744,3.726922338710903,0.6670372513992613,17.989999771118164,1.1117287523321022
2023-05-18,BULL,longbyungi,13140829.272890957,3627037.5159257185,-14.212605105191622,5.400084904216618,0.7113218377614082,16.8700008392334,1.1855363962690137
2023-05-19,BULL,longbyungi,13089707.666571165,13089707.666571165,-14.546342751266994,-0.38902876871899084,0.7476635869421836,16.049999237060547,1.2461059782369728
2023-05-22,BULL,longbyungi,13275413.57566678,3745478.22045511,-13.333997181056256,1.4187170090121715,0.7138608198240813,16.809999465942383,1.1897680330401357
2023-05-23,BULL,longbyungi,12799322.673751056,3962162.887617778,-16.442065732918998,-3.5862604144278887,0.6972690667268389,17.209999084472656,1.162115111211398
2023-05-24,BULL,longbyungi,12254310.457104627,12254310.457104627,-20.00007392867239,-4.258133266412168,0.6475984649395262,18.530000686645508,1.0793307748992105
2023-05-25,NEUTRAL,longbyungi,12533649.344369384,4912736.795387357,-18.176463338076378,2.2795153447642935,0.5991013274403277,20.030000686645508,0.9985022124005463
2023-05-26,BULL,longbyungi,13881321.945531588,4806641.540141345,-9.37844007608014,10.75243581605092,0.6269592676418793,19.139999389648438,1.0449321127364655
2023-05-30,BULL,longbyungi,14543329.556780484,14543329.556780484,-5.056649784904432,4.769053076115681,0.6685236484655673,17.950000762939453,1.1142060807759455
2023-05-31,BULL,longbyungi,14543329.556780484,14543329.556780484,-5.056649784904432,0.0,0.6872852594059822,17.459999084472656,1.1454754323433036
2023-06-01,BULL,longbyungi,14694578.32323219,4815350.209731191,-4.069251091451143,1.039987204176307,0.6688963011577945,17.940000534057617,1.1148271685963242
2023-06-02,BULL,longbyungi,14922263.39583487,14922263.39583487,-2.5828525674771563,1.5494495152862608,0.7667731816294413,15.649999618530273,1.2779553027157355
2023-06-05,BULL,longbyungi,14922263.39583487,14922263.39583487,-2.5828525674771563,0.0,0.8219177867440579,14.600000381469727,1.3698629779067633
2023-06-06,BULL,longbyungi,15419579.916852819,2765632.960337097,0.0,3.332715070267156,0.8146639764374455,14.729999542236328,1.3577732940624092
2023-06-07,BULL,longbyungi,15138113.006796762,2197726.6193904597,-1.8253863696275352,-1.8253863696275352,0.8595988515192626,13.960000038146973,1.4326647525321043
2023-06-08,BULL,longbyungi,15302157.251214374,2117680.547994092,-0.7615166319162037,1.0836505470923408,0.8608321636455919,13.9399995803833,1.4347202727426531
2023-06-09,BULL,longbyungi,15145914.239351062,1901959.7773412392,-1.774793340528391,-1.0210521908661785,0.8791209036892316,13.649999618530273,1.4652015061487194
2023-06-12,BULL,longbyungi,16200227.579325283,2065168.3277821168,0.0,6.961041263755319,0.8676789635718476,13.829999923706055,1.4461316059530793
2023-06-13,BULL,longbyungi,16871403.590907194,16871403.590907194,0.0,4.143003598532569,0.7994670097945719,15.010000228881836,1.3324450163242865
2023-06-14,BULL,longbyungi,17371831.16795358,3013987.584852947,0.0,2.966128895856013,0.8213552554407905,14.609999656677246,1.3689254257346508
2023-06-15,BULL,longbyungi,16764058.252483314,2286389.584417429,-3.498611686898312,-3.498611686898312,0.8645533069927755,13.880000114440918,1.4409221783212927
2023-06-16,BULL,longbyungi,17208848.975302216,17208848.975302216,-0.9381981155332841,2.653240141020219,0.8275862068965517,14.5,1.3793103448275863
2023-06-20,BULL,longbyungi,16843868.933594633,1957284.1093179025,-3.039185847793058,-2.1208858432739675,0.8862629271645677,13.539999961853027,1.4771048786076129
2023-06-21,BULL,longbyungi,16541583.802041566,16541583.802041566,-4.779273744287826,-1.7946300386496583,0.8645533069927755,13.880000114440918,1.4409221783212927
2023-06-22,BULL,longbyungi,16851578.53373678,1503780.1283497326,-2.9948059544610883,1.8740329547945356,0.909090922226919,13.199999809265137,1.5151515370448652
2023-06-23,BULL,longbyungi,15801587.471418198,1133102.5916580241,-9.039022319259383,-6.230817250837983,0.9295120171829805,12.90999984741211,1.5491866953049676
2023-06-26,BULL,longbyungi,15707263.62317521,1722537.4182547536,-9.581992414530582,-0.5969264063727886,0.8928571707334657,13.4399995803833,1.4880952845557762
2023-06-27,BULL,longbyungi,16837726.52309096,2498192.815900972,-3.0745442993246663,7.197070903220926,0.8421052631578947,14.25,1.4035087719298245
2023-06-28,BULL,longbyungi,16228977.874631722,2042147.8743832111,-6.5787727400328455,-3.6153850558411804,0.8733624599633772,13.739999771118164,1.4556040999389621
2023-06-29,BULL,longbyungi,16449981.428676357,16449981.428676357,-5.306577817644187,1.3617835685764135,0.8935219454444334,13.430000305175781,1.489203242407389
2023-06-30,BULL,longbyungi,16374193.253269034,1870972.7358948719,-5.742848321741256,-0.4607189116651922,0.8862629271645677,13.539999961853027,1.4771048786076129
2023-07-03,BULL,longbyungi,16515237.128554037,1943663.2084959466,-4.930936935305541,0.8613790805042765,0.883002197591211,13.59000015258789,1.471670329318685
2023-07-05,BULL,longbyungi,16217267.517424896,16217267.517424896,-6.646182773515252,-1.8042103108163454,0.8843036307935189,13.569999694824219,1.4738393846558648
2023-07-06,BULL,longbyungi,16217267.517424896,16217267.517424896,-6.646182773515252,0.0,0.846262323112922,14.180000305175781,1.4104372051882035
2023-07-07,BULL,longbyungi,15955942.058075298,3613173.249420548,-8.150488547748624,-1.6114025317077174,0.7772020936610736,15.4399995803833,1.295336822768456
2023-07-10,BULL,longbyungi,16490481.337613763,3063360.877706524,-5.0734422975838855,3.3500953913776277,0.809170604297695,14.829999923706055,1.3486176738294917
2023-07-11,BULL,longbyungi,16677658.783057665,16677658.783057665,-3.9959655270912275,1.1350635655307473,0.7962840240880291,15.069999694824219,1.3271400401467153
2023-07-12,BULL,longbyungi,16597530.067001948,3191681.4691159446,-4.457222117032844,-0.48045542301847766,0.808625328612774,14.84000015258789,1.34770888102129
2023-07-13,BULL,longbyungi,17209348.445956342,1935085.6356590614,-0.9353229399153729,3.6862013593863985,0.8862629271645677,13.539999961853027,1.4771048786076129
2023-07-14,BULL,longbyungi,16385561.105348198,2038221.0011749528,-5.677409900372443,-4.786859555985734,0.8817046511909822,13.609999656677246,1.4695077519849704
2023-07-17,BULL,longbyungi,17153983.811131887,1647446.279658923,-1.25402644497008,4.689633152281125,0.8995502145981656,13.34000015258789,1.4992503576636094
2023-07-18,BULL,longbyungi,17007045.83776399,1863134.9723348245,-2.0998668860109704,-0.8565822084578567,0.890207745363855,13.479999542236328,1.4836795756064252
2023-07-19,BULL,longbyungi,17074489.340934657,17074489.340934657,-1.7116320331701185,0.3965621296845523,0.9022556261585261,13.300000190734863,1.5037593769308768
2023-07-20,BULL,longbyungi,17074489.340934657,17074489.340934657,-1.7116320331701185,0.0,0.8720930087495459,13.760000228881836,1.4534883479159098
2023-07-21,BULL,longbyungi,16793912.169009764,2428751.282081241,-3.3267592423412706,-1.6432536652925434,0.8577555537044078,13.989999771118164,1.4295925895073465
2023-07-24,BULL,longbyungi,16538953.602146002,1973640.9507682212,-4.794414346738629,-1.518160654277112,0.8823529164271378,13.600000381469727,1.4705881940452297
2023-07-25,BULL,longbyungi,17001634.666241564,2302188.638868546,-2.1310160001723477,2.797523200231522,0.8626887226193999,13.90999984741211,1.437814537699
2023-07-26,BULL,longbyungi,16165828.10084727,2209778.4416891504,-6.942290973510412,-4.916036497677901,0.865800887247413,13.859999656677246,1.4430014787456884
2023-07-27,BULL,longbyungi,16679944.00072212,1554798.6994203106,-3.982810796065117,3.180263310160414,0.9097801654100796,13.1899995803833,1.516300275683466
2023-07-28,BULL,longbyungi,17395030.58960566,2933632.250051284,0.0,4.287104254382279,0.83275504004638,14.40999984741211,1.3879250667439667
2023-07-31,BULL,longbyungi,17541860.506730594,17541860.506730594,0.0,0.8440911694209463,0.9002250614164832,13.329999923706055,1.5003751023608054
2023-08-01,BULL,longbyungi,17694301.08891639,2097816.16972865,0.0,0.8690103431577834,0.8804108510084354,13.630000114440918,1.4673514183473924
2023-08-02,BULL,longbyungi,17118455.222897463,17118455.222897463,-3.254414306195086,-3.254414306195086,0.8614500888087793,13.930000305175781,1.4357501480146322
2023-08-03,BULL,longbyungi,17364059.282263905,4351428.453060554,-1.8663738397632912,1.434732609738787,0.7458048406587453,16.09000015258789,1.2430080677645756
2023-08-04,BULL,longbyungi,17010982.16114551,4230843.18119188,-3.861802307630613,-2.0333789200952523,0.753768840608794,15.920000076293945,1.2562814010146568
2023-08-07,BULL,longbyungi,17297797.34756907,17297797.34756907,-2.240855625519378,1.6860589453716157,0.7017543703100556,17.100000381469727,1.169590617183426
2023-08-08,BULL,longbyungi,17297797.34756907,17297797.34756907,-2.240855625519378,0.0,0.7609384687171853,15.770000457763672,1.2682307811953089
2023-08-09,BULL,longbyungi,17297797.34756907,17297797.34756907,-2.240855625519378,0.0,0.7504690538942299,15.989999771118164,1.2507817564903831
2023-08-10,BEAR,yangbyungi,16831835.728090145,10351852.345693849,-4.8742550298665925,-2.6937627382044083,0.7518796974510066,15.960000038146973,1.253132829085011
2023-08-11,BEAR,yangbyungi,16576546.585696757,16576546.585696757,-6.317031102854854,-1.5167040988128488,0.7570977735766636,15.850000381469727,1.2618296226277728
2023-08-14,BEAR,yangbyungi,17346588.419753082,7193595.7846099585,-1.9651110683377881,4.6453694686972025,0.808625328612774,14.84000015258789,1.34770888102129
2023-08-15,BEAR,yangbyungi,17200814.60134312,17200814.60134312,-2.7889572190132217,-0.8403601612174239,0.8097166158640959,14.819999694824219,1.3495276931068265
2023-08-16,BEAR,yangbyungi,17200814.60134312,17200814.60134312,-2.7889572190132217,0.0,0.7290401377555396,16.459999084472656,1.2150668962592326
2023-08-17,BEAR,yangbyungi,17200814.60134312,17200814.60134312,-2.7889572190132217,0.0,0.7151370386742768,16.780000686645508,1.191895064457128
2023-08-18,BEAR,yangbyungi,17459391.254301194,9124411.71812751,-1.327601657927835,1.5032814372517134,0.6707658138291203,17.889999389648438,1.1179430230485339
2023-08-21,NEUTRAL,longbyungi,18213226.332963545,5392242.276501743,0.0,4.317648122334394,0.6936416490870856,17.299999237060547,1.1560694151451427
2023-08-22,NEUTRAL,longbyungi,18688270.99865872,18688270.99865872,0.0,2.6082400614294565,0.7005254283656939,17.1299991607666,1.1675423806094898
2023-08-23,NEUTRAL,longbyungi,19506465.33214072,5473229.097777531,0.0,4.3781168067432485,0.7071302584294529,16.969999313354492,1.1785504307157548
2023-08-24,BULL,longbyungi,20294870.34489522,20294870.34489522,0.0,4.041762560926143,0.7509386948530948,15.979999542236328,1.2515644914218247
2023-08-25,NEUTRAL,longbyungi,20293052.87027763,6135659.104423024,-0.008955339880012403,-0.008955339880012403,0.6976743876579468,17.200000762939453,1.162790646096578
2023-08-28,NEUTRAL,longbyungi,20561865.45255635,4856245.222878732,0.0,1.3246532396928856,0.765306107554025,15.680000305175781,1.2755101792567083
2023-08-29,NEUTRAL,longbyungi,21547823.287560664,4147534.611367725,0.0,4.795079693908488,0.7957559721957136,15.079999923706055,1.3262599536595228
2023-08-30,BULL,longbyungi,21508940.423457377,3631763.911860276,-0.18044915063757383,-0.18044915063757383,0.8304498379512619,14.449999809265137,1.3840830632521033
2023-08-31,NEUTRAL,longbyungi,21570676.290856924,2887477.224205807,0.0,0.28702421497350805,0.8645533069927755,13.880000114440918,1.4409221783212927
2023-09-01,BULL,longbyungi,21938159.406412814,21938159.406412814,0.0,1.7036235239024533,0.8843036307935189,13.569999694824219,1.4738393846558648
2023-09-05,BULL,longbyungi,21849180.54831708,1826783.5616304353,-0.4055894409707217,-0.4055894409707217,0.9167303178088658,13.09000015258789,1.5278838630147764
2023-09-06,BULL,longbyungi,21087195.65705679,3114314.6489053257,-3.878920439912914,-3.4874758326759348,0.8565310352573593,14.010000228881836,1.4275517254289323
2023-09-07,BULL,longbyungi,19861468.894124746,19861468.894124746,-9.466110961346297,-5.812658937044846,0.8304498379512619,14.449999809265137,1.3840830632521033
2023-09-08,BEAR,yangbyungi,19562635.31842523,11095568.74761786,-10.82827435055097,-1.5045895008697685,0.8333333554091282,14.399999618530273,1.3888889256818804
2023-09-11,BEAR,yangbyungi,19694016.816896982,14644979.318635976,-10.229402330169224,0.6715940686580657,0.8670520135620204,13.84000015258789,1.445086689270034
2023-09-12,BEAR,yangbyungi,19578722.93653215,10704653.712016309,-10.754942683071977,-0.5854259262433104,0.8695652053727246,13.800000190734863,1.4492753422878744
2023-09-13,BEAR,yangbyungi,19555992.212682597,8007861.240465375,-10.85855540384978,-0.11609911393730687,0.843288853550738,14.229999542236328,1.4054814225845633
2023-09-14,BEAR,yangbyungi,19888578.333703216,19888578.333703216,-9.342538882776452,1.7006865077647593,0.890207745363855,13.479999542236328,1.4836795756064252
2023-09-15,BULL,longbyungi,19888578.333703216,19888578.333703216,-9.342538882776452,0.0,0.9360374637797163,12.819999694824219,1.5600624396328606
2023-09-18,BEAR,yangbyungi,20095069.948585942,7773708.249203388,-8.401294856523434,1.0382422082568121,0.8701957964608654,13.789999961853027,1.4503263274347757
2023-09-19,BEAR,yangbyungi,19979588.795553885,19979588.795553885,-8.927688848347104,-0.5746740535241712,0.8571428571428571,14.0,1.4285714285714286
2023-09-20,BEAR,yangbyungi,20008266.842003703,13182846.87123533,-8.796966639986115,0.14353672011608865,0.8504606868874915,14.109999656677246,1.4174344781458192
2023-09-21,BEAR,yangbyungi,19866331.82871244,11727976.04893078,-9.443944404446025,-0.7093818490729764,0.7926023598336575,15.140000343322754,1.3210039330560959
2023-09-22,BEAR,yangbyungi,19899544.508154638,12822425.722368471,-9.292552125691378,0.1671807343628151,0.6841504774025958,17.540000915527344,1.140250795670993
2023-09-25,BEAR,yangbyungi,19955581.057639696,11513004.458084702,-9.03712254088912,0.28159714641757816,0.6976743876579468,17.200000762939453,1.162790646096578
2023-09-26,BEAR,yangbyungi,19726178.61738047,19726178.61738047,-10.082800238864852,-1.1495653250918614,0.710059187625212,16.899999618530273,1.1834319793753534
2023-09-27,BEAR,yangbyungi,19624249.40108492,14075369.50302862,-10.547420877302539,-0.5167205380860906,0.6335797075835232,18.940000534057617,1.055966179305872
2023-09-28,NEUTRAL,longbyungi,20156893.297913443,6686000.889184775,-8.119487489815047,2.7142128391370646,0.6586169293214245,18.219999313354492,1.0976948822023742
2023-09-29,BULL,longbyungi,20715883.907053933,20715883.907053933,-5.571458738701629,2.7731982348606854,0.6920415164015482,17.34000015258789,1.1534025273359136
2023-10-02,BULL,longbyungi,20590138.027962606,6526922.697610086,-6.144642098170561,-0.6070022387435259,0.6849314889533816,17.520000457763672,1.1415524815889695
2023-10-03,NEUTRAL,longbyungi,19491628.426067702,6442961.609117456,-11.151942763393164,-5.335125002091113,0.6814309814927618,17.610000610351562,1.1357183024879365
2023-10-04,NEUTRAL,longbyungi,19802890.470054895,7745341.030535098,-9.73312709056965,1.5969011782048792,0.606673386422166,19.780000686645508,1.01112231070361
2023-10-05,NEUTRAL,longbyungi,19432974.767714255,6995717.525330216,-11.41930183060964,-1.8679884277500336,0.6458557615325556,18.579999923706055,1.076426269220926
2023-10-06,NEUTRAL,longbyungi,19956790.846687097,6727194.681387123,-9.03160799873911,2.6955012561592273,0.6489994672008756,18.489999771118164,1.081665778668126
2023-10-09,NEUTRAL,longbyungi,19684103.262542736,6112792.015793711,-10.27459096322907,-1.3663899483600028,0.6876790530282245,17.450000762939453,1.146131755047041
2023-10-10,NEUTRAL,longbyungi,19919917.066780888,6375792.724303264,-9.199688552914642,1.1979910951132045,0.6779660724719172,17.700000762939453,1.129943454119862
2023-10-11,BULL,longbyungi,20000090.66648484,5932001.662253095,-8.83423583548878,0.4024795858093899,0.7046388441669349,17.030000686645508,1.1743980736115582
2023-10-12,BULL,longbyungi,19870869.549476035,5108760.439902669,-9.423260259165056,-0.6461026560511951,0.7458048406587453,16.09000015258789,1.2430080677645756
2023-10-13,BULL,longbyungi,19943910.98844199,19943910.98844199,-9.090317838550666,0.3675804865211907,0.7189933862202579,16.690000534057617,1.1983223103670966
2023-10-16,NEUTRAL,longbyungi,20183931.530434214,7556388.43970101,-7.996239992065224,1.2034778039839988,0.621118022233446,19.31999969482422,1.0351967037224101
2023-10-17,NEUTRAL,longbyungi,19421668.663779102,19421668.663779102,-11.470838077227697,-3.7765827014709097,0.6972690667268389,17.209999084472656,1.162115111211398
2023-10-18,NEUTRAL,longbyungi,19155265.647567376,6386991.096414117,-12.685174299681501,-1.3716793382875458,0.6711409710986531,17.8799991607666,1.1185682851644219
2023-10-19,BEAR,yangbyungi,19550304.943664517,14614618.488562096,-10.884479497629574,2.0623013189446926,0.624349658101295,19.219999313354492,1.0405827635021583
2023-10-20,BEAR,yangbyungi,19152245.228289444,14514462.647802902,-12.69894217884573,-2.036079317034223,0.5607476735471151,21.399999618530273,0.9345794559118584
2023-10-23,BEAR,yangbyungi,18982703.98820553,14302607.36533272,-13.471756510910238,-0.8852290583324818,0.5527406958106504,21.709999084472656,0.9212344930177507
2023-10-24,BEAR,yangbyungi,19101814.447855845,12320291.99850957,-12.928819168520889,0.6274683507909273,0.5891015957587759,20.3700008392334,0.9818359929312932
2023-10-25,BEAR,yangbyungi,18899261.04532878,14068120.19710949,-13.85211176921124,-1.0603882844742007,0.6325777772460036,18.969999313354492,1.0542962954100061
2023-10-26,BEAR,yangbyungi,18567515.780599214,13736157.205230461,-15.364295442343789,-1.7553345812510557,0.5943536246944486,20.190000534057617,0.9905893744907478
2023-10-27,BEAR,yangbyungi,18562920.40075598,13806286.543581223,-15.385242413136114,-0.02474956745713852,0.5802707844736659,20.68000030517578,0.9671179741227764
2023-10-30,BEAR,yangbyungi,18287955.796656832,14516475.414598884,-16.63860464378328,-1.4812572491985088,0.5641748820752813,21.270000457763672,0.9402914701254689
2023-10-31,BEAR,yangbyungi,18335997.327049293,12731695.330882777,-16.419618495025436,0.26269491749997265,0.6075949367088608,19.75,1.0126582278481013
2023-11-01,BEAR,yangbyungi,18654893.98010164,12280556.85208597,-14.966002231488162,1.7391835707889935,0.6615215217067637,18.139999389648438,1.1025358695112728
2023-11-02,NEUTRAL,longbyungi,18959370.615508057,5493203.893281508,-13.578116266371998,1.6321541989527732,0.7113218377614082,16.8700008392334,1.1855363962690137
2023-11-03,NEUTRAL,longbyungi,19773051.127522632,4524179.530075215,-9.869142797172358,4.2917063467761585,0.7662835323707272,15.65999984741211,1.2771392206178787
2023-11-06,BULL,longbyungi,19818119.368929192,19818119.368929192,-9.663709695098245,0.22792760265424317,0.8048289820796215,14.90999984741211,1.3413816367993692
2023-11-07,BULL,longbyungi,19949654.241584964,3846499.0234805923,-9.064138554151368,0.6637101644568322,0.8059099881338324,14.890000343322754,1.3431833135563873
2023-11-08,BULL,longbyungi,19743518.925629325,3792432.323404148,-10.003758474569047,-1.0332776370928332,0.8102633126266024,14.8100004196167,1.3504388543776709
2023-11-09,BULL,longbyungi,19226430.298484657,3398770.713492457,-12.360786781116573,-2.6190297134591756,0.8304498379512619,14.449999809265137,1.3840830632521033
2023-11-10,BULL,longbyungi,20781890.339898378,4258094.02578757,-5.270583758163616,8.090217566473147,0.7848266860653212,15.289999961853027,1.3080444767755355
2023-11-13,BULL,longbyungi,20375140.45512893,20375140.45512893,-7.1246585564830545,-1.9572323697067295,0.8468595578962416,14.170000076293945,1.411432596493736
2023-11-14,BULL,longbyungi,20594067.030567486,3809985.8704348803,-6.126732653115974,1.0744788528976645,0.8130081174740657,14.760000228881836,1.3550135291234429
2023-11-15,BULL,longbyungi,20674202.67317771,3193596.918062888,-5.761452954278523,0.38912004360907027,0.8474576362508314,14.15999984741211,1.4124293937513857
2023-11-16,BULL,longbyungi,20454982.407196913,3145270.1609148607,-6.760717577712327,-1.060356568261811,0.846262323112922,14.180000305175781,1.4104372051882035
2023-11-17,BULL,longbyungi,20475633.60823512,3280720.4283014536,-6.666583878272747,0.1009592705928819,0.8379888446741551,14.319999694824219,1.3966480744569252
2023-11-20,BULL,longbyungi,20979477.96999192,2664953.831316091,-4.369926476788477,2.460702176044771,0.8695652053727246,13.800000190734863,1.4492753422878744
2023-11-21,BULL,longbyungi,20502277.079026926,20502277.079026926,-6.545135810099733,-2.27460803194226,0.8948545963120041,13.40999984741211,1.4914243271866736
2023-11-22,BULL,longbyungi,20034888.033393692,2073264.5008836463,-8.675620127287297,-2.2796933425085486,0.8988763788094287,13.350000381469727,1.4981272980157145
2023-11-24,BULL,longbyungi,19996214.966168188,19996214.966168188,-8.85190231445292,-0.1930286166862749,0.933852112355151,12.850000381469727,1.556420187258585
2023-11-27,BULL,longbyungi,19845224.121668752,738223.0833925754,-9.540158980394086,-0.7550971259055683,0.9630818590097385,12.460000038146973,1.6051364316828975
2023-11-28,BULL,longbyungi,19183500.36002758,1056931.6028835773,-12.556472926256568,-3.3344232223542547,0.9456265088101398,12.6899995803833,1.576044181350233
2023-11-29,BULL,longbyungi,19423796.02765015,1082430.7955841906,-11.461140983539764,1.2526163792467848,0.9456265088101398,12.6899995803833,1.576044181350233
2023-11-30,BULL,longbyungi,19589731.716654416,19589731.716654416,-10.704761717940304,0.8542907306483771,0.9244992621881493,12.979999542236328,1.5408321036469155
2023-12-01,BULL,longbyungi,19857822.31558244,1394934.5640460476,-9.482733041962788,1.3685261381099156,0.9287925641748258,12.920000076293945,1.5479876069580432
2023-12-04,BULL,longbyungi,19274403.720556,19274403.720556,-12.142111088308372,-2.9379787257368672,0.9501187562365428,12.630000114440918,1.5835312603942382
2023-12-05,BULL,longbyungi,19199005.008586947,1591464.4242430665,-12.485798589945407,-0.39118570443058553,0.9174311980118077,13.079999923706055,1.5290519966863463
2023-12-06,BULL,longbyungi,19906034.95898622,19906034.95898622,-9.26296691431907,3.6826385017507235,0.933852112355151,12.850000381469727,1.556420187258585
2023-12-07,BULL,longbyungi,20573506.54523031,1488732.3691724762,-6.2204528461197945,3.353111695118227,0.9252120087079212,12.970000267028809,1.5420200145132021
2023-12-08,BULL,longbyungi,20678274.43701566,1657158.8851401843,-5.742892765328678,0.5092369234919625,0.9188361113660815,13.0600004196167,1.531393518943469
2023-12-11,BULL,longbyungi,22324549.113491766,601247.2835989781,0.0,7.961373573460029,0.9716598890154792,12.350000381469727,1.619433148359132
2023-12-12,BULL,longbyungi,22399716.34341274,1097727.80992914,0.0,0.33670211899394786,0.9501187562365428,12.630000114440918,1.5835312603942382
2023-12-13,BULL,longbyungi,23076117.3924771,130033.26055308431,0.0,3.019685779473158,0.9942005222374417,12.069999694824219,1.6570008703957362
2023-12-14,BULL,longbyungi,24524376.429683063,368331.49663763493,0.0,6.27600827545669,0.9844134875370252,12.1899995803833,1.6406891458950421
2023-12-15,BULL,longbyungi,24433038.805413708,950756.7988699004,-0.3724360720495423,-0.3724360720495423,0.9615384968074834,12.479999542236328,1.6025641613458057
2023-12-18,BULL,longbyungi,24405407.848048132,24405407.848048132,-0.48510339080808373,-0.1130885011300875,0.9771987183176065,12.279999732971191,1.6286645305293443
2023-12-19,BULL,longbyungi,24359151.496655893,1088139.9824221283,-0.6737171625990523,-0.18953320378924943,0.9554139808194537,12.5600004196167,1.5923566346990896
2023-12-20,BULL,longbyungi,23923500.034157734,23923500.034157734,-2.450118955106473,-1.7884508931190202,0.9577015367704629,12.529999732971191,1.5961692279507715
2023-12-21,BULL,longbyungi,23949960.104871333,2922622.2867068946,-2.3422260152412555,0.11060284103838747,0.8778346695703386,13.670000076293945,1.463057782617231
2023-12-22,BULL,longbyungi,23774896.3720385,2923102.9460418783,-3.0560616282884645,-0.7309562607464515,0.8791209036892316,13.649999618530273,1.4652015061487194
2023-12-26,BULL,longbyungi,24565032.47011417,1900636.2897943966,0.0,3.323405013890812,0.9209516689117903,13.029999732971191,1.534919448186317
2023-12-27,BULL,longbyungi,24827428.6884563,24827428.6884563,0.0,1.0681696377212724,0.9237875451453572,12.989999771118164,1.5396459085755954
2023-12-28,BULL,longbyungi,24827428.6884563,24827428.6884563,0.0,0.0,0.9654062514385674,12.430000305175781,1.609010419064279
2023-12-29,BULL,longbyungi,24827428.6884563,24827428.6884563,0.0,0.0,0.962309522296362,12.470000267028809,1.60384920382727
2024-01-02,BULL,longbyungi,24827428.6884563,24827428.6884563,0.0,0.0,0.9638554364530791,12.449999809265137,1.6064257274217986
2024-01-03,BULL,longbyungi,24827428.6884563,24827428.6884563,0.0,0.0,0.909090922226919,13.199999809265137,1.5151515370448652
2024-01-04,BULL,longbyungi,25014943.14836909,3607404.1107529327,0.0,0.7552713664624289,0.8547008570230946,14.039999961853027,1.4245014283718245
2024-01-05,BULL,longbyungi,24951667.909894485,3776911.1154777855,-0.25294975926710705,-0.25294975926710705,0.8492568933340595,14.130000114440918,1.4154281555567658
2024-01-08,BULL,longbyungi,26679547.590258732,2567588.090322003,0.0,6.92490652971165,0.8988763788094287,13.350000381469727,1.4981272980157145
2024-01-09,BULL,longbyungi,26281992.55592487,2136135.6684066243,-1.4901116032380424,-1.4901116032380424,0.9174311980118077,13.079999923706055,1.5290519966863463
2024-01-10,BULL,longbyungi,26448227.11660103,26448227.11660103,-0.8670329692627932,0.6325036441678922,0.9404388546042812,12.760000228881836,1.5673980910071355
2024-01-11,BULL,longbyungi,26240700.293898676,1438082.4441119283,-1.6448828259752357,-0.7846530574145527,0.9456265088101398,12.6899995803833,1.576044181350233
2024-01-12,BULL,longbyungi,26324113.122078676,26324113.122078676,-1.3322357396713613,0.3178757702567703,0.9646302576185664,12.4399995803833,1.607717096030944
2024-01-16,BULL,longbyungi,26840302.267603416,1450934.9953758158,0.0,1.960898523459842,0.9448819039544819,12.699999809265137,1.5748031732574699
2024-01-17,BULL,longbyungi,26106098.811411835,26106098.811411835,-2.7354515194032425,-2.7354515194032425,0.8670520135620204,13.84000015258789,1.445086689270034
2024-01-18,BULL,longbyungi,26094351.371259015,4924679.842855446,-2.779219432430813,-0.04499883432481644,0.8113590284618587,14.789999961853027,1.3522650474364313
2024-01-19,BULL,longbyungi,28246800.811094012,4056571.005365867,0.0,8.248717928301375,0.8492568933340595,14.130000114440918,1.4154281555567658
2024-01-22,BULL,longbyungi,28088043.43215088,2814527.561403107,-0.56203667100162,-0.56203667100162,0.9022556261585261,13.300000190734863,1.5037593769308768
2024-01-23,BULL,longbyungi,28138580.047006216,2530222.590421956,-0.38312573806691397,0.17992216146136553,0.9097801654100796,13.1899995803833,1.516300275683466
2024-01-24,BULL,longbyungi,28760089.64433979,1269047.950575348,0.0,2.208745417484903,0.9561752842728317,12.550000190734863,1.5936254737880529
2024-01-25,BULL,longbyungi,30263526.25899674,30263526.25899674,0.0,5.2275101825102865,0.9132419852711755,13.140000343322754,1.5220699754519593
2024-01-26,BULL,longbyungi,30263526.25899674,30263526.25899674,0.0,0.0,0.8921933212024068,13.449999809265137,1.486988868670678
2024-01-29,BULL,longbyungi,30473830.60332561,2875720.1625118554,0.0,0.6949102445269473,0.9049773599447299,13.260000228881836,1.5082955999078833
2024-01-30,BULL,longbyungi,28879824.67044997,3537958.6717506535,-5.23073700062403,-5.23073700062403,0.8823529164271378,13.600000381469727,1.4705881940452297
2024-01-31,BULL,longbyungi,27391671.415769104,2720636.6131244525,-10.114118003990447,-5.152916514079642,0.9015777326583717,13.3100004196167,1.5026295544306196
2024-02-01,BULL,longbyungi,27508930.279063657,27508930.279063657,-9.729332563587834,0.4280821769315102,0.8362369115680093,14.350000381469727,1.3937281859466821
2024-02-02,BULL,longbyungi,28078361.243338786,3725993.6344654746,-7.860742520913688,2.0699858500441426,0.8645533069927755,13.880000114440918,1.4409221783212927
2024-02-05,BULL,longbyungi,28709808.51070174,3834701.672241088,-5.788645725527408,2.2488750746190833,0.8664259689158644,13.850000381469727,1.4440432815264408
2024-02-06,BULL,longbyungi,28879853.719718836,28879853.719718836,-5.2306416753291956,0.5922895966154362,0.8778346695703386,13.670000076293945,1.463057782617231
2024-02-07,BULL,longbyungi,29163278.54660865,2344001.2310711183,-4.300581944476445,0.9813928756027268,0.9188361113660815,13.0600004196167,1.531393518943469
2024-02-08,BULL,longbyungi,30067590.54284507,1903789.4638320953,-1.3330784231510573,3.100858481295754,0.9353078777364245,12.829999923706055,1.558846462894041
2024-02-09,BULL,longbyungi,31222611.3691508,1888924.904086426,0.0,3.8414146443156882,0.9382329973253125,12.789999961853027,1.5637216622088543
2024-02-12,BULL,longbyungi,30623239.065067444,2248742.7085673995,-1.9196738446917938,-1.9196738446917938,0.9280742240351294,12.930000305175781,1.5467903733918824
2024-02-13,BULL,longbyungi,28108055.901953083,28108055.901953083,-9.975320226657992,-8.213315246536023,0.8614500888087793,13.930000305175781,1.4357501480146322
2024-02-14,BULL,longbyungi,28314016.320763893,6827509.359016009,-9.3156687440331,0.7327451586450762,0.7570977735766636,15.850000381469727,1.2618296226277728
2024-02-15,BULL,longbyungi,28778682.955262117,28778682.955262117,-7.827431168372357,1.6411187633506463,0.8344923438456141,14.380000114440918,1.3908205730760235
2024-02-16,BULL,longbyungi,27474091.734608337,4128847.850248132,-12.005785135083702,-4.533185978947785,0.8565310352573593,14.010000228881836,1.4275517254289323
2024-02-20,BULL,longbyungi,26790941.815810263,26790941.815810263,-14.19378251531902,-2.486524123880429,0.8426966427582833,14.239999771118164,1.4044944045971388
2024-02-21,BULL,longbyungi,27067462.241670445,5941959.961136326,-13.308140944244684,1.0321414893185832,0.7782101128811466,15.420000076293945,1.297016854801911
2024-02-22,BULL,longbyungi,29751576.45646802,6437613.6638916135,-4.711440997969252,9.916386659497656,0.7822685710974765,15.34000015258789,1.3037809518291275
2024-02-23,BULL,longbyungi,30136684.411148854,30136684.411148854,-3.4780145233940463,1.294411928874828,0.8253094932244195,14.539999961853027,1.375515822040699
2024-02-26,BULL,longbyungi,30136684.411148854,30136684.411148854,-3.4780145233940463,0.0,0.8727272727272727,13.75,1.4545454545454546
2024-02-27,BULL,longbyungi,30136684.411148854,30136684.411148854,-3.4780145233940463,0.0,0.8733624599633772,13.739999771118164,1.4556040999389621
2024-02-28,BULL,longbyungi,29756220.408877976,3208895.526854206,-4.696567314422895,-1.2624613812199148,0.8935219454444334,13.430000305175781,1.489203242407389
2024-02-29,BULL,longbyungi,31293578.643570602,4077960.9399081133,0.0,5.16651044241474,0.8670520135620204,13.84000015258789,1.445086689270034
2024-03-01,BULL,longbyungi,34326764.71306305,3370515.234415602,0.0,9.692678820917223,0.8955224135533352,13.399999618530273,1.4925373559222253
2024-03-04,BULL,longbyungi,34717079.27571696,2994646.446630392,0.0,1.137056072474496,0.9153318317508958,13.109999656677246,1.5255530529181598
2024-03-05,BULL,longbyungi,32386631.718507454,3707800.195285894,-6.7126832263206815,-6.7126832263206815,0.8895478282877197,13.489999771118164,1.4825797138128662
2024-03-06,BULL,longbyungi,33964367.62692608,5810549.508367054,-2.1681306852255,4.871565286973101,0.8298755164829018,14.460000038146973,1.3831258608048365
2024-03-07,BULL,longbyungi,36303191.60996651,6038189.507628821,0.0,6.886110787430844,0.8275862068965517,14.5,1.3793103448275863
2024-03-08,BULL,longbyungi,34148471.38787401,34148471.38787401,-5.935346526119078,-5.935346526119078,0.8310249548969494,14.4399995803833,1.3850415914949157
2024-03-11,BULL,longbyungi,33615247.08519788,6347815.82358953,-7.404154856816203,-1.5614880578972867,0.814111274513927,14.739999771118164,1.3568521241898783
2024-03-12,BULL,longbyungi,34770672.859103,7312674.355553262,-4.221443578097905,3.4372074403519637,0.7884362542355327,15.220000267028809,1.3140604237258877
2024-03-13,BULL,longbyungi,33817724.76715898,33817724.76715898,-6.846414137662715,-2.7406662384865,0.8670520135620204,13.84000015258789,1.445086689270034
2024-03-14,BULL,longbyungi,31424065.7904288,31424065.7904288,-13.439936278765686,-7.0781195163511,0.8727272727272727,13.75,1.4545454545454546
2024-03-15,BULL,longbyungi,31588542.693053897,5237343.604693573,-12.986871698680824,0.5234106360456847,0.8333333554091282,14.399999618530273,1.3888889256818804
2024-03-18,BULL,longbyungi,32773552.435794912,32773552.435794912,-9.722669048201771,3.7513909845596993,0.83275504004638,14.40999984741211,1.3879250667439667
2024-03-19,BULL,longbyungi,32816169.943037786,5328846.830532957,-9.605275768567445,0.1300362764346641,0.8374040519112951,14.329999923706055,1.3956734198521585
2024-03-20,BULL,longbyungi,33683416.323381975,4333434.135146253,-7.2163773222223,2.6427410080138936,0.8683068209107245,13.819999694824219,1.4471780348512076
2024-03-21,BULL,longbyungi,35075421.869736016,2911831.8624586165,-3.381988430718108,4.132613904094273,0.9202454014650748,13.039999961853027,1.5337423357751248
2024-03-22,BULL,longbyungi,34628489.707481764,2464553.9351033755,-4.613098265511672,-1.2742032409876036,0.9287925641748258,12.920000076293945,1.5479876069580432
2024-03-25,BULL,longbyungi,33727847.48069149,2699941.3532995246,-7.09398820066276,-2.6008706541876148,0.9188361113660815,13.0600004196167,1.531393518943469
2024-03-26,BULL,longbyungi,34329752.01740663,34329752.01740663,-5.435994757050788,1.784592203993185,0.9097801654100796,13.1899995803833,1.516300275683466
2024-03-27,BULL,longbyungi,34329752.01740663,34329752.01740663,-5.435994757050788,0.0,0.906344426544243,13.239999771118164,1.510574044240405
2024-03-28,BULL,longbyungi,33977142.988112256,2095242.4073579423,-6.407284094590926,-1.0271237296313185,0.9389671557692708,12.779999732971191,1.5649452596154514
2024-04-01,BULL,longbyungi,34430529.61704375,2646260.4126672633,-5.158394923075161,1.334387146942051,0.9223673934578676,13.010000228881836,1.537278989096446
2024-04-02,BULL,longbyungi,32974144.29889978,32974144.29889978,-9.17012296558738,-4.229924239745153,0.8791209036892316,13.649999618530273,1.4652015061487194
2024-04-03,BULL,longbyungi,33694942.031794935,5890657.585335467,-7.184628850801966,2.1859482580089518,0.8213552554407905,14.609999656677246,1.3689254257346508
2024-04-04,BULL,longbyungi,34838114.325842254,34838114.325842254,-4.035670747257491,3.3927118585590943,0.8374040519112951,14.329999923706055,1.3956734198521585
2024-04-05,BULL,longbyungi,34981147.72953935,9268856.701609273,-3.6416739735473103,0.4105658600212836,0.7339449370044174,16.350000381469727,1.223241561674029
2024-04-08,BULL,longbyungi,34769117.98307477,8919193.698940549,-4.225726606557045,-0.6061257569474621,0.7485963497180087,16.030000686645508,1.2476605828633478
2024-04-09,BULL,longbyungi,35551338.08577729,35551338.08577729,-2.071039737406477,2.2497553808621173,0.7899934385447294,15.1899995803833,1.3166557309078823
2024-04-10,BULL,longbyungi,35551338.08577729,35551338.08577729,-2.071039737406477,0.0,0.8010681152670147,14.979999542236328,1.3351135254450246
2024-04-11,BULL,longbyungi,36400608.62809019,8550322.144049924,0.0,2.3888567576944686,0.7594936617176,15.800000190734863,1.2658227695293334
2024-04-12,BULL,longbyungi,34870172.14320217,34870172.14320217,-4.204425537288914,-4.204425537288914,0.8048289820796215,14.90999984741211,1.3413816367993692
2024-04-15,BULL,longbyungi,34870172.14320217,34870172.14320217,-4.204425537288914,0.0,0.6932409226014208,17.309999465942383,1.1554015376690348
2024-04-16,BEAR,yangbyungi,34930317.919702806,19638271.31244247,-4.039192650346967,0.17248488551657726,0.6240249758531442,19.229999542236328,1.040041626421907
2024-04-17,BEAR,yangbyungi,35199707.74327964,25825168.961216368,-3.2991230918150483,0.7712206461908178,0.6521739265643809,18.399999618530273,1.0869565442739682
2024-04-18,BEAR,yangbyungi,34639932.56107733,22961305.381308727,-4.836941285795304,-1.5902836077074767,0.6589786163269051,18.209999084472656,1.0982976938781752
2024-04-19,BEAR,yangbyungi,32828167.655434646,12719730.626910567,-9.814234177114024,-5.230278385929788,0.6666666666666666,18.0,1.1111111111111112
2024-04-22,BEAR,yangbyungi,32815107.114471372,20189818.0219583,-9.850114184222459,-0.03978455666596714,0.6413682836552753,18.709999084472656,1.0689471394254588
2024-04-23,BEAR,yangbyungi,33424029.228505656,19031170.575246103,-8.177279204302968,1.8556151954955968,0.7083825042315778,16.940000534057617,1.1806375070526296
2024-04-24,BEAR,yangbyungi,33740025.921369515,22471251.241426352,-7.309170936959319,0.9454177134166741,0.7648183760950008,15.6899995803833,1.274697293491668
2024-04-25,NEUTRAL,longbyungi,34772169.90062933,8368528.249746725,-4.4736579657192905,3.0591084359721687,0.7514088791078385,15.970000267028809,1.2523481318463976
2024-04-26,BULL,longbyungi,36034882.33678566,7605250.940039866,-1.0047257589597014,3.6313880892819395,0.7807417104325828,15.369999885559082,1.3012361840543047
2024-04-29,BULL,longbyungi,36139792.8900917,7230869.814968362,-0.7165147722206333,0.2911361061916029,0.7984032077975155,15.029999732971191,1.3306720129958591
2024-04-30,BULL,longbyungi,33917573.42490751,6504509.150044508,-6.821411225708262,-6.148954621689173,0.8179959057663166,14.670000076293945,1.3633265096105278
2024-05-01,BULL,longbyungi,32387769.24750869,32387769.24750869,-11.02409968355531,-4.510358563196637,0.7667731816294413,15.649999618530273,1.2779553027157355
2024-05-02,NEUTRAL,longbyungi,32318161.254205327,7134148.565249972,-11.215327236958483,-0.21492061639508675,0.779727078122284,15.390000343322754,1.2995451302038068
2024-05-03,NEUTRAL,longbyungi,33606805.658008784,6186003.389798705,-7.675154552018782,3.987369187458878,0.8174386751047352,14.680000305175781,1.3623977918412253
2024-05-06,NEUTRAL,longbyungi,34809307.93929283,3787023.194228001,-4.3716320929023,3.578151084994552,0.8895478282877197,13.489999771118164,1.4825797138128662
2024-05-07,NEUTRAL,longbyungi,34955560.59628607,34955560.59628607,-3.9698457972732304,0.42015387737184273,0.8895478282877197,13.489999771118164,1.4825797138128662
2024-05-08,BULL,longbyungi,35539175.84019151,3249835.6023962796,-2.3665340233732013,1.6695920018157118,0.9070295098416598,13.229999542236328,1.5117158497360996
2024-05-09,BULL,longbyungi,35503753.24897157,35503753.24897157,-2.4638472072868622,-0.09967195463178591,0.9230769230769231,13.0,1.5384615384615385
2024-05-10,BULL,longbyungi,34883120.2951337,1930463.0144899264,-4.168854286094126,-1.7480770257883749,0.9456265088101398,12.6899995803833,1.576044181350233
2024-05-13,BULL,longbyungi,35312514.374938935,35312514.374938935,-2.9892199448323886,1.2309508902078825,0.9561752842728317,12.550000190734863,1.5936254737880529
2024-05-14,BULL,longbyungi,36337951.005215034,4154414.3298363425,-0.17213344841383593,2.9038901602652434,0.8823529164271378,13.600000381469727,1.4705881940452297
2024-05-15,BULL,longbyungi,38591941.39234611,3957071.279684454,0.0,6.202854934796931,0.8941877743501405,13.420000076293945,1.4903129572502343
2024-05-16,BULL,longbyungi,37408121.52172329,1392760.4805652574,-3.067531271846302,-3.067531271846302,0.9638554364530791,12.449999809265137,1.6064257274217986
2024-05-17,BULL,longbyungi,37968705.66943123,37968705.66943123,-1.6149374725120236,1.4985626781136352,0.9661835689441258,12.420000076293945,1.6103059482402098
2024-05-20,BULL,longbyungi,39238101.58128536,0.0,0.0,3.3432688564786206,1.0008340474622797,11.989999771118164,1.6680567457704663
2024-05-21,BULL,longbyungi,38369777.13809236,466954.9749600589,-2.2129624222369193,-2.2129624222369193,0.9876543519967272,12.149999618530273,1.646090586661212
2024-05-22,BULL,longbyungi,38827895.98895318,0.0,-1.0454267046594912,1.1939575494849919,1.0118044137753355,11.859999656677246,1.686340689625559
2024-05-23,BULL,longbyungi,41756761.852674626,41756761.852674626,0.0,7.543200034724329,0.976403583177123,12.289999961853027,1.627339305295205
2024-05-24,BULL,longbyungi,42240581.33043251,2517832.779069349,0.0,1.1586613910937071,0.9397023938792781,12.770000457763672,1.5661706564654636
2024-05-28,BULL,longbyungi,43555011.4400835,0.0,0.0,3.111770880634168,1.0058675350405355,11.930000305175781,1.676445891734226
2024-05-29,BULL,longbyungi,41190703.01099483,41190703.01099483,-5.428326961505081,-5.428326961505081,0.9287925641748258,12.920000076293945,1.5479876069580432
2024-05-30,BULL,longbyungi,41190703.01099483,41190703.01099483,-5.428326961505081,0.0,0.8403361501676443,14.279999732971191,1.4005602502794072
2024-05-31,BULL,longbyungi,41190703.01099483,41190703.01099483,-5.428326961505081,0.0,0.8293019888426039,14.470000267028809,1.3821699814043398
2024-06-03,BULL,longbyungi,41190703.01099483,41190703.01099483,-5.428326961505081,0.0,0.9287925641748258,12.920000076293945,1.5479876069580432
2024-06-04,BULL,longbyungi,41190703.01099483,41190703.01099483,-5.428326961505081,0.0,0.9153318317508958,13.109999656677246,1.5255530529181598
2024-06-05,BULL,longbyungi,43183394.047177985,3630791.015316583,-0.8532138567262981,4.837720384746191,0.9118541139162535,13.15999984741211,1.5197568565270891
2024-06-06,BULL,longbyungi,43349148.69584609,43349148.69584609,-0.472649960201732,0.38383886289024005,0.9501187562365428,12.630000114440918,1.5835312603942382
2024-06-07,BULL,longbyungi,43349148.69584609,43349148.69584609,-0.472649960201732,0.0,0.9538950773272192,12.579999923706055,1.5898251288786989
2024-06-10,BULL,longbyungi,45529454.98728229,780427.5024681762,0.0,5.029640389789547,0.9819967052191971,12.220000267028809,1.6366611753653286
2024-06-11,BULL,longbyungi,44974649.83950525,2614919.9044840783,-1.2185631212410009,-1.2185631212410009,0.9419152445515927,12.739999771118164,1.5698587409193212
2024-06-12,BULL,longbyungi,47772229.122439675,3131778.1830869094,0.0,6.220347001961679,0.933852112355151,12.850000381469727,1.556420187258585
2024-06-13,BULL,longbyungi,48630004.49769376,161992.28402112424,0.0,1.7955523345071889,0.9966777440216144,12.039999961853027,1.6611295733693574
2024-06-14,BULL,longbyungi,47237903.67219685,0.0,-2.862637665523826,-2.862637665523826,1.005025160948521,11.9399995803833,1.6750419349142016
2024-06-17,BULL,longbyungi,48419207.52126643,2497393.020836331,-0.43347101980492075,2.500754176703368,0.9478673100026125,12.65999984741211,1.5797788500043541
2024-06-18,BULL,longbyungi,49511101.736039385,2878193.055733122,0.0,2.25508485303767,0.9411764705882353,12.75,1.5686274509803921
2024-06-20,BULL,longbyungi,49671442.213105835,49671442.213105835,0.0,0.3238475239781158,0.9756097409688788,12.300000190734863,1.6260162349481313
2024-06-21,BULL,longbyungi,48804187.33635305,4787607.985504426,-1.7459828789186282,-1.7459828789186282,0.9036144760008356,13.279999732971191,1.5060241266680594
2024-06-24,BULL,longbyungi,44341498.480770014,4313125.11783658,-10.7303985849026,-9.144069595558834,0.909090922226919,13.199999809265137,1.5151515370448652
2024-06-25,BULL,longbyungi,45220954.107647486,4496505.882690571,-8.959852799047752,1.9833692071973497,0.9002250614164832,13.329999923706055,1.5003751023608054
2024-06-26,BULL,longbyungi,44139671.25087325,2949377.4684049636,-11.136723066142462,-2.3911102233718062,0.9345794281459888,12.84000015258789,1.5576323802433147
2024-06-27,BULL,longbyungi,42711249.3731792,1918058.4348338693,-14.012463761501548,-3.2361407260499186,0.9561752842728317,12.550000190734863,1.5936254737880529
2024-06-28,BULL,longbyungi,43196250.18103231,852689.5360305309,-13.036045952305864,1.135534115650727,0.980392175195585,12.239999771118164,1.6339869586593083
2024-07-01,BULL,longbyungi,43160265.56460717,43160265.56460717,-13.108491234387165,-0.08330495419006656,0.9646302576185664,12.4399995803833,1.607717096030944
2024-07-02,BULL,longbyungi,44985146.956014246,777026.9837773517,-9.434586652398647,4.228151443311634,0.9819967052191971,12.220000267028809,1.6366611753653286
2024-07-03,BULL,longbyungi,46379341.447619766,113043.89086672664,-6.627753531620728,3.099232937860008,0.99750625655552,12.029999732971191,1.6625104275925335
2024-07-05,BULL,longbyungi,47465271.0251759,47465271.0251759,-4.441528350364344,2.3414079278865296,0.9925558187384615,12.09000015258789,1.654259697897436
2024-07-08,BULL,longbyungi,48231883.01846381,1825585.6730684787,-2.898162667526083,1.6151008447445658,0.9615384968074834,12.479999542236328,1.6025641613458057
2024-07-09,BULL,longbyungi,47415239.59355017,1459171.2034069821,-4.542253091576964,-1.693160983578068,0.9700889337928753,12.369999885559082,1.6168148896547923
2024-07-10,BULL,longbyungi,49699521.08119726,1979185.2769788057,0.0,4.817610344750478,0.9592325963588394,12.510000228881836,1.598720993931399
2024-07-11,BULL,longbyungi,50646072.70643238,50646072.70643238,0.0,1.9045487856687249,0.933852112355151,12.850000381469727,1.556420187258585
2024-07-12,BULL,longbyungi,50722097.541067,3606376.9720403925,0.0,0.15011002940996665,0.9287925641748258,12.920000076293945,1.5479876069580432
2024-07-15,BULL,longbyungi,50044524.57991909,1898268.3437641189,-1.3358535904381852,-1.3358535904381852,0.9630818590097385,12.460000038146973,1.6051364316828975
2024-07-16,BULL,longbyungi,50663611.30355738,50663611.30355738,-0.11530721390664578,1.2370718451918394,0.9146341543194795,13.119999885559082,1.5243902571991326
2024-07-17,BULL,longbyungi,50663611.30355738,50663611.30355738,-0.11530721390664578,0.0,0.9097801654100796,13.1899995803833,1.516300275683466
2024-07-18,BULL,longbyungi,50663611.30355738,50663611.30355738,-0.11530721390664578,0.0,0.8287293079670007,14.479999542236328,1.3812155132783346
2024-07-19,BULL,longbyungi,50663611.30355738,50663611.30355738,-0.11530721390664578,0.0,0.7532956541187954,15.930000305175781,1.255492756864659
2024-07-22,BEAR,yangbyungi,51720558.536366135,24902453.727446,0.0,2.08620586968411,0.726392231687895,16.520000457763672,1.210653719479825
2024-07-23,BULL,longbyungi,49857098.800217815,9849813.463923149,-3.602938152413937,-3.602938152413937,0.8048289820796215,14.90999984741211,1.3413816367993692
2024-07-24,BEAR,yangbyungi,48898831.88835172,32456887.205441736,-5.455715730583954,-1.9220270230844383,0.8152173765158611,14.720000267028809,1.3586956275264352
2024-07-25,BEAR,yangbyungi,47767628.53580801,21873968.504654877,-7.642860232800286,-2.313354550322455,0.6651884363083037,18.040000915527344,1.1086473938471728
2024-07-26,BEAR,yangbyungi,47632226.3906199,31581407.957173064,-7.904655830179442,-0.2834600530495557,0.6500542034204982,18.459999084472656,1.083423672367497
2024-07-29,BEAR,yangbyungi,47089282.518302426,32027480.121543348,-8.954419962049197,-1.1398666689751646,0.7321537795528495,16.389999389648438,1.2202562992547492
2024-07-30,BEAR,yangbyungi,48107686.563083075,33609845.838490225,-6.985369213951453,2.162708774305111,0.7228915496529372,16.600000381469727,1.2048192494215622
2024-07-31,BEAR,yangbyungi,46740393.145655334,27349023.676859327,-9.62898609690982,-2.842151670783055,0.6783493294359736,17.690000534057617,1.1305822157266228
2024-08-01,NEUTRAL,longbyungi,45702574.68510722,45702574.68510722,-11.635573979788916,-2.2203888129780913,0.7334963051533853,16.360000610351562,1.2224938419223088
2024-08-02,BEAR,yangbyungi,45702574.68510722,45702574.68510722,-11.635573979788916,0.0,0.645508332517657,18.59000015258789,1.0758472208627619
2024-08-05,BEAR,yangbyungi,45702574.68510722,45702574.68510722,-11.635573979788916,0.0,0.5130397739689879,23.389999389648438,0.8550662899483132
2024-08-06,BEAR,yangbyungi,45585177.38735809,40339946.402203806,-11.862557796420726,-0.25687239407846674,0.31112263663331846,38.56999969482422,0.5185377277221974
2024-08-07,BEAR,yangbyungi,44326149.916306764,38158864.29255383,-14.296846030500932,-2.7619229390132616,0.4330566725541402,27.709999084472656,0.721761120923567
2024-08-08,BEAR,yangbyungi,45684873.3126922,35205716.354392946,-11.669799001551917,3.065286290261793,0.4308797068449708,27.850000381469727,0.718132844741618
2024-08-09,BEAR,yangbyungi,45355211.0156288,36814130.02924514,-12.3071902177191,-0.721600549939172,0.5044135997560133,23.790000915527344,0.8406893329266889
2024-08-12,NEUTRAL,longbyungi,45211809.76031468,18644709.151070856,-12.584451831615418,-0.3161737143383747,0.5891015957587759,20.3700008392334,0.9818359929312932
2024-08-13,NEUTRAL,longbyungi,47943205.73723724,19449502.281351257,-7.303387484636192,6.041332986674819,0.5794302525583892,20.709999084472656,0.9657170875973153
2024-08-14,NEUTRAL,longbyungi,48645254.801391065,48645254.801391065,-5.945998693754905,1.4643348381865762,0.6622516249567505,18.1200008392334,1.1037527082612508
2024-08-15,BULL,longbyungi,50524441.42351299,12589477.262118049,-2.3126531242158244,3.8630419961705798,0.7411982460875498,16.190000534057617,1.2353304101459164
2024-08-16,BULL,longbyungi,49740136.51417754,10480915.77927383,-3.8290808882044614,-1.5523277194915197,0.7879186054287928,15.229999542236328,1.3131976757146546
2024-08-19,BULL,longbyungi,50961064.34175002,9319929.624610595,-1.4684570625471793,2.454612940646994,0.8108108003614941,14.800000190734863,1.3513513339358236
2024-08-20,BULL,longbyungi,48781347.167856395,9112309.080890685,-5.682868576222166,-4.277220662575298,0.8191126493151316,14.649999618530273,1.3651877488585527
2024-08-21,BULL,longbyungi,49700967.51353149,12070062.108011752,-3.9048128635629786,1.8851884973793087,0.7556675008514305,15.880000114440918,1.2594458347523843
2024-08-22,BULL,longbyungi,50371770.395537965,50371770.395537965,-2.6078375388769226,1.34967771366592,0.7375537592117198,16.270000457763672,1.2292562653528665
2024-08-23,BEAR,yangbyungi,50693226.54875118,29706427.79643378,-1.9863126321279179,0.6381672724405485,0.6837607134853575,17.549999237060547,1.1396011891422626
2024-08-26,BULL,longbyungi,50338018.72341107,50338018.72341107,-2.673095287598193,-0.700700763244011,0.7566204451302028,15.859999656677246,1.2610340752170046
2024-08-27,BEAR,yangbyungi,51326906.35513951,24156014.558439244,-0.7611135540035563,1.9644945446939621,0.7430340732783285,16.149999618530273,1.2383901221305476
2024-08-28,BULL,longbyungi,47803512.85488471,47803512.85488471,-7.5734790812965525,-6.864613027475008,0.777705752602919,15.430000305175781,1.2961762543381983
2024-08-29,BEAR,yangbyungi,46889913.9129145,29969991.769365337,-9.339892607801358,-1.9111544056261809,0.7013442181141706,17.110000610351562,1.1689070301902844
2024-08-30,BULL,longbyungi,48038696.93145298,48038696.93145298,-7.118758399185376,2.4499576191844508,0.7667731816294413,15.649999618530273,1.2779553027157355
2024-09-03,NEUTRAL,longbyungi,48038696.93145298,48038696.93145298,-7.118758399185376,0.0,0.7999999999999999,15.0,1.3333333333333333
2024-09-04,BEAR,yangbyungi,48473310.72154908,31345712.888565727,-6.27844692074202,0.9047160265738485,0.5791505983432025,20.719999313354492,0.9652509972386709
2024-09-05,BEAR,yangbyungi,47883476.7254999,31626131.835385308,-7.418871565681718,-1.2168221796060807,0.5628517904206723,21.31999969482422,0.9380863173677872
2024-09-06,BEAR,yangbyungi,48018299.67579813,36058056.56961276,-7.158195822585411,0.2815646638842262,0.6030150869362814,19.899999618530273,1.0050251448938023
2024-09-09,BEAR,yangbyungi,47356088.59939422,37879354.11950393,-8.438559173530846,-1.3790806439938907,0.5361930495974583,22.3799991607666,0.8936550826624304
2024-09-10,BEAR,yangbyungi,47580967.734378934,32768215.949431486,-8.003762757272892,0.47486847338062965,0.6169665567759318,19.450000762939453,1.028277594626553
2024-09-11,BEAR,yangbyungi,47240529.24379537,23252551.96114886,-8.661989389423807,-0.715492993929967,0.6289308201249274,19.079999923706055,1.0482180335415456
2024-09-12,BULL,longbyungi,46672592.27354365,15153664.684765533,-9.760076854686561,-1.2022239787381706,0.6783493294359736,17.690000534057617,1.1305822157266228
2024-09-13,BULL,longbyungi,47745829.6056377,14063149.691910934,-7.685007747806305,2.2995022984879654,0.7029877102832351,17.06999969482422,1.171646183805392
2024-09-16,BULL,longbyungi,45917899.52376719,12751427.772545807,-11.219250481448185,-3.8284601963533005,0.724637704528882,16.559999465942383,1.2077295075481367
2024-09-17,BULL,longbyungi,47074697.648688145,47074697.648688145,-8.982619328078911,2.519274916576264,0.7001167110453517,17.139999389648438,1.1668611850755861
2024-09-18,BULL,longbyungi,45215209.91455193,14996540.22646758,-12.577877745152577,-3.9500789745126164,0.6814309814927618,17.610000610351562,1.1357183024879365
2024-09-19,NEUTRAL,longbyungi,48521825.88274792,16616251.235423338,-6.1846444511404535,7.3130611899068,0.658255639129211,18.229999542236328,1.0970927318820185
2024-09-20,BULL,longbyungi,47523471.86343168,47523471.86343168,-8.11492913399876,-2.0575359668631332,0.7348438491159912,16.329999923706055,1.224739748526652
2024-09-23,NEUTRAL,longbyungi,47523471.86343168,47523471.86343168,-8.11492913399876,0.0,0.7430340732783285,16.149999618530273,1.2383901221305476
2024-09-24,BULL,longbyungi,47196278.93449826,11634129.507260993,-8.747545908048792,-0.6884870067441096,0.7551919283024183,15.890000343322754,1.2586532138373638
2024-09-25,BULL,longbyungi,47297460.7605362,10309062.388502382,-8.551914173007113,0.2143851768025451,0.779727078122284,15.390000343322754,1.2995451302038068
2024-09-26,BULL,longbyungi,51877891.14118278,51877891.14118278,0.0,9.684305049349229,0.7787151277626541,15.40999984741211,1.29785854627109
2024-09-27,BULL,longbyungi,51877891.14118278,51877891.14118278,0.0,0.0,0.7807417104325828,15.369999885559082,1.3012361840543047
2024-09-30,BULL,longbyungi,51733328.88466967,15171834.10700871,-0.2786586989816042,-0.2786586989816042,0.7075472080058264,16.959999084472656,1.1792453466763773
2024-10-01,BULL,longbyungi,51612624.86901613,51612624.86901613,-0.5113281714646756,-0.23331963795065747,0.7172743770676719,16.729999542236328,1.1954572951127866
2024-10-02,NEUTRAL,longbyungi,52148510.95722309,19455226.578883782,0.0,1.0382848955404533,0.6230529520973258,19.260000228881836,1.0384215868288764
2024-10-03,NEUTRAL,longbyungi,51853249.02420622,18724606.202593964,-0.5661943698815564,-0.5661943698815564,0.6349206477356087,18.899999618530273,1.058201079559348
2024-10-04,NEUTRAL,longbyungi,53799281.929201484,53799281.929201484,0.0,3.752962334311616,0.5856515438772572,20.489999771118164,0.9760859064620954
2024-10-07,NEUTRAL,longbyungi,53725791.16682599,20192232.792367004,-0.13660175329516244,-0.13660175329516244,0.6246746783918141,19.209999084472656,1.0411244639863568
2024-10-08,NEUTRAL,longbyungi,54062170.68800827,25240153.715355672,0.0,0.6261043604509853,0.5300353499782643,22.639999389648438,0.8833922499637739
2024-10-09,BULL,longbyungi,54487743.55339218,23706995.819245912,0.0,0.7871915980582456,0.5602240876404432,21.420000076293945,0.9337068127340721
2024-10-10,BULL,longbyungi,53373820.62504062,22620949.048174478,-2.044355034192291,-2.044355034192291,0.5752636456801024,20.860000610351562,0.9587727428001706
2024-10-11,BULL,longbyungi,53544775.51095794,22449447.030216105,-1.7306057857033985,0.3202972616824784,0.5733396954147449,20.93000030517578,0.9555661590245749
2024-10-14,BULL,longbyungi,54734830.68319526,22385091.053461492,0.0,2.2225420890853886,0.5865102901743015,20.459999084472656,0.9775171502905025
2024-10-15,BULL,longbyungi,51756234.77771698,51756234.77771698,-5.441865569509796,-5.441865569509796,0.6091370322469708,19.700000762939453,1.0152283870782848
2024-10-16,NEUTRAL,longbyungi,51756234.77771698,51756234.77771698,-5.441865569509796,0.0,0.5813953660298241,20.639999389648438,0.9689922767163736
2024-10-17,NEUTRAL,longbyungi,51756234.77771698,51756234.77771698,-5.441865569509796,0.0,0.6128702781796881,19.579999923706055,1.0214504636328134
2024-10-18,NEUTRAL,longbyungi,51756234.77771698,51756234.77771698,-5.441865569509796,0.0,0.6279434650305455,19.110000610351562,1.046572441717576
2024-10-21,NEUTRAL,longbyungi,51461659.524464235,17309490.813218832,-5.980051674364562,-0.5691589709295619,0.6655573789793686,18.030000686645508,1.1092622982989477
2024-10-22,NEUTRAL,longbyungi,50519030.93887356,17602163.030493394,-7.702224875276798,-1.831710431224165,0.6532389467490506,18.3700008392334,1.0887315779150843
2024-10-23,NEUTRAL,longbyungi,50225596.1154318,50225596.1154318,-8.238327426027636,-0.5808401665439833,0.6593406317012648,18.200000762939453,1.0989010528354413
2024-10-24,NEUTRAL,longbyungi,50225596.1154318,50225596.1154318,-8.238327426027636,0.0,0.623700631120257,19.239999771118164,1.039501051867095
2024-10-25,NEUTRAL,longbyungi,49811863.17764419,18637170.75928991,-8.994213454400112,-0.8237491832585486,0.6289308201249274,19.079999923706055,1.0482180335415456
2024-10-28,NEUTRAL,longbyungi,49384978.757702395,20406257.90227364,-9.774127111962338,-0.8569934804875667,0.5902607006902764,20.329999923706055,0.9837678344837939
2024-10-29,NEUTRAL,longbyungi,51079050.265915215,19480479.158144247,-6.67907504535763,3.430337626597857,0.6060606294135135,19.799999237060547,1.0101010490225224
2024-10-30,BULL,longbyungi,48550069.07741518,48550069.07741518,-11.299498927067898,-4.95111239409165,0.620475693139758,19.34000015258789,1.0341261552329302
2024-10-31,NEUTRAL,longbyungi,48550069.07741518,48550069.07741518,-11.299498927067898,0.0,0.589680578626767,20.350000381469727,0.9828009643779452
2024-11-01,BEAR,yangbyungi,48350476.066297546,35290771.11357941,-11.664153405078215,-0.4111075739138048,0.5181347184395977,23.15999984741211,0.8635578640659962
2024-11-04,BEAR,yangbyungi,47862313.52698505,36240593.7109879,-12.556021587037113,-1.0096333666769541,0.5484460905061369,21.8799991607666,0.9140768175102283
2024-11-05,BEAR,yangbyungi,48129923.47267984,32179961.892425217,-12.06710083519683,0.5591245511855858,0.5459508757923784,21.979999542236328,0.9099181263206307
2024-11-06,BEAR,yangbyungi,49240907.82039385,31824687.283927813,-10.037343304485935,2.3083027512907695,0.5856515438772572,20.489999771118164,0.9760859064620954
2024-11-07,NEUTRAL,longbyungi,49938130.85813568,13140058.264332548,-8.76352363785109,1.4159426960301813,0.7375537592117198,16.270000457763672,1.2292562653528665
2024-11-08,BULL,longbyungi,48478318.79175795,10367760.817892313,-11.430585996785037,-2.923241301371027,0.7894736941171157,15.199999809265137,1.3157894901951928
2024-11-11,BULL,longbyungi,47306058.191843,47306058.191843,-13.57229464059172,-2.4181131465191186,0.8032128739652968,14.9399995803833,1.3386881232754948
2024-11-12,BULL,longbyungi,47306058.191843,47306058.191843,-13.57229464059172,0.0,0.801603192114152,14.970000267028809,1.3360053201902533
2024-11-13,BULL,longbyungi,47306058.191843,47306058.191843,-13.57229464059172,0.0,0.8157715818409778,14.710000038146973,1.3596193030682964
2024-11-14,BEAR,yangbyungi,47306058.191843,47306058.191843,-13.57229464059172,0.0,0.8559200861762395,14.020000457763672,1.4265334769603992
2024-11-15,BEAR,yangbyungi,47306058.191843,47306058.191843,-13.57229464059172,0.0,0.8385743988902989,14.3100004196167,1.3976239981504983
2024-11-18,BEAR,yangbyungi,47731222.743648715,26202983.107483372,-12.795523165282763,0.8987528618036977,0.7434944519078687,16.139999389648438,1.239157419846448
2024-11-19,BEAR,yangbyungi,47515883.8352638,25537870.157168306,-13.18894524350438,-0.4511489461341389,0.770218232269768,15.579999923706055,1.2836970537829469
2024-11-20,BEAR,yangbyungi,47095078.314453,47095078.314453,-13.957752811844959,-0.8856102146173384,0.7339449370044174,16.350000381469727,1.223241561674029
2024-11-21,BEAR,yangbyungi,46155205.59849882,17218759.45867508,-15.67489106590142,-1.995692011973449,0.6993007055189289,17.15999984741211,1.1655011758648814
2024-11-22,NEUTRAL,longbyungi,45812884.65472622,13293758.282900717,-16.300308080076455,-0.7416735324514145,0.7113218377614082,16.8700008392334,1.1855363962690137
2024-11-25,BULL,longbyungi,46142028.29209507,9998150.99089633,-15.698965875742378,0.7184521119974807,0.7874015866287349,15.239999771118164,1.3123359777145582
2024-11-26,BULL,longbyungi,46985515.54111328,46985515.54111328,-14.157922926508991,1.8280237784057407,0.8219177867440579,14.600000381469727,1.3698629779067633
2024-11-27,BULL,longbyungi,46985515.54111328,46985515.54111328,-14.157922926508991,0.0,0.8510638067620512,14.100000381469727,1.418439677936752
2024-11-29,BULL,longbyungi,47089783.99914788,6997843.822015896,-13.967425474095007,0.221916173173331,0.8510638067620512,14.100000381469727,1.418439677936752
2024-12-02,BULL,longbyungi,49505375.446341746,5339153.098951593,-9.554163540071148,5.129756907013161,0.8882309249963046,13.510000228881836,1.480384874993841
2024-12-03,BULL,longbyungi,48097815.170673095,4878031.175019726,-12.125762388737726,-2.8432473503696376,0.8995502145981656,13.34000015258789,1.4992503576636094
2024-12-04,BULL,longbyungi,50690126.939962424,50690126.939962424,-7.38963415570526,5.389666370687762,0.9022556261585261,13.300000190734863,1.5037593769308768
2024-12-05,BULL,longbyungi,50690126.939962424,50690126.939962424,-7.38963415570526,0.0,0.8921933212024068,13.449999809265137,1.486988868670678
2024-12-06,BULL,longbyungi,50609559.336401895,5765346.659807816,-7.536830378941706,-0.15894141211355572,0.8862629271645677,13.539999961853027,1.4771048786076129
2024-12-09,BULL,longbyungi,49277552.33206516,3000066.1283729896,-9.970394140281147,-2.6319276867891372,0.9397023938792781,12.770000457763672,1.5661706564654636
2024-12-10,BULL,longbyungi,49554600.45204374,49554600.45204374,-9.464229936390323,0.5622197265636286,0.8456659869524715,14.1899995803833,1.4094433115874525
2024-12-11,BEAR,yangbyungi,49902020.846842244,20199266.54240831,-8.82949627509635,0.7010860578620104,0.846262323112922,14.180000305175781,1.4104372051882035
2024-12-12,BEAR,yangbyungi,49193951.271000475,49193951.271000475,-10.123132460690986,-1.4189196425831274,0.8836524350086399,13.579999923706055,1.4727540583477332
2024-12-13,BULL,longbyungi,48985347.04184153,6785372.821540132,-10.504250345875176,-0.4240444684139755,0.862068960792339,13.920000076293945,1.436781601320565
2024-12-16,BULL,longbyungi,50746500.67013399,6491141.337504707,-7.286639902378966,3.5952662064191454,0.8689355275438191,13.8100004196167,1.4482258792396985
2024-12-17,BULL,longbyungi,48246726.51916853,9054069.104388937,-11.85370281234599,-4.926003010955704,0.8168822561455028,14.6899995803833,1.3614704269091713
2024-12-18,BULL,longbyungi,46024202.82014516,46024202.82014516,-15.91423185990497,-4.60657926323843,0.7561436727494503,15.869999885559082,1.2602394545824172
2024-12-19,NEUTRAL,longbyungi,46024202.82014516,46024202.82014516,-15.91423185990497,0.0,0.43446776377190954,27.6200008392334,0.7241129396198492
2024-12-20,BEAR,yangbyungi,46679127.149219245,29975913.021870166,-14.717691520053044,1.4229998325737903,0.49813200182611406,24.09000015258789,0.8302200030435235
2024-12-23,BEAR,yangbyungi,47980591.003855556,25510626.226989698,-12.339929794308102,2.788106663768408,0.6535947495140209,18.360000610351562,1.0893245825233682
2024-12-24,BEAR,yangbyungi,48469845.72036351,48469845.72036351,-11.44606621530161,1.0196929764134,0.7151370386742768,16.780000686645508,1.191895064457128
2024-12-26,BULL,longbyungi,48732455.08057547,7710341.166324154,-10.966281484200602,0.5417994555357852,0.8409249905434539,14.270000457763672,1.4015416509057566
2024-12-27,BULL,longbyungi,47906540.6215852,47906540.6215852,-12.475219118027692,-1.6947934546385768,0.8146639764374455,14.729999542236328,1.3577732940624092
2024-12-30,BULL,longbyungi,46966819.96768863,11864001.791892968,-14.192079556193049,-1.961570678457969,0.7523511061755226,15.949999809265137,1.2539185102925376
2024-12-31,BULL,longbyungi,47263366.11155785,47263366.11155785,-13.650292653469942,0.6313949806975083,0.6896551875334813,17.399999618530273,1.1494253125558023
2025-01-02,BEAR,yangbyungi,46532996.03628909,29915329.52349335,-14.984671633275571,-1.5453196320059703,0.6916426360898716,17.350000381469727,1.1527377268164527
2025-01-03,BEAR,yangbyungi,47711567.51692428,24932622.353265647,-12.831433072153953,2.532765093646816,0.6692693695345898,17.93000030517578,1.1154489492243165
2025-01-06,BULL,longbyungi,49409763.73593413,12600221.37040738,-9.728845199289237,3.559296638928222,0.7439554013857544,16.1299991607666,1.2399256689762574
2025-01-07,BULL,longbyungi,50601025.819900766,50601025.819900766,-7.5524210300766725,2.4109851857078812,0.7481296331089068,16.040000915527344,1.246882721848178
2025-01-08,BULL,longbyungi,50601025.819900766,50601025.819900766,-7.5524210300766725,0.0,0.673400684932973,17.81999969482422,1.1223344748882884
2025-01-10,BULL,longbyungi,50601025.819900766,50601025.819900766,-7.5524210300766725,0.0,0.6779660724719172,17.700000762939453,1.129943454119862
2025-01-13,NEUTRAL,longbyungi,50601025.819900766,50601025.819900766,-7.5524210300766725,0.0,0.6141248432831071,19.540000915527344,1.0235414054718452
2025-01-14,BEAR,yangbyungi,50070892.19995053,36226596.87006123,-8.520969965613979,-1.0476736614729698,0.6253256730609724,19.190000534057617,1.0422094551016208
2025-01-15,BEAR,yangbyungi,50690551.16509576,36113282.9616326,-7.388859100538303,1.2375632586507868,0.6413682836552753,18.709999084472656,1.0689471394254588
2025-01-16,NEUTRAL,longbyungi,51417595.10923253,51417595.10923253,-6.060556929759886,1.4342790272073191,0.7444168346935812,16.1200008392334,1.240694724489302
2025-01-17,NEUTRAL,longbyungi,51362664.11917646,14248250.101292148,-6.160915311014426,-0.10683305965472067,0.7228915496529372,16.600000381469727,1.2048192494215622
2025-01-21,BULL,longbyungi,52094084.620348856,12998796.930392727,-4.824617213362769,1.4240314705547208,0.7514088791078385,15.970000267028809,1.2523481318463976
2025-01-22,BULL,longbyungi,53111674.76425286,10813690.936445132,-2.9654899790175993,1.9533698524889953,0.7968127268023953,15.0600004196167,1.3280212113373255
2025-01-23,BULL,longbyungi,52153063.12123204,10474251.142868452,-4.716864069437743,-1.8048981646235251,0.7947019666784939,15.100000381469727,1.3245032777974899
2025-01-24,BULL,longbyungi,52141494.712131895,52141494.712131895,-4.737999439650364,-0.02218164841680803,0.7989347293126966,15.020000457763672,1.3315578821878278
2025-01-27,BULL,longbyungi,52141494.712131895,52141494.712131895,-4.737999439650364,0.0,0.8080807873226695,14.850000381469727,1.3468013122044493
2025-01-28,BEAR,yangbyungi,51336051.50779019,41451476.051995575,-6.20953629157488,-1.5447259592163087,0.670391075739324,17.899999618530273,1.11731845956554
2025-01-29,BEAR,yangbyungi,51053811.94250623,51053811.94250623,-6.725185215232942,-0.549788222884906,0.731261432759393,16.40999984741211,1.2187690545989884
2025-01-30,BEAR,yangbyungi,51196104.732494906,25156949.977079377,-6.465217680461044,0.278711392107045,0.724637704528882,16.559999465942383,1.2077295075481367
2025-01-31,BEAR,yangbyungi,50605698.680501804,30836455.427692264,-7.543883759489168,-1.1532245569815025,0.7575757502779743,15.84000015258789,1.2626262504632906
2025-02-03,BEAR,yangbyungi,48966009.81153585,48966009.81153585,-10.539579276401344,-3.2401269258588883,0.7303712584971626,16.43000030517578,1.2172854308286043
2025-02-04,NEUTRAL,longbyungi,49588807.05978721,17408969.464881293,-9.401734798803341,1.2718970785008388,0.6444682845940221,18.6200008392334,1.0741138076567034
2025-02-05,NEUTRAL,longbyungi,50918926.41315652,14944458.7195075,-6.971619757308045,2.682297543003287,0.6972690667268389,17.209999084472656,1.162115111211398
2025-02-06,BULL,longbyungi,50323800.23968893,12001036.694278449,-8.058909452076934,-1.1687720370196497,0.7609384687171853,15.770000457763672,1.2682307811953089
2025-02-07,NEUTRAL,longbyungi,50540140.02998049,50540140.02998049,-7.663658772406934,0.42989557478001483,0.7741935483870968,15.5,1.2903225806451613
2025-02-10,NEUTRAL,longbyungi,50544122.67114837,13872567.672689028,-7.65638252596903,0.007880154596962008,0.725513865524318,16.540000915527344,1.2091897758738632
2025-02-11,BULL,longbyungi,50027726.69108825,11956645.921094961,-8.599832927869445,-1.021673644272958,0.7590132625873093,15.8100004196167,1.265022104312182
2025-02-12,NEUTRAL,longbyungi,49586889.365866296,12120647.004825838,-9.405238406829476,-0.8811860030019769,0.7490636490078573,16.020000457763672,1.2484394150130955
2025-02-13,NEUTRAL,longbyungi,50214999.098543696,12114837.698365465,-8.257688072175306,1.2666850869451185,0.7551919283024183,15.890000343322754,1.2586532138373638
2025-02-14,NEUTRAL,longbyungi,50209363.62512421,50209363.62512421,-8.267984026961583,-0.011222689476564351,0.7947019666784939,15.100000381469727,1.3245032777974899
2025-02-18,BULL,longbyungi,50658782.73324634,9416381.578547016,-7.446899714627886,0.8950902295388641,0.8124576593152605,14.770000457763672,1.3540960988587676
2025-02-19,BULL,longbyungi,51937900.00940248,11108151.90219266,-5.109964969073144,2.5249664661142424,0.7817589382268815,15.350000381469727,1.3029315637114691
2025-02-20,BULL,longbyungi,51564222.821135364,11278616.857262664,-5.792669535074202,-0.719469189550348,0.7858545933375453,15.270000457763672,1.3097576555625754
2025-02-21,BULL,longbyungi,51796635.39303697,51796635.39303697,-5.368054040697679,0.4507244736486893,0.7662835323707272,15.65999984741211,1.2771392206178787
2025-02-24,NEUTRAL,longbyungi,51796635.39303697,51796635.39303697,-5.368054040697679,0.0,0.6589786163269051,18.209999084472656,1.0982976938781752
2025-02-25,BEAR,yangbyungi,51753187.86401378,41959251.63655278,-5.44743225102714,-0.0838809870438495,0.632244483109513,18.979999542236328,1.0537408051825217
2025-02-26,BEAR,yangbyungi,51286319.42681049,37069884.232343554,-6.300396316825618,-0.902105660486141,0.6176016372374131,19.43000030517578,1.0293360620623553
2025-02-27,BEAR,yangbyungi,53190987.29987562,38586777.60346135,-2.820586752620824,3.7137932578360067,0.6282722387608984,19.100000381469727,1.0471203979348307
2025-02-28,BEAR,yangbyungi,53595285.25406005,35018046.62699486,-2.081938346956602,0.7600873281503828,0.5679129425750833,21.1299991607666,0.9465215709584721
2025-03-03,BEAR,yangbyungi,55580870.953878075,41088797.846653976,0.0,3.7047768108811496,0.6113092467157991,19.6299991607666,1.018848744526332
2025-03-04,BEAR,yangbyungi,54775737.31074689,29025917.091042347,-1.4485804725861473,-1.4485804725861473,0.5267778594508494,22.780000686645508,0.877963099084749
2025-03-05,BEAR,yangbyungi,55323342.88808925,38183829.0256632,-0.46333938524016904,0.9997228777328004,0.5104210924361499,23.510000228881836,0.8507018207269165
2025-03-06,BEAR,yangbyungi,53561173.13003908,53561173.13003908,-3.633800243099772,-3.185219233072678,0.5471956148202987,21.93000030517578,0.9119926913671645
2025-03-07,BEAR,yangbyungi,54399268.66817279,38054923.28995389,-2.1259153831644673,1.5647445512422475,0.48250903076245705,24.8700008392334,0.8041817179374284
2025-03-10,BEAR,yangbyungi,53180930.25473348,53180930.25473348,-4.317925678307743,-2.239622780355721,0.5134788005593257,23.3700008392334,0.8557980009322095
2025-03-11,BEAR,yangbyungi,52406272.369573705,37522311.57477807,-5.711674771952935,-1.456645984658811,0.43072504440438963,27.860000610351562,0.7178750740073161
2025-03-12,BEAR,yangbyungi,52137775.037046604,43615217.21620828,-6.194749844219983,-0.512338161801762,0.4457652290486928,26.920000076293945,0.7429420484144881
2025-03-13,BEAR,yangbyungi,51762739.751963004,42375903.3281043,-6.8695058864468255,-0.719315860366343,0.49525382693806064,24.229999542236328,0.8254230448967678
2025-03-14,BEAR,yangbyungi,52545059.1927045,39542903.83823849,-5.461972274045046,1.511356324047397,0.48661800787721066,24.65999984741211,0.8110300131286845
2025-03-17,BEAR,yangbyungi,53050163.66016877,37917351.00274338,-4.5531983401435605,0.9612787105479192,0.5512172598839119,21.770000457763672,0.9186954331398532
2025-03-18,NEUTRAL,longbyungi,52600940.89638004,52600940.89638004,-5.361431021782359,-0.8467886483185638,0.585080442032458,20.510000228881836,0.9751340700540967
2025-03-19,BEAR,yangbyungi,52726536.9788722,38056902.45020218,-5.135461042657008,0.23877155113931625,0.5529953722625812,21.700000762939453,0.9216589537709687
2025-03-20,NEUTRAL,longbyungi,52174388.14881085,20706849.070779987,-6.1288762601326985,-1.0471934280125494,0.6030150869362814,19.899999618530273,1.0050251448938023
2025-03-21,NEUTRAL,longbyungi,50396552.24231544,50396552.24231544,-9.327523341375255,-3.407487791566799,0.6060606294135135,19.799999237060547,1.0101010490225224
2025-03-24,NEUTRAL,longbyungi,50690742.925386645,19029404.660900798,-8.798221302702036,0.5837516059763015,0.6224066168375152,19.280000686645508,1.0373443613958586
2025-03-25,NEUTRAL,longbyungi,50407747.95730917,50407747.95730917,-9.307380233141082,-0.5582774126905665,0.6864988738131719,17.479999542236328,1.1441647896886198
2025-03-26,NEUTRAL,longbyungi,50407747.95730917,50407747.95730917,-9.307380233141082,0.0,0.6997084703742039,17.149999618530273,1.1661807839570066
2025-03-27,BEAR,yangbyungi,50407747.95730917,50407747.95730917,-9.307380233141082,0.0,0.6546644871765922,18.329999923706055,1.0911074786276538
2025-03-28,BEAR,yangbyungi,49071185.89556453,24960202.028518427,-11.712096170129094,-2.651501239207499,0.642054556292449,18.690000534057617,1.0700909271540817
2025-03-31,BEAR,yangbyungi,49196215.95282646,49196215.95282646,-11.487144572365027,0.2547932253523122,0.5542725270872142,21.649999618530273,0.9237875451453571
2025-04-01,BEAR,yangbyungi,49168928.590389505,39250888.17596643,-11.536239453335128,-0.055466384778701805,0.5385996243345147,22.280000686645508,0.8976660405575245
2025-04-02,BEAR,yangbyungi,49409261.91209618,35269397.17426066,-11.103836510412368,0.48879104873083,0.5512172598839119,21.770000457763672,0.9186954331398532
2025-04-03,BEAR,yangbyungi,47268510.863172315,47268510.863172315,-14.955433313744749,-4.332691819465884,0.5578800498517614,21.510000228881836,0.9298000830862692
2025-04-04,BEAR,yangbyungi,47268510.863172315,47268510.863172315,-14.955433313744749,0.0,0.39973350489728593,30.020000457763672,0.6662225081621432
2025-04-07,BEAR,yangbyungi,47268510.863172315,47268510.863172315,-14.955433313744749,0.0,0.3,45.310001373291016,0.5
2025-04-08,BEAR,yangbyungi,45708411.02152977,41559897.05293395,-17.762333988146096,-3.3005055863903787,0.3,46.97999954223633,0.5
2025-04-09,BEAR,yangbyungi,49135882.27480926,38947376.15443387,-11.595695728512368,7.498556997890549,0.3,52.33000183105469,0.5
2025-04-10,BEAR,yangbyungi,47652460.99254775,47652460.99254775,-14.264637860585971,-3.0190183091960643,0.35693040991204067,33.619998931884766,0.5948840165200678
2025-04-11,BEAR,yangbyungi,48203080.38278445,40504591.843665585,-13.273974380890575,1.1554899343452663,0.3,40.720001220703125,0.5
2025-04-14,BEAR,yangbyungi,48888286.9278521,48888286.9278521,-12.041164363148592,1.4214994967673755,0.31948880621003445,37.560001373291016,0.5324813436833907
2025-04-15,BEAR,yangbyungi,48738019.65275334,41727272.21428377,-12.311522262403995,-0.30736866546484665,0.38847524237962033,30.889999389648438,0.6474587372993672
2025-04-16,BEAR,yangbyungi,47760642.67741953,47760642.67741953,-14.069999520064913,-2.0053686676179794,0.39840636340119767,30.1200008392334,0.6640106056686628
2025-04-17,BEAR,yangbyungi,47607002.281009495,42453419.62660608,-14.346426272242885,-0.32168829353436124,0.36764706569834443,32.63999938964844,0.6127451094972407
2025-04-21,BEAR,yangbyungi,47900445.642834045,47900445.642834045,-13.818468799125828,0.6163869762108698,0.4047217590013186,29.649999618530273,0.6745362650021978
2025-04-22,BEAR,yangbyungi,47973145.82976277,39402436.28593307,-13.687668065562198,0.15177350847799254,0.3548196365547711,33.81999969482422,0.5913660609246185
2025-04-23,BEAR,yangbyungi,48857920.28295966,41913909.651449606,-12.095799428003263,1.8443119330481261,0.39254171147511363,30.56999969482422,0.654236185791856
2025-04-24,BEAR,yangbyungi,50082956.258264415,38953673.85140194,-9.891739012466939,2.507343677770124,0.42179260731802387,28.450000762939453,0.7029876788633731
2025-04-25,BEAR,yangbyungi,50232044.82140896,38458108.616544,-9.623501828367642,0.29768323254668605,0.4533434193912438,26.469999313354492,0.755572365652073
2025-04-28,BEAR,yangbyungi,49986334.35486038,40965389.363690406,-10.065579223578801,-0.4891508347353857,0.4830917844720629,24.84000015258789,0.8051529741201049
2025-04-29,BEAR,yangbyungi,49488624.60326742,40710755.614875965,-10.961048731435142,-0.9956916385579495,0.4771371841754827,25.149999618530273,0.7952286402924712
2025-04-30,BEAR,yangbyungi,48837804.46682511,48837804.46682511,-12.131991405187714,-1.3150903700793748,0.4964832421233485,24.170000076293945,0.8274720702055809
2025-05-01,BEAR,yangbyungi,48240399.79328379,39789082.32547396,-13.20683003813583,-1.2232422813911126,0.4858299445077396,24.700000762939453,0.809716574179566
2025-05-02,BEAR,yangbyungi,48962199.61136122,36885863.51664829,-11.908182129799904,1.4962558792432024,0.4878048704844394,24.600000381469727,0.8130081174740657
2025-05-05,NEUTRAL,longbyungi,48458391.45773563,22897529.93278098,-12.814623761568612,-1.0289736932257654,0.5291005219810994,22.68000030517578,0.8818342033018324
2025-05-06,NEUTRAL,longbyungi,47027612.73711031,47027612.73711031,-15.388852441454903,-2.9525922705734287,0.5076142263038552,23.639999389648438,0.8460237105064253
2025-05-07,BEAR,yangbyungi,47529323.48908329,33352378.141909122,-14.486184413115966,1.066842909457466,0.48465266110952376,24.760000228881836,0.8077544351825396
2025-05-08,BEAR,yangbyungi,47693521.13810645,36974400.75132684,-14.190763261548522,0.3454659922960568,0.5095541566352004,23.549999237060547,0.849256927725334
2025-05-09,NEUTRAL,longbyungi,47536637.896782,22431131.76453278,-14.473024475941209,-0.32894036250785685,0.5338078400515052,22.479999542236328,0.8896797334191754
2025-05-12,NEUTRAL,longbyungi,52410689.09217774,23713650.579995584,-5.703728292295029,10.253251830680444,0.5479452150239502,21.899999618530273,0.9132420250399171
2025-05-13,NEUTRAL,longbyungi,54654795.86225413,18336513.600107677,-1.6661759265924725,4.281773067569383,0.6525285697809587,18.389999389648438,1.087547616301598
2025-05-14,BULL,longbyungi,54530676.8549508,18894110.983199105,-1.889488381351101,-0.22709627827747214,0.6586169293214245,18.219999313354492,1.0976948822023742
2025-05-15,BULL,longbyungi,53257041.24604404,19027213.930135354,-4.180988293188836,-2.335631395690496,0.6444682845940221,18.6200008392334,1.0741138076567034
2025-05-16,BULL,longbyungi,53339055.90692347,53339055.90692347,-4.033429142941813,0.15399777937443737,0.6730229978321693,17.829999923706055,1.121704996386949
2025-05-19,BULL,longbyungi,53339055.90692347,53339055.90692347,-4.033429142941813,0.0,0.6960556936957368,17.239999771118164,1.1600928228262282
2025-05-20,BULL,longbyungi,53478018.664737396,18054122.476973325,-3.783410106843521,0.26052721678542223,0.6615215217067637,18.139999389648438,1.1025358695112728
2025-05-21,NEUTRAL,longbyungi,50998909.461937115,17721387.57473295,-8.24377418580423,-4.635753651125762,0.66334991148595,18.09000015258789,1.1055831858099168
2025-05-22,NEUTRAL,longbyungi,49673715.099041164,21638191.03666604,-10.6280375846193,-2.598475882871587,0.5749879979612299,20.8700008392334,0.9583133299353832
2025-05-23,NEUTRAL,longbyungi,47444243.94408374,47444243.94408374,-14.63925784204828,-4.48823115104684,0.5917159562968884,20.280000686645508,0.986193260494814
2025-05-27,NEUTRAL,longbyungi,47871490.756974906,21902256.328802597,-13.87056385514459,0.9005240201418463,0.5383579859631468,22.290000915527344,0.8972633099385781
2025-05-28,NEUTRAL,longbyungi,48059519.02826977,48059519.02826977,-13.532267120912245,0.39277713796173064,0.6329114229666516,18.959999084472656,1.054852371611086
2025-05-29,NEUTRAL,longbyungi,48059519.02826977,48059519.02826977,-13.532267120912245,0.0,0.6214396857526979,19.309999465942383,1.03573280958783
2025-05-30,NEUTRAL,longbyungi,48059519.02826977,48059519.02826977,-13.532267120912245,0.0,0.6256517105873958,19.18000030517578,1.042752850978993
2025-06-02,NEUTRAL,longbyungi,49173565.42516123,17003286.5125537,-11.527896952233318,2.3180556514436734,0.6462035647391319,18.56999969482422,1.0770059412318864
2025-06-03,BULL,longbyungi,51262830.96512481,17044276.6455679,-7.768931854875838,4.248757481584886,0.6535947495140209,18.360000610351562,1.0893245825233682
2025-06-04,BULL,longbyungi,52154784.710576445,16707725.479905248,-6.164146377167523,1.7399619347172823,0.6783493294359736,17.690000534057617,1.1305822157266228
2025-06-05,BULL,longbyungi,51066948.88232195,16841713.329862617,-8.121359010911966,-2.0857833740302922,0.6814309814927618,17.610000610351562,1.1357183024879365
2025-06-06,BULL,longbyungi,51204346.42563461,18272501.71515879,-7.8741560776821595,0.2690537545708471,0.6493506654355597,18.479999542236328,1.0822511090592664
2025-06-09,BULL,longbyungi,53123036.46991086,14815043.246858105,-4.422087027039867,3.7471233952039995,0.7155634867287436,16.770000457763672,1.1926058112145728
2025-06-10,BULL,longbyungi,54847148.11846824,16109675.830377892,-1.3200995645042846,3.245506588340308,0.6993007055189289,17.15999984741211,1.1655011758648814
2025-06-11,BULL,longbyungi,55645255.33230153,55645255.33230153,0.0,1.4551480636867398,0.7079645699035928,16.950000762939453,1.1799409498393214
2025-06-12,BULL,longbyungi,55847993.14142855,16957940.43468886,0.0,0.36433979485999135,0.6952491217190094,17.260000228881836,1.1587485361983492
2025-06-13,BULL,longbyungi,53360626.880252674,53360626.880252674,-4.453814938124834,-4.453814938124834,0.6659267311411173,18.020000457763672,1.1098778852351956
2025-06-16,NEUTRAL,longbyungi,54435554.548652485,22605221.887513153,-2.5290767193715147,2.014458471059699,0.5763688845290021,20.81999969482422,0.960614807548337
2025-06-17,BULL,longbyungi,53164582.642068714,20086352.479584917,-4.804846778584171,-2.3348194339562034,0.6279434650305455,19.110000610351562,1.046572441717576
2025-06-18,NEUTRAL,longbyungi,52985926.64672047,23821937.2296208,-5.124743672454324,-0.3360432575029271,0.5555555457440916,21.600000381469727,0.925925909573486
2025-06-20,NEUTRAL,longbyungi,53675799.58811745,53675799.58811745,-3.889474681409366,1.3019927838511913,0.5958292136874523,20.139999389648438,0.9930486894790873
2025-06-23,NEUTRAL,longbyungi,53768748.588801205,22438672.098196562,-3.7230425583277493,0.17316742628334936,0.5819592391658763,20.6200008392334,0.9699320652764606
2025-06-24,BULL,longbyungi,56661739.82555712,21839005.69459085,0.0,5.380432523881473,0.6051437239621181,19.829999923706055,1.0085728732701968
2025-06-25,BULL,longbyungi,57285878.24851269,57285878.24851269,0.0,1.101516516924983,0.6864988738131719,17.479999542236328,1.1441647896886198
2025-06-26,BULL,longbyungi,57285878.24851269,57285878.24851269,0.0,0.0,0.7159904436827442,16.760000228881836,1.193317406137907
2025-06-27,BULL,longbyungi,56477042.91326083,15849438.666869946,-1.4119279654630446,-1.4119279654630446,0.7233272989529241,16.59000015258789,1.2055454982548737
2025-06-30,BULL,longbyungi,57056826.99983184,57056826.99983184,-0.3998389405626357,1.026583646494128,0.7352941313966889,16.31999969482422,1.2254902189944814
2025-07-01,BULL,longbyungi,56963070.8026694,16131426.956069522,-0.5635026566982559,-0.16432073441924322,0.7172743770676719,16.729999542236328,1.1954572951127866
2025-07-02,BULL,longbyungi,58463993.852779046,16242967.526192099,0.0,2.6349054377863945,0.7130124809505963,16.829999923706055,1.1883541349176605
2025-07-03,BULL,longbyungi,58994900.991721824,58994900.991721824,0.0,0.908092492414525,0.7211538726056125,16.639999389648438,1.2019231210093542
2025-07-07,BULL,longbyungi,58994900.991721824,58994900.991721824,0.0,0.0,0.7326007701357163,16.3799991607666,1.2210012835595272
2025-07-08,BULL,longbyungi,59504521.67627245,19200703.382503964,0.0,0.8638385283876282,0.674536221610098,17.790000915527344,1.12422703601683
2025-07-09,BULL,longbyungi,59231562.92827786,17130383.952001564,-0.4587193381363486,-0.4587193381363486,0.7138608198240813,16.809999465942383,1.1897680330401357
2025-07-10,BULL,longbyungi,60363828.836838916,60363828.836838916,0.0,1.9115921521978052,0.7528231063925437,15.9399995803833,1.2547051773209061
2025-07-11,BULL,longbyungi,60387526.34579142,14459775.71264553,0.0,0.03925779628153325,0.7604562866326829,15.779999732971191,1.267427144387805
2025-07-14,BULL,longbyungi,59255504.33033981,59255504.33033981,-1.8745957715992856,-1.8745957715992856,0.7317073340929389,16.399999618530273,1.2195122234882314
2025-07-15,BULL,longbyungi,59255504.33033981,59255504.33033981,-1.8745957715992856,0.0,0.6976743876579468,17.200000762939453,1.162790646096578
2025-07-16,BULL,longbyungi,59267687.10942246,18342610.98744314,-1.854421441203824,0.02055974245824821,0.690448825054529,17.3799991607666,1.1507480417575484
2025-07-17,BULL,longbyungi,59024858.118499935,17779450.58713015,-2.2565392387304706,-0.4097156524333512,0.6993007055189289,17.15999984741211,1.1655011758648814
2025-07-18,BULL,longbyungi,59502673.78018759,59502673.78018759,-1.4652902994187644,0.8095159851606581,0.726392231687895,16.520000457763672,1.210653719479825
2025-07-21,BULL,longbyungi,58729975.392066285,15990663.298672847,-2.7448565192646934,-1.2985943975824976,0.731261432759393,16.40999984741211,1.2187690545989884
2025-07-22,BULL,longbyungi,58103578.06336393,58103578.06336393,-3.7821524090076664,-1.066571754067125,0.7207207372332218,16.649999618530273,1.2012012287220364
2025-07-23,BULL,longbyungi,58103578.06336393,58103578.06336393,-3.7821524090076664,0.0,0.7272727272727273,16.5,1.2121212121212122
2025-07-24,BULL,longbyungi,58103578.06336393,58103578.06336393,-3.7821524090076664,0.0,0.7807417104325828,15.369999885559082,1.3012361840543047
2025-07-25,BULL,longbyungi,58158027.77695967,12798644.911567137,-3.691985255473429,0.09371146392458396,0.779727078122284,15.390000343322754,1.2995451302038068
2025-07-28,BULL,longbyungi,59645853.07418012,11676894.311046563,-1.2281895227241657,2.558245790119229,0.8037508208114345,14.930000305175781,1.3395847013523907
2025-07-29,BULL,longbyungi,59135464.58451338,12206706.300962828,-2.073378124661829,-0.8556981975460731,0.7984032077975155,15.029999732971191,1.3306720129958591
2025-07-30,BULL,longbyungi,60344564.42625521,60344564.42625521,-0.07114369827007083,2.044627281170408,0.7509386948530948,15.979999542236328,1.2515644914218247
2025-07-31,BULL,longbyungi,60344564.42625521,60344564.42625521,-0.07114369827007083,0.0,0.7751938213730988,15.479999542236328,1.291989702288498
2025-08-01,BULL,longbyungi,60344564.42625521,60344564.42625521,-0.07114369827007083,0.0,0.7177033787564474,16.719999313354492,1.1961722979274123
2025-08-04,NEUTRAL,longbyungi,60372913.49550342,24812925.42064184,-0.024198458145685553,0.046978662482266564,0.5888125855815106,20.3799991607666,0.9813543093025178
2025-08-05,BULL,longbyungi,60939593.944640286,60939593.944640286,0.0,0.9386335963048609,0.6849314889533816,17.520000457763672,1.1415524815889695
2025-08-06,BULL,longbyungi,60939593.944640286,60939593.944640286,0.0,0.0,0.6722688931960654,17.850000381469727,1.1204481553267758
2025-08-07,BULL,longbyungi,59450036.37981517,17333445.62177965,-2.4443181655891655,-2.4443181655891655,0.7155634867287436,16.770000457763672,1.1926058112145728
2025-08-08,BULL,longbyungi,59938727.252857566,16460703.855599783,-1.6423914683316498,0.8220194684495086,0.7242003754380456,16.56999969482422,1.207000625730076
2025-08-11,BULL,longbyungi,58934473.600871824,12567245.328136943,-3.2903408342201734,-1.6754670945033578,0.7920792278649668,15.149999618530273,1.3201320464416113
2025-08-12,BULL,longbyungi,62266555.55536409,15687194.92592875,0.0,5.6538758232719255,0.7384615384615385,16.25,1.2307692307692308
2025-08-13,BULL,longbyungi,63600680.091931395,11733134.046019733,0.0,2.142602115482495,0.8146639764374455,14.729999542236328,1.3577732940624092
2025-08-14,BULL,longbyungi,63043513.49618294,10571843.37276914,-0.8760387388045188,-0.8760387388045188,0.828157362977928,14.489999771118164,1.38026227162988
2025-08-15,BULL,longbyungi,61733684.58862161,61733684.58862161,-2.9354961308765026,-2.0776584852629454,0.809170604297695,14.829999923706055,1.3486176738294917
2025-08-18,BULL,longbyungi,61733889.59075801,12641291.774005666,-2.935173803920077,0.00033207500536036605,0.7952286201893798,15.09000015258789,1.3253810336489664
2025-08-19,BULL,longbyungi,61763436.68810653,61763436.68810653,-2.888716600465957,0.04786203743907258,0.8005337013494078,14.989999771118164,1.3342228355823464
2025-08-20,BULL,longbyungi,61763436.68810653,61763436.68810653,-2.888716600465957,0.0,0.7707129245473936,15.569999694824219,1.2845215409123227
2025-08-21,BULL,longbyungi,60934273.26474185,14525625.338262498,-4.192418734100634,-1.3424826528870004,0.7648183760950008,15.6899995803833,1.274697293491668
2025-08-22,BULL,longbyungi,63811645.09084308,16980916.529793017,0.0,4.722090987447869,0.7228915496529372,16.600000381469727,1.2048192494215622
2025-08-25,BULL,longbyungi,63601387.757727355,63601387.757727355,-0.3294968070740145,-0.3294968070740145,0.8438818406933359,14.220000267028809,1.4064697344888932
2025-08-26,BULL,longbyungi,63552109.39174419,11997827.577791736,-0.40672152979195353,-0.07748001689975581,0.8113590284618587,14.789999961853027,1.3522650474364313
2025-08-27,BULL,longbyungi,63142922.72234899,11272075.783051841,-1.0479629032319915,-0.6438600910520842,0.8207934400774525,14.619999885559082,1.3679890667957542
2025-08-28,BULL,longbyungi,62933729.82719316,12191061.771240205,-1.3757916167184026,-0.3313006210936442,0.8080807873226695,14.850000381469727,1.3468013122044493
2025-08-29,BULL,longbyungi,60740362.11625609,60740362.11625609,-4.8130446569974445,-3.485202159413947,0.8316008140135531,14.430000305175781,1.3860013566892553
2025-09-02,BULL,longbyungi,60740362.11625609,60740362.11625609,-4.8130446569974445,0.0,0.7812500174622986,15.359999656677246,1.3020833624371644
2025-09-03,BULL,longbyungi,60740362.11625609,60740362.11625609,-4.8130446569974445,0.0,0.6988934156481459,17.170000076293945,1.1648223594135765
2025-09-04,BEAR,yangbyungi,61813550.397475965,29534305.24332733,-3.131238335138675,1.766845378968629,0.7339449370044174,16.350000381469727,1.223241561674029
2025-09-05,BULL,longbyungi,63257254.155878454,63257254.155878454,-0.8687927323851152,2.335578120200399,0.7843137157126817,15.300000190734863,1.3071895261878028
2025-09-08,BULL,longbyungi,62695506.79519069,13251520.65060819,-1.7491138084019586,-0.8880362705967371,0.7905138180997581,15.180000305175781,1.3175230301662635
2025-09-09,BULL,longbyungi,62817675.08394469,62817675.08394469,-1.5576624070471112,0.19485971961770154,0.7941760604009737,15.109999656677246,1.3236267673349562
2025-09-10,BULL,longbyungi,62817675.08394469,62817675.08394469,-1.5576624070471112,0.0,0.7978723424492297,15.039999961853027,1.3297872374153827
2025-09-11,BULL,longbyungi,62233824.804414615,13709396.108438864,-2.4726212342312426,-0.9294363071378653,0.7817589382268815,15.350000381469727,1.3029315637114691
2025-09-12,BULL,longbyungi,62525006.97811448,62525006.97811448,-2.0163061317365005,0.46788410420695037,0.8157715818409778,14.710000038146973,1.3596193030682964
2025-09-15,BULL,longbyungi,63208036.58472559,11691668.759784818,-0.9459221827899711,1.0924102844965589,0.8130081174740657,14.760000228881836,1.3550135291234429
2025-09-16,BULL,longbyungi,63730455.02374139,63730455.02374139,-0.12723393510088998,0.8265063546397888,0.7648183760950008,15.6899995803833,1.274697293491668
2025-09-17,BULL,longbyungi,63289243.22562507,16984401.73808308,-0.8186622746903294,-0.692309191817253,0.7334963051533853,16.360000610351562,1.2224938419223088
2025-09-18,BULL,longbyungi,67278525.39531457,15790363.1809894,0.0,6.303254654930512,0.7633587656591106,15.720000267028809,1.272264609431851
2025-09-19,BULL,longbyungi,67112431.46160918,67112431.46160918,-0.24687511019222397,-0.24687511019222397,0.7643312194767268,15.699999809265137,1.2738853657945446
2025-09-22,BULL,longbyungi,68199493.25779077,14986270.45956476,0.0,1.6197621997996459,0.7766990387147951,15.449999809265137,1.2944983978579918
2025-09-23,BULL,longbyungi,67193182.27302521,17462236.189649045,-1.4755402667901873,-1.4755402667901873,0.7453415972468785,16.100000381469727,1.2422359954114643
2025-09-24,BULL,longbyungi,66658378.553939246,66658378.553939246,-2.2597157694796755,-0.7959196171315575,0.7211538726056125,16.639999389648438,1.2019231210093542
2025-09-25,BULL,longbyungi,66658378.553939246,66658378.553939246,-2.2597157694796755,0.0,0.7416563518952066,16.18000030517578,1.2360939198253444
2025-09-26,BULL,longbyungi,66658378.553939246,66658378.553939246,-2.2597157694796755,0.0,0.7168458879374554,16.739999771118164,1.1947431465624256
2025-09-29,BULL,longbyungi,66658378.553939246,66658378.553939246,-2.2597157694796755,0.0,0.7848266860653212,15.289999961853027,1.3080444767755355
2025-09-30,BULL,longbyungi,66987489.22789789,17036759.385009304,-1.7771452132519072,0.4937273919621843,0.7444168346935812,16.1200008392334,1.240694724489302
2025-10-01,BULL,longbyungi,68994812.81046742,17351245.730634145,0.0,2.9965648895130537,0.7371007060118618,16.280000686645508,1.2285011766864364
2025-10-02,BULL,longbyungi,71890676.4587835,71890676.4587835,0.0,4.197219371072403,0.7366482090594488,16.290000915527344,1.2277470150990815
2025-10-03,BULL,longbyungi,71890676.4587835,71890676.4587835,0.0,0.0,0.7215875288983977,16.6299991607666,1.2026458814973295
2025-10-06,BULL,longbyungi,71890676.4587835,71890676.4587835,0.0,0.0,0.7207207372332218,16.649999618530273,1.2012012287220364
2025-10-07,BULL,longbyungi,71890676.4587835,71890676.4587835,0.0,0.0,0.7330482214295326,16.3700008392334,1.2217470357158877
2025-10-08,BULL,longbyungi,76064291.97916009,21850761.786009178,0.0,5.80550319730182,0.6960556936957368,17.239999771118164,1.1600928228262282
2025-10-09,BULL,longbyungi,75764986.52408879,75764986.52408879,-0.3934900953962761,-0.3934900953962761,0.7361963534768861,16.299999237060547,1.2269939224614768
2025-10-10,BULL,longbyungi,75764986.52408879,75764986.52408879,-0.3934900953962761,0.0,0.7303712584971626,16.43000030517578,1.2172854308286043
2025-10-13,BULL,longbyungi,76093079.30529252,33789924.44218889,0.0,0.43304011028817424,0.5540166244014879,21.65999984741211,0.9233610406691465
2025-10-14,BULL,longbyungi,73335785.73181158,73335785.73181158,-3.6235799610874198,-3.6235799610874198,0.6305832667899544,19.030000686645508,1.0509721113165906
2025-10-15,BULL,longbyungi,73128034.64036283,31047008.63587778,-3.8966022823621715,-0.28328746924249915,0.5766458581433018,20.809999465942383,0.9610764302388365
2025-10-16,BULL,longbyungi,74638210.87236863,74638210.87236863,-1.9119589405586002,2.065112565150584,0.5813953660298241,20.639999389648438,0.9689922767163736
2025-10-17,BULL,longbyungi,74683651.73643836,39250674.35054299,-1.852241467583926,0.06088150230105782,0.474120910833974,25.309999465942383,0.7902015180566234
2025-10-20,BULL,longbyungi,75862858.57157648,31865743.396467835,-0.30255147487510126,1.5789356943867405,0.57747832548013,20.780000686645508,0.9624638758002168
2025-10-21,BULL,longbyungi,75377961.74981102,75377961.74981102,-0.9397931612313615,-0.6391755213230654,0.658255639129211,18.229999542236328,1.0970927318820185
2025-10-22,BULL,longbyungi,71272704.21750575,71272704.21750575,-6.334840345265791,-5.44623048568379,0.6715164765775571,17.8700008392334,1.1191941276292618
2025-10-23,BULL,longbyungi,74681616.35396326,25290315.342818685,-1.8549163264458546,4.7829139835278145,0.6451612770908872,18.600000381469727,1.0752687951514788
2025-10-24,BULL,longbyungi,76158187.11064011,23696402.97128486,0.0,1.9771542566492606,0.6936416490870856,17.299999237060547,1.1560694151451427
2025-10-27,BULL,longbyungi,79756143.50829923,21080907.269707337,0.0,4.724319911176633,0.7330482214295326,16.3700008392334,1.2217470357158877
2025-10-28,BULL,longbyungi,78929172.89638275,19011358.552288085,-1.0368738701996394,-1.0368738701996394,0.7599746693471016,15.789999961853027,1.266624448911836
2025-10-29,BULL,longbyungi,81027373.63082659,22059794.552761964,0.0,2.6583336141103864,0.7308160745580486,16.420000076293945,1.218026790930081
2025-10-30,BULL,longbyungi,77765035.75773662,23241269.923142783,-4.026216976936325,-4.026216976936325,0.7092198549580863,16.920000076293945,1.1820330915968105
2025-10-31,BULL,longbyungi,77301723.44543089,23027082.937398806,-4.59801424932067,-0.595784863713178,0.7096392731095422,16.90999984741211,1.182732121849237
2025-11-03,BULL,longbyungi,79207736.73359355,79207736.73359355,-2.2457063776046726,2.465680198589837,0.688073373424838,17.440000534057617,1.1467889557080633
2025-11-04,BULL,longbyungi,79207736.73359355,79207736.73359355,-2.2457063776046726,0.0,0.6988934156481459,17.170000076293945,1.1648223594135765
2025-11-05,BULL,longbyungi,82539797.08918616,29181797.743955523,0.0,4.2067359742895105,0.631578947368421,19.0,1.0526315789473684
2025-11-06,BULL,longbyungi,82073230.09497386,82073230.09497386,-0.5652630738941178,-0.5652630738941178,0.666296493475671,18.010000228881836,1.110494155792785
2025-11-07,BULL,longbyungi,77976970.19192432,77976970.19192432,-5.5280326075088375,-4.990981710247566,0.6153846153846153,19.5,1.0256410256410255
2025-11-10,BULL,longbyungi,77976970.19192432,77976970.19192432,-5.5280326075088375,0.0,0.6289308201249274,19.079999923706055,1.0482180335415456
2025-11-11,BULL,longbyungi,77976970.19192432,77976970.19192432,-5.5280326075088375,0.0,0.6818181670401711,17.600000381469727,1.1363636117336184
2025-11-12,BULL,longbyungi,77976970.19192432,77976970.19192432,-5.5280326075088375,0.0,0.6944444168497026,17.280000686645508,1.157407361416171
2025-11-13,BULL,longbyungi,77976970.19192432,77976970.19192432,-5.5280326075088375,0.0,0.6853226638002337,17.510000228881836,1.142204439667056
2025-11-14,NEUTRAL,longbyungi,77976970.19192432,77976970.19192432,-5.5280326075088375,0.0,0.6,20.0,1.0
2025-11-17,NEUTRAL,longbyungi,75940987.25167084,30789696.06670016,-7.994700823392087,-2.611005448457826,0.6051437239621181,19.829999923706055,1.0085728732701968
2025-11-18,NEUTRAL,longbyungi,72346868.78388861,34335181.36138533,-12.34910753934112,-4.732778171386165,0.5361930495974583,22.3799991607666,0.8936550826624304
2025-11-19,BEAR,yangbyungi,73207152.54966173,47981712.15271938,-11.30684211573757,1.1891098816493528,0.48602672095721855,24.690000534057617,0.8100445349286977
2025-11-20,BEAR,yangbyungi,75169235.27818702,75169235.27818702,-8.929706724424191,2.6801789991685254,0.5071851258406724,23.65999984741211,0.8453085430677874
2025-11-21,BEAR,yangbyungi,74299490.28045821,40733366.45227069,-9.983434778527634,-1.157049149841749,0.45420136129247485,26.420000076293945,0.7570022688207915
2025-11-24,BEAR,yangbyungi,76550126.57210569,51756535.08714801,-7.256706132447233,3.02914095796889,0.5121638857746472,23.43000030517578,0.8536064762910788
2025-11-25,NEUTRAL,longbyungi,77105272.20522481,31339243.91057969,-6.584126779581512,0.7252053758476817,0.584795308591713,20.520000457763672,0.9746588476528552
2025-11-26,NEUTRAL,longbyungi,80218074.82414117,27806463.483260967,-2.812851917404535,4.037081421139743,0.646551742742235,18.559999465942383,1.077586237903725
2025-11-28,BULL,longbyungi,82161799.27372372,24391554.46023061,-0.4579582562506235,2.423050483128275,0.6980802575442071,17.190000534057617,1.163467095907012
2025-12-01,BULL,longbyungi,81367139.01255152,21221204.78255909,-1.4207183903875653,-0.9671894581139595,0.7339449370044174,16.350000381469727,1.223241561674029
2025-12-02,BULL,longbyungi,83911726.22590682,25369934.12597771,0.0,3.127290997613641,0.6960556936957368,17.239999771118164,1.1600928228262282
2025-12-03,BULL,longbyungi,86663971.82753867,23442480.888126537,0.0,3.279929665875625,0.7233272989529241,16.59000015258789,1.2055454982548737
2025-12-04,BULL,longbyungi,85674523.08079436,85674523.08079436,-1.1417071314401617,-1.1417071314401617,0.7462686602572003,16.079999923706055,1.2437811004286672
2025-12-05,BULL,longbyungi,84698566.23822829,20522793.399747387,-2.267846197058143,-1.1391447626101225,0.7604562866326829,15.779999732971191,1.267427144387805
2025-12-08,BULL,longbyungi,85655452.71371025,19053892.87642152,-1.1637120853811966,1.1297552225270957,0.7787151277626541,15.40999984741211,1.29785854627109
2025-12-09,BULL,longbyungi,84286379.39303868,23574548.384871803,-2.7434611919603724,-1.5983492904386165,0.7202881218431719,16.65999984741211,1.2004802030719532
2025-12-10,BULL,longbyungi,85588405.7174767,24477344.086889595,-1.241076409701547,1.5447648051964524,0.7088009322912653,16.93000030517578,1.1813348871521088
2025-12-11,BULL,longbyungi,78365219.90784311,78365219.90784311,-9.575780736440365,-8.439444278792829,0.7609384687171853,15.770000457763672,1.2682307811953089
2025-12-12,BULL,longbyungi,78365219.90784311,78365219.90784311,-9.575780736440365,0.0,0.8080807873226695,14.850000381469727,1.3468013122044493
2025-12-15,NEUTRAL,longbyungi,78365219.90784311,78365219.90784311,-9.575780736440365,0.0,0.7623888293835422,15.739999771118164,1.2706480489725704
2025-12-16,NEUTRAL,longbyungi,77117308.14508605,21372332.702139027,-11.01572369825201,-1.5924306270365784,0.7272727272727273,16.5,1.2121212121212122
2025-12-17,NEUTRAL,longbyungi,77771482.76567915,77771482.76567915,-10.260883357106653,0.8482850819460097,0.7281553600317398,16.479999542236328,1.2135922667195662
2025-12-18,BEAR,yangbyungi,77771482.76567915,77771482.76567915,-10.260883357106653,0.0,0.6810442354395535,17.6200008392334,1.1350737257325891
2025-12-19,BEAR,yangbyungi,79002394.9495993,44579150.3378916,-8.840555903883462,1.582729478913003,0.7113218377614082,16.8700008392334,1.1855363962690137
2025-12-22,BULL,longbyungi,81223754.26955578,81223754.26955578,-6.277369295754099,2.8117619995870147,0.8048289820796215,14.90999984741211,1.3413816367993692
2025-12-23,BULL,longbyungi,81869575.96169186,11998963.323809937,-5.532167248678221,0.7951143085467294,0.8522727318908557,14.079999923706055,1.4204545531514263
2025-12-24,BULL,longbyungi,81842149.1209284,81842149.1209284,-5.56381458745705,-0.033500650811091326,0.8571428571428571,14.0,1.4285714285714286
2025-12-26,BULL,longbyungi,81842149.1209284,81842149.1209284,-5.56381458745705,0.0,0.8908685792214124,13.470000267028809,1.4847809653690207
2025-12-29,BULL,longbyungi,82103820.3439798,9628490.157412514,-5.261876864625547,0.3197267249968716,0.8823529164271378,13.600000381469727,1.4705881940452297
2025-12-30,BULL,longbyungi,82587565.97908822,82587565.97908822,-4.703691467732984,0.5891877297325765,0.8450704338862249,14.199999809265137,1.4084507231437082
2025-12-31,BULL,longbyungi,82587565.97908822,82587565.97908822,-4.703691467732984,0.0,0.8374040519112951,14.329999923706055,1.3956734198521585
2026-01-02,BULL,longbyungi,84603379.13467094,16296542.273866266,-2.3776808856260434,2.4408191858967587,0.8026755955249646,14.949999809265137,1.3377926592082743
2026-01-05,BULL,longbyungi,86261773.64899358,15402236.26338853,-0.46408925192750194,1.9601989084653715,0.8270158380917365,14.510000228881836,1.3783597301528943
2026-01-06,BULL,longbyungi,91801843.53007211,17306610.246884942,0.0,6.422392731711657,0.8053691481358354,14.899999618530273,1.3422819135597257
2026-01-07,BULL,longbyungi,89244152.95985255,89244152.95985255,-2.7860993547278,-2.7860993547278,0.8135593220338982,14.75,1.3559322033898304
2026-01-08,BULL,longbyungi,89244152.95985255,89244152.95985255,-2.7860993547278,0.0,0.780234064415429,15.380000114440918,1.3003901073590483
2026-01-09,BULL,longbyungi,91981456.32208294,19928305.145018935,0.0,3.067207510459302,0.7766990387147951,15.449999809265137,1.2944983978579918
2026-01-12,BULL,longbyungi,91836120.91275682,15438089.54356578,-0.15800511878960588,-0.15800511878960588,0.828157362977928,14.489999771118164,1.38026227162988
2026-01-13,BULL,longbyungi,92565467.89673287,19236661.85441619,0.0,0.7941831348352801,0.7936507996578125,15.119999885559082,1.322751332763021
2026-01-14,BULL,longbyungi,90961248.61689378,90961248.61689378,-1.7330645177840776,-1.7330645177840776,0.7509386948530948,15.979999542236328,1.2515644914218247
2026-01-15,BULL,longbyungi,90961248.61689378,90961248.61689378,-1.7330645177840776,0.0,0.7164179104477612,16.75,1.1940298507462686
2026-01-16,BULL,longbyungi,89397429.38852237,22051212.44972913,-3.42248419437019,-1.7192147778861688,0.7575757502779743,15.84000015258789,1.2626262504632906
2026-01-20,BULL,longbyungi,85563152.8292538,85563152.8292538,-7.5647163316788335,-4.289023281200588,0.7566204451302028,15.859999656677246,1.2610340752170046
2026-01-21,BULL,longbyungi,87470997.51165527,34455247.09741715,-5.50364028922864,2.2297503298045696,0.5973120910332209,20.09000015258789,0.9955201517220349
2026-01-22,BULL,longbyungi,90279753.85747421,90279753.85747421,-2.4692945341221906,3.211071584549696,0.710059187625212,16.899999618530273,1.1834319793753534
2026-01-23,BULL,longbyungi,90279753.85747421,90279753.85747421,-2.4692945341221906,0.0,0.7672634102673282,15.640000343322754,1.278772350445547
2026-01-26,BULL,longbyungi,89173813.62001528,22948676.41708991,-3.6640599931946127,-1.2250146795979244,0.7458048406587453,16.09000015258789,1.2430080677645756
2026-01-27,BULL,longbyungi,92648734.040279,23631276.917124093,0.0,3.8967946745789517,0.7430340732783285,16.149999618530273,1.2383901221305476
2026-01-28,BULL,longbyungi,96874165.3139431,25775088.964900002,0.0,4.560700496810988,0.7339449370044174,16.350000381469727,1.223241561674029
2026-01-29,BULL,longbyungi,91346358.19401318,91346358.19401318,-5.706172643672113,-5.706172643672113,0.7339449370044174,16.350000381469727,1.223241561674029
2026-01-30,BULL,longbyungi,86079648.1813599,86079648.1813599,-11.142823370504484,-5.765648589369221,0.7109005092779295,16.8799991607666,1.1848341821298825
2026-02-02,BULL,longbyungi,90783198.21925299,26850534.273988366,-6.287504078049011,5.464183622106877,0.688073373424838,17.440000534057617,1.1467889557080633
2026-02-03,BULL,longbyungi,92306231.043672,92306231.043672,-4.71532761646788,1.6776593624083347,0.7343941179890056,16.34000015258789,1.2239901966483426
2026-02-04,BULL,longbyungi,87315328.34246275,87315328.34246275,-9.867271568743574,-5.406896852768206,0.6666666666666666,18.0,1.1111111111111112
2026-02-05,NEUTRAL,longbyungi,88529708.83986449,31103741.732034504,-8.613706706051582,1.3907987525841659,0.6437768451142812,18.639999389648438,1.0729614085238022
2026-02-06,NEUTRAL,longbyungi,95813143.7651287,41231936.966215394,-1.0952574872525767,8.22710818855028,0.5512172598839119,21.770000457763672,0.9186954331398532
2026-02-09,NEUTRAL,longbyungi,97025053.81235608,38711728.0834082,0.0,1.2648682629579522,0.5891015957587759,20.3700008392334,0.9818359929312932
2026-02-10,BULL,longbyungi,97557861.8586448,97557861.8586448,0.0,0.5491448088440709,0.6912442153282266,17.360000610351562,1.152073692213711
2026-02-11,BULL,longbyungi,97339899.0305506,31751550.332154647,-0.22341902942687453,-0.22341902942687453,0.674536221610098,17.790000915527344,1.12422703601683
2026-02-12,BULL,longbyungi,93393841.38804778,93393841.38804778,-4.268257207840842,-4.053895352063519,0.6798867002468097,17.649999618530273,1.1331445004113496
2026-02-13,BULL,longbyungi,93100326.21934079,39564537.20534013,-4.569119858082482,-0.31427679207182146,0.5763688845290021,20.81999969482422,0.960614807548337
2026-02-17,NEUTRAL,longbyungi,92058208.34719616,37959601.34697159,-5.637324769804087,-1.1193493239641694,0.5825242610575063,20.600000381469727,0.9708737684291772
2026-02-18,NEUTRAL,longbyungi,92772300.71993229,37906269.66173126,-4.905356726294896,0.775696578889451,0.5914243202826448,20.290000915527344,0.9857072004710746
2026-02-19,NEUTRAL,longbyungi,91002114.94725752,35383222.53464224,-6.719855054722446,-1.9080973080733754,0.6116207689453325,19.6200008392334,1.0193679482422209
2026-02-20,NEUTRAL,longbyungi,91623642.5895775,36492909.91747349,-6.082768888134938,0.6829815358469382,0.5931784612721478,20.229999542236328,0.988630768786913
2026-02-23,BULL,longbyungi,89662348.04834983,33627391.907186806,-8.093159956431883,-2.1405987426336703,0.6286013569451568,19.09000015258789,1.047668928241928
2026-02-24,NEUTRAL,longbyungi,91028462.92562056,39250941.82445348,-6.692847514929068,1.5236215724955704,0.5711565858768506,21.010000228881836,0.9519276431280844
2026-02-25,BULL,longbyungi,92643855.2704237,35825243.35163251,-5.037017514120167,1.7746013641063874,0.6138107656419668,19.549999237060547,1.0230179427366113
2026-02-26,BULL,longbyungi,91939857.25655916,91939857.25655916,-5.75863850955013,-0.7598971478568028,0.6692693695345898,17.93000030517578,1.1154489492243165
2026-02-27,NEUTRAL,longbyungi,91939857.25655916,91939857.25655916,-5.75863850955013,0.0,0.6441224122688697,18.6299991607666,1.0735373537814494
2026-03-02,NEUTRAL,longbyungi,91939857.25655916,91939857.25655916,-5.75863850955013,0.0,0.6042295886811443,19.860000610351562,1.007049314468574
2026-03-03,NEUTRAL,longbyungi,91939857.25655916,91939857.25655916,-5.75863850955013,0.0,0.5597014785954832,21.440000534057617,0.9328357976591388
2026-03-04,BEAR,yangbyungi,91821426.06390472,70841929.88228743,-5.880034356484575,-0.12881376607314365,0.5091217715473751,23.56999969482422,0.848536285912292
2026-03-05,NEUTRAL,longbyungi,86881956.10147677,86881956.10147677,-10.943152662198298,-5.3794306777486085,0.5673758967582377,21.149999618530273,0.9456264945970629
2026-03-06,BEAR,yangbyungi,86881956.10147677,86881956.10147677,-10.943152662198298,0.0,0.5052631578947367,23.75,0.8421052631578947
2026-03-09,BEAR,yangbyungi,89592102.32917112,69205057.46957505,-8.165164116671153,3.119343013558473,0.40691760234438956,29.489999771118164,0.6781960039073159
2026-03-10,BEAR,yangbyungi,89739216.22884443,68510044.6347158,-8.014367556690704,0.16420409371888933,0.47058823529411764,25.5,0.7843137254901961
2026-03-11,NEUTRAL,longbyungi,89851443.0605095,46717474.652037725,-7.8993313827453555,0.1250588498331373,0.48134776787422057,24.93000030517578,0.8022462797903677
2026-03-12,NEUTRAL,longbyungi,87847784.10040903,87847784.10040903,-9.953147366334303,-2.2299685924366597,0.49525382693806064,24.229999542236328,0.8254230448967678
2026-03-13,BEAR,yangbyungi,87117128.21179272,73176448.73623073,-10.702093555494319,-0.8317294466769654,0.4397214949587009,27.290000915527344,0.7328691582645015
2026-03-16,NEUTRAL,longbyungi,87154168.9245984,49174773.16587508,-10.664125613085595,0.04251828953272252,0.44133871880469644,27.190000534057617,0.7355645313411607
2026-03-17,NEUTRAL,longbyungi,88118455.47356585,88118455.47356585,-9.675700353863903,1.1064147141391478,0.5104210924361499,23.510000228881836,0.8507018207269165
2026-03-18,NEUTRAL,longbyungi,86526309.49751745,40848834.2839125,-11.307702066196745,-1.8068246515351327,0.5364327022712454,22.3700008392334,0.8940545037854091
2026-03-19,NEUTRAL,longbyungi,82694125.35831186,82694125.35831186,-15.235816178371719,-4.428923597296775,0.4782781955767452,25.09000015258789,0.7971303259612421
2026-03-20,NEUTRAL,longbyungi,82694125.35831186,82694125.35831186,-15.235816178371719,0.0,0.49875312827776,24.059999465942383,0.8312552137962668
2026-03-23,NEUTRAL,longbyungi,81047189.52910967,45639253.10826778,-16.92397928263132,-1.9915995508339335,0.4480955822373854,26.780000686645508,0.7468259703956424
2026-03-24,NEUTRAL,longbyungi,81848331.62456292,43301206.27571976,-16.102782425514818,0.9884884350807699,0.4588910200785098,26.149999618530273,0.7648183667975164
2026-03-25,NEUTRAL,longbyungi,82672722.67125121,46038716.657004625,-15.257754632795484,1.0072178996509695,0.4452690040922712,26.950000762939453,0.7421150068204521
2026-03-26,NEUTRAL,longbyungi,80812728.47240572,80812728.47240572,-17.16430953612096,-2.2498281642927997,0.47374654702502933,25.329999923706055,0.7895775783750489
2026-03-27,BEAR,yangbyungi,80015435.73672901,67357900.11564057,-17.981560673535114,-0.9865930166544801,0.43731777574515707,27.440000534057617,0.7288629595752618
2026-03-30,BEAR,yangbyungi,81509599.87089865,67923539.2171978,-16.449993554593345,1.8673448696646666,0.386473439447853,31.049999237060547,0.644122399079755
2026-03-31,BEAR,yangbyungi,82278285.12991369,64880622.519522175,-15.662066016647902,0.9430610139573137,0.39202874095800866,30.610000610351562,0.6533812349300144
2026-04-01,BEAR,yangbyungi,83589908.25548926,63304913.243014,-14.317609403324383,1.5941303631991977,0.4752475247524752,25.25,0.7920792079207921
2026-04-02,BEAR,yangbyungi,81168153.07765737,81168153.07765737,-16.799987688060536,-2.8971860699139484,0.4889975367689235,24.540000915527344,0.8149958946148725
2026-04-06,BEAR,yangbyungi,81245637.56453617,60765601.70172769,-16.720563554113166,0.09546168532954535,0.5027230656932556,23.8700008392334,0.8378717761554262
2026-04-07,NEUTRAL,longbyungi,82043058.96873441,40807665.23382949,-15.903180527255056,0.9814944261651304,0.4964832421233485,24.170000076293945,0.8274720702055809
2026-04-08,NEUTRAL,longbyungi,89205923.59834184,47643834.652482,-8.561009949566534,8.730616239378763,0.46547710164399686,25.780000686645508,0.7757951694066615
2026-04-09,NEUTRAL,longbyungi,91603458.00367284,38476732.45207996,-6.1034587490237495,2.687640359093324,0.5703421805055199,21.040000915527344,0.9505703008425331
2026-04-10,BULL,longbyungi,93962590.41956201,35843315.88945933,-3.685270843975763,2.575374846432754,0.6157003663890522,19.489999771118164,1.0261672773150872
2026-04-13,BULL,longbyungi,96164326.73708446,35080370.561295286,-1.4284190889499837,2.343205213576227,0.6240249758531442,19.229999542236328,1.040041626421907
2026-04-14,BULL,longbyungi,98689243.26480752,36555357.88121415,0.0,2.6256270005677207,0.6276150352136245,19.1200008392334,1.0460250586893742
2026-04-15,BULL,longbyungi,98131383.50536501,34004328.312560156,-0.5652690617412359,-0.5652690617412359,0.6535947495140209,18.360000610351562,1.0893245825233682
2026-04-16,BULL,longbyungi,98866600.81278951,33063587.56437125,0.0,0.7492173055771767,0.6604292762582963,18.170000076293945,1.1007154604304938
2026-04-17,BULL,longbyungi,102405327.12418267,33906404.45593651,0.0,3.5792940005027196,0.6688963011577945,17.940000534057617,1.1148271685963242
2026-04-20,BULL,longbyungi,103279609.52460393,103279609.52460393,0.0,0.8537469924402075,0.6864988738131719,17.479999542236328,1.1441647896886198
2026-04-21,BULL,longbyungi,102333211.35986698,37601005.43474866,-0.9163456069336662,-0.9163456069336662,0.6359300194120979,18.8700008392334,1.0598833656868298
2026-04-22,BULL,longbyungi,106138457.00859573,40567741.83178593,0.0,3.718485522111825,0.6153846153846153,19.5,1.0256410256410255
2026-04-23,BULL,longbyungi,109436498.10652122,39475765.209683016,0.0,3.1073007756824644,0.6342494689011948,18.920000076293945,1.057082448168658
2026-04-24,BULL,longbyungi,117730948.38299082,44324895.46083155,0.0,7.579235830806752,0.6214396857526979,19.309999465942383,1.03573280958783
2026-04-27,BULL,longbyungi,117674278.62907542,117674278.62907542,-0.04813496764762837,-0.04813496764762837,0.6413682836552753,18.709999084472656,1.0689471394254588
2026-04-28,BULL,longbyungi,117674278.62907542,117674278.62907542,-0.04813496764762837,0.0,0.6659267311411173,18.020000457763672,1.1098778852351956
2026-04-29,BULL,longbyungi,118618265.72089612,38476782.8583971,0.0,0.8022034235674047,0.6730229978321693,17.829999923706055,1.121704996386949
2026-04-30,BULL,longbyungi,123219617.30033064,44109449.50201033,0.0,3.8791256569720156,0.6379585508084329,18.809999465942383,1.0632642513473882
2026-05-01,BULL,longbyungi,124298752.18664458,35188353.83154267,0.0,0.8757817220643505,0.7104795993867575,16.889999389648438,1.1841326656445958
2026-05-04,BULL,longbyungi,125452032.26608178,125452032.26608178,0.0,0.9278291689569507,0.7062978317633163,16.989999771118164,1.1771630529388606
2026-05-05,BULL,longbyungi,129664350.4201541,43143431.29083811,0.0,3.357712169331828,0.6560961946050298,18.290000915527344,1.0934936576750496
2026-05-06,BULL,longbyungi,141061307.3825252,42654358.21205157,0.0,8.789583972341909,0.690448825054529,17.3799991607666,1.1507480417575484
2026-05-07,BULL,longbyungi,138766360.9271297,138766360.9271297,-1.6269142105511336,-1.6269142105511336,0.6900517781008729,17.389999389648438,1.1500862968347882
2026-05-08,BULL,longbyungi,145451600.26486188,41272430.09787017,0.0,4.817622436062008,0.702576115550486,17.079999923706055,1.1709601925841435
2026-05-11,BULL,longbyungi,151425038.8972606,44609091.83509873,0.0,4.10682221544576,0.6980802575442071,17.190000534057617,1.163467095907012
2026-05-12,BULL,longbyungi,144160214.3396656,144160214.3396656,-4.797637570708558,-4.797637570708558,0.6528835989076018,18.3799991607666,1.0881393315126697
2026-05-13,BULL,longbyungi,142864614.24520987,47999981.20540668,-5.6532424983287255,-0.8987223696845126,0.6670372513992613,17.989999771118164,1.1117287523321022
2026-05-14,BULL,longbyungi,142296022.87456948,46636872.23785913,-6.028736125261968,-0.3979931445196594,0.6715164765775571,17.8700008392334,1.1191941276292618
2026-05-15,BULL,longbyungi,132363828.17664263,132363828.17664263,-12.587885635975105,-6.979952424026525,0.6952491217190094,17.260000228881836,1.1587485361983492
2026-05-18,BULL,longbyungi,132363828.17664263,132363828.17664263,-12.587885635975105,0.0,0.651112306093125,18.43000030517578,1.085187176821875
2026-05-19,BULL,longbyungi,132363828.17664263,132363828.17664263,-12.587885635975105,0.0,0.673400684932973,17.81999969482422,1.1223344748882884
2026-05-20,BULL,longbyungi,137550897.53894138,44414438.08307932,-9.162382561930594,3.918796723963358,0.6644518468912276,18.059999465942383,1.1074197448187126
2026-05-21,BULL,longbyungi,138810735.39640027,42555968.33529024,-8.33039475685321,0.9159066789093284,0.688073373424838,17.440000534057617,1.1467889557080633
2026-05-22,BULL,longbyungi,143718523.97229868,40381806.04688975,-5.089326693315677,3.535597273426516,0.7159904436827442,16.760000228881836,1.193317406137907
2026-05-26,BULL,longbyungi,160681048.8334629,42859746.45864849,0.0,11.802601635704036,0.7233272989529241,16.59000015258789,1.2055454982548737
2026-05-27,BULL,longbyungi,169376516.81379467,169376516.81379467,0.0,5.411632574880776,0.7054673626414659,17.010000228881836,1.1757789377357766
2026-05-28,BULL,longbyungi,170585687.59833643,44605609.04618521,0.0,0.7138951770221391,0.7366482090594488,16.290000915527344,1.2277470150990815
2026-05-29,BULL,longbyungi,168204322.97604316,41464954.04267347,-1.3959932136278996,-1.3959932136278996,0.7623888293835422,15.739999771118164,1.2706480489725704
2026-06-01,BULL,longbyungi,167782741.77334708,35563409.794006675,-1.6431307130462258,-0.25063636607968176,0.7832898328355801,15.319999694824219,1.3054830547259668
2026-06-02,BULL,longbyungi,187401393.9878421,44680687.02148265,0.0,11.692890464859197,0.7476635869421836,16.049999237060547,1.2461059782369728
2026-06-03,BULL,longbyungi,195392077.95080736,195392077.95080736,0.0,4.263940514489262,0.7609384687171853,15.770000457763672,1.2682307811953089
2026-06-04,BULL,longbyungi,195392077.95080736,195392077.95080736,0.0,0.0,0.747198032319228,16.059999465942383,1.24533005386538
2026-06-05,BULL,longbyungi,195392077.95080736,195392077.95080736,0.0,0.0,0.7792207985226717,15.399999618530273,1.2987013308711195
2026-06-08,BULL,longbyungi,194107698.86549506,86386735.76297168,-0.6573342679920047,-0.6573342679920047,0.5578800498517614,21.510000228881836,0.9298000830862692
2026-06-09,BULL,longbyungi,191578052.20804808,191578052.20804808,-1.951985864912864,-1.3032180960528938,0.6342494689011948,18.920000076293945,1.057082448168658
2026-06-10,BULL,longbyungi,191578052.20804808,191578052.20804808,-1.951985864912864,0.0,0.6039254903455238,19.8700008392334,1.0065424839092063
2026-06-11,BULL,longbyungi,206746282.66053092,88115554.56904556,0.0,7.9175199234255755,0.540054022089364,22.219999313354492,0.9000900368156067
2026-06-12,BULL,longbyungi,210734690.9328795,78728072.4222499,0.0,1.9291317943052944,0.6172839336591982,19.440000534057617,1.0288065560986637
2026-06-15,BULL,longbyungi,229532422.38841438,73319324.67784327,0.0,8.920093494014282,0.6787330199585475,17.68000030517578,1.1312216999309126
2026-06-16,BULL,longbyungi,212727110.1443984,212727110.1443984,-7.321541797514808,-7.321541797514808,0.7407407058555365,16.200000762939453,1.2345678430925608
2026-06-17,BULL,longbyungi,201905638.04949996,57167978.7934404,-12.036114136487619,-5.087020684647503,0.731261432759393,16.40999984741211,1.2187690545989884
2026-06-18,BULL,longbyungi,226502167.41168562,77420452.19164804,-1.3201860308871605,12.182190452827024,0.6507592002417079,18.440000534057617,1.0845986670695131
2026-06-22,BULL,longbyungi,237026166.43158036,237026166.43158036,0.0,4.646312721929302,0.7317073340929389,16.399999618530273,1.2195122234882314
2026-06-23,BULL,longbyungi,237026166.43158036,237026166.43158036,0.0,0.0,0.6944444168497026,17.280000686645508,1.157407361416171
2026-06-24,BULL,longbyungi,225190163.93268257,225190163.93268257,-4.993542559915786,-4.993542559915786,0.6157003663890522,19.489999771118164,1.0261672773150872
2026-06-25,BULL,longbyungi,225190163.93268257,225190163.93268257,-4.993542559915786,0.0,0.6441224122688697,18.6299991607666,1.0735373537814494
2026-06-26,BULL,longbyungi,225190163.93268257,225190163.93268257,-4.993542559915786,0.0,0.6352567701286375,18.889999389648438,1.0587612835477291
2026-06-29,BULL,longbyungi,213285525.16179398,213285525.16179398,-10.016042375068036,-5.28648257232377,0.6518196686289944,18.40999984741211,1.0863661143816574
2026-06-30,BULL,longbyungi,225954911.15929687,68275533.24913394,-4.67090002718299,5.940105868831069,0.6798867002468097,17.649999618530273,1.1331445004113496
2026-07-01,BULL,longbyungi,208737891.5593881,208737891.5593881,-11.934663289741865,-7.619670451761451,0.729483248841851,16.450000762939453,1.2158054147364183
2026-07-02,BULL,longbyungi,196492420.61676267,196492420.61676267,-17.10095827184469,-5.866434144344835,0.7233272989529241,16.59000015258789,1.2055454982548737
2026-07-06,BEAR,yangbyungi,193569479.58153677,119095566.9886882,-18.334130574814722,-1.4875591771179697,0.7430340732783285,16.149999618530273,1.2383901221305476
2026-07-07,BULL,longbyungi,182324526.36647227,182324526.36647227,-23.078312782356114,-5.809259413919032,0.7707129245473936,15.569999694824219,1.2845215409123227
2026-07-08,BEAR,yangbyungi,190005928.34323114,87375605.02966677,-19.837572701882266,4.21303821808332,0.7439554013857544,16.1299991607666,1.2399256689762574
2026-07-09,BEAR,yangbyungi,199281633.92478317,126975339.00144476,-15.924204941184195,4.881797985164016,0.710059187625212,16.899999618530273,1.1834319793753534
2026-07-10,BULL,longbyungi,195447461.12190062,195447461.12190062,-17.541820776855786,-1.9239970725700273,0.7575757502779743,15.84000015258789,1.2626262504632906
2026-07-13,BULL,longbyungi,195447461.12190062,195447461.12190062,-17.541820776855786,0.0,0.7984032077975155,15.029999732971191,1.3306720129958591
2026-07-14,BEAR,yangbyungi,195447461.12190062,195447461.12190062,-17.541820776855786,0.0,0.6993007055189289,17.15999984741211,1.1655011758648814
2026-07-15,BULL,longbyungi,195447461.12190062,195447461.12190062,-17.541820776855786,0.0,0.7272727272727273,16.5,1.2121212121212122
2026-07-16,BEAR,yangbyungi,195447461.12190062,195447461.12190062,-17.541820776855786,0.0,0.7657945080775057,15.670000076293945,1.2763241801291763
2026-07-17,BEAR,yangbyungi,195447461.12190062,195447461.12190062,-17.541820776855786,0.0,0.7172743770676719,16.729999542236328,1.1954572951127866
2026-07-20,BEAR,yangbyungi,190811378.9419393,138048340.79196548,-19.497757646509196,-2.372034997717265,0.6393180451434962,18.770000457763672,1.0655300752391603
2026-07-21,BEAR,yangbyungi,198209640.10537797,121621429.55663326,-16.376473074928256,3.8772641361655147,0.6434316485495815,18.649999618530273,1.072386080915969
2026-07-22,BEAR,yangbyungi,192622769.7871117,192622769.7871117,-18.733542086496215,-2.818667303616529,0.7038123482091617,17.049999237060547,1.173020580348603
2026-07-23,NEUTRAL,longbyungi,192622769.7871117,192622769.7871117,-18.733542086496215,0.0,0.7211538726056125,16.639999389648438,1.2019231210093542
2026-07-24,NEUTRAL,longbyungi,182597718.8275657,182597718.8275657,-22.963054427041875,-5.204499432037957,0.641711203765412,18.700000762939453,1.0695186729423534
2026-07-27,NEUTRAL,longbyungi,182597718.8275657,182597718.8275657,-22.963054427041875,0.0,0.6458557615325556,18.579999923706055,1.076426269220926
2026-07-28,BEAR,yangbyungi,182597718.8275657,182597718.8275657,-22.963054427041875,0.0,0.6427423648078548,18.670000076293945,1.071237274679758
2026-07-29,BEAR,yangbyungi,174883375.76183316,77443765.72666797,-26.21769216677824,-4.224775158893146,0.6589786163269051,18.209999084472656,1.0982976938781752
2026-07-30,BEAR,yangbyungi,176381315.8970612,112879779.16580379,-25.585719689739328,0.8565366082983417,0.5808325309113267,20.65999984741211,0.9680542181855446
2026-07-31,BEAR,yangbyungi,174540883.01033503,123798921.10806505,-26.36218792294489,-1.0434398209163365,0.7021650025077896,17.09000015258789,1.1702750041796492
2026-08-03,BEAR,yangbyungi,170710374.1960107,170710374.1960107,-27.97825794255179,-2.194619821017807,0.7504690538942299,15.989999771118164,1.2507817564903831
2026-08-04,BEAR,yangbyungi,174367183.6359522,93212598.60849324,-26.43547070728801,2.142113188588479,0.7566204451302028,15.859999656677246,1.2610340752170046
2026-08-05,BULL,longbyungi,166672173.68846047,46846683.58189972,-29.68195191370493,-4.413106748089457,0.7272727272727273,16.5,1.2121212121212122
2026-08-06,BULL,longbyungi,160369765.57084137,160369765.57084137,-32.340902278764446,-3.781319927703952,0.7590132625873093,15.8100004196167,1.265022104312182
2026-08-07,BULL,longbyungi,160369765.57084137,160369765.57084137,-32.340902278764446,0.0,0.7920792278649668,15.149999618530273,1.3201320464416113
2026-08-10,BULL,longbyungi,160369765.57084137,160369765.57084137,-32.340902278764446,0.0,0.8053691481358354,14.899999618530273,1.3422819135597257
2026-08-11,BULL,longbyungi,160369765.57084137,160369765.57084137,-32.340902278764446,0.0,0.7761966345660057,15.460000038146973,1.2936610576100096
2026-08-12,BULL,longbyungi,160369765.57084137,160369765.57084137,-32.340902278764446,0.0,0.7853403278605033,15.279999732971191,1.3089005464341723
2026-08-13,BULL,longbyungi,161235181.07074785,28106043.12253943,-31.97578837048366,0.5396375662370057,0.8247422572297525,14.550000190734863,1.3745704287162541
2026-08-14,BULL,longbyungi,158680248.36592662,28706255.54526961,-33.05370003875456,-1.5846000158614038,0.8202323927636263,14.630000114440918,1.367053987939377
2026-08-17,BULL,longbyungi,162317501.845748,25838005.45503652,-31.51916335253967,2.2921904378632174,0.8421052631578947,14.25,1.4035087719298245
2026-08-18,BULL,longbyungi,146606058.88323355,146606058.88323355,-38.14773234095543,-9.679450942662493,0.7899934385447294,15.1899995803833,1.3166557309078823
2026-08-19,BULL,longbyungi,146606058.88323355,146606058.88323355,-38.14773234095543,0.0,0.7575757502779743,15.84000015258789,1.2626262504632906
2026-08-20,BEAR,yangbyungi,146820881.00647378,63900157.860779256,-38.0571001012857,0.14653018086472347,0.8059099881338324,14.890000343322754,1.3431833135563873
2026-08-21,BEAR,yangbyungi,149368875.27604565,115959036.29086958,-36.982115719632056,1.7354440677000982,0.7495315320703215,16.010000228881836,1.2492192201172025
2026-08-24,BEAR,yangbyungi,149559055.29023707,114620840.82799232,-36.901879846498474,0.12732238482746627,0.7931262332606679,15.130000114440918,1.3218770554344466
2026-08-25,BEAR,yangbyungi,145498356.127698,96742577.86331584,-38.61506587303417,-2.715114210008074,0.7570977735766636,15.850000381469727,1.2618296226277728
2026-08-26,BEAR,yangbyungi,145095120.38612723,77453031.95812628,-38.78518875340703,-0.277141097880762,0.7766990387147951,15.449999809265137,1.2944983978579918
2026-08-27,NEUTRAL,longbyungi,148979107.4843446,148979107.4843446,-37.14655654807264,2.6768557673623405,0.7889546331297679,15.210000038146973,1.3149243885496131
2026-08-28,NEUTRAL,longbyungi,148979107.4843446,148979107.4843446,-37.14655654807264,0.0,0.8270158380917365,14.510000228881836,1.3783597301528943
