date,CHAMP_NOMARGIN
2010-05-25,97240.31982910231
2010-05-26,95252.75928522216
2010-05-27,96300.73713956322
2010-05-28,96485.24437136277
2010-06-01,95097.24994915322
2010-06-02,96370.84412272867
2010-06-03,96739.36765982471
2010-06-04,96225.1400910294
2010-06-07,97139.50072369252
2010-06-08,96215.94119149479
2010-06-09,95216.53663464154
2010-06-10,95720.29513827007
2010-06-11,96282.52384472583
2010-06-14,95479.41550694178
2010-06-15,101294.09239309735
2010-06-16,101203.61741133354
2010-06-17,102099.92225832184
2010-06-18,102099.92225832184
2010-06-21,97143.64661523742
2010-06-22,93768.39070954165
2010-06-23,93732.82964152971
2010-06-24,93436.7283803515
2010-06-25,92482.73433390695
2010-06-28,92484.30506455271
2010-06-29,91475.28623683826
2010-06-30,90368.89807053968
2010-07-01,89460.8976268892
2010-07-02,88985.4354964254
2010-07-06,87135.0972872704
2010-07-07,89573.0189010575
2010-07-08,90007.11924200342
2010-07-09,90307.9458132234
2010-07-12,90762.53934287997
2010-07-13,92039.14886211243
2010-07-14,94014.15931070119
2010-07-15,94014.15931070119
2010-07-16,94014.15931070119
2010-07-19,94579.67632595221
2010-07-20,92905.11756552945
2010-07-21,92905.11756552945
2010-07-22,94156.34913291084
2010-07-23,94473.84227204463
2010-07-26,95389.61844879374
2010-07-27,96422.1288826947
2010-07-28,93691.7626326746
2010-07-29,94185.76837897609
2010-07-30,94185.76837897609
2010-08-02,93796.46817550414
2010-08-03,93784.64391997294
2010-08-04,94272.8964600267
2010-08-05,93947.7150453866
2010-08-06,94160.80298335108
2010-08-09,94138.94905967402
2010-08-10,92519.8430203672
2010-08-11,92519.8430203672
2010-08-12,92519.8430203672
2010-08-13,91217.44086126931
2010-08-16,91110.38962160154
2010-08-17,91557.93298071613
2010-08-18,91871.68285214723
2010-08-19,89171.29946464919
2010-08-20,89248.04256792279
2010-08-23,89662.13890457235
2010-08-24,89102.42599995746
2010-08-25,89429.36865416338
2010-08-26,89997.67814260142
2010-08-27,88373.30459766932
2010-08-30,88358.87252745304
2010-08-31,87326.44865706073
2010-09-01,88554.41255963553
2010-09-02,89612.47903597174
2010-09-03,90215.41101362652
2010-09-07,90048.9359595887
2010-09-08,90048.9359595887
2010-09-09,90048.9359595887
2010-09-10,90048.9359595887
2010-09-13,91535.40873753147
2010-09-14,93394.21419780074
2010-09-15,92104.56373934947
2010-09-16,92307.66052095755
2010-09-17,92999.86543456152
2010-09-20,92787.08459561749
2010-09-21,91592.07044530916
2010-09-22,90891.21203271818
2010-09-23,92442.781872919
2010-09-24,97218.48568630114
2010-09-27,97556.19052018123
2010-09-28,98492.40463753296
2010-09-29,98771.168987493
2010-09-30,96895.43231066124
2010-10-01,98041.01515612825
2010-10-04,98041.01515612825
2010-10-05,99264.87224739557
2010-10-06,99172.49331558292
2010-10-07,98451.74358938981
2010-10-08,99313.23778332319
2010-10-11,99397.07528371163
2010-10-12,99756.9319148937
2010-10-13,100306.78245729246
2010-10-14,98696.23465873912
2010-10-15,99930.68626442993
2010-10-18,99930.68626442993
2010-10-19,98280.95559265203
2010-10-20,98281.26248668414
2010-10-21,98521.82593604847
2010-10-22,101151.7351976631
2010-10-25,102159.61289367345
2010-10-26,100319.36845877058
2010-10-27,104716.1612663503
2010-10-28,104835.55144245242
2010-10-29,105502.51545972747
2010-11-01,105888.85832074386
2010-11-02,105040.49618330316
2010-11-03,105965.74835378196
2010-11-04,110575.98076132778
2010-11-05,110843.35990173295
2010-11-08,109749.47637708962
2010-11-09,109688.36917537505
2010-11-10,109688.36917537505
2010-11-11,109688.36917537505
2010-11-12,108948.3734932668
2010-11-15,110441.98599782948
2010-11-16,108229.15349376336
2010-11-17,107090.32880160157
2010-11-18,109281.32521669392
2010-11-19,111555.491487734
2010-11-22,113035.07644440509
2010-11-23,109811.45106865917
2010-11-24,113931.04626218419
2010-11-26,112869.83514666269
2010-11-29,112516.91813200251
2010-11-30,110615.66180830367
2010-12-01,112190.40382986842
2010-12-02,114607.21806485622
2010-12-03,114546.201127696
2010-12-06,114726.0422988642
2010-12-07,114726.0422988642
2010-12-08,114768.6646807309
2010-12-09,116029.62489742239
2010-12-10,116029.62489742239
2010-12-13,116029.62489742239
2010-12-14,116029.62489742239
2010-12-15,112960.24470929436
2010-12-16,113036.46923917365
2010-12-17,113311.78208588969
2010-12-20,112900.91537582144
2010-12-21,112278.64483582934
2010-12-22,111010.67003715313
2010-12-23,108981.0319516604
2010-12-27,107811.68140604865
2010-12-28,107509.68428754577
2010-12-29,107509.68428754577
2010-12-30,107509.68428754577
2010-12-31,107509.68428754577
2011-01-03,106571.22072639053
2011-01-04,107169.49641419527
2011-01-05,107786.40579179299
2011-01-06,110662.66266005553
2011-01-07,111099.42937732114
2011-01-10,112740.39093725591
2011-01-11,114015.53905091863
2011-01-12,115613.59422244495
2011-01-13,115625.12921550173
2011-01-14,119837.07568423275
2011-01-18,118785.8228206839
2011-01-19,118785.8228206839
2011-01-20,118785.8228206839
2011-01-21,118785.8228206839
2011-01-24,122177.4201787616
2011-01-25,121069.29931994757
2011-01-26,121069.29931994757
2011-01-27,122662.52494034049
2011-01-28,124351.20915684699
2011-01-31,123395.51690687254
2011-02-01,127457.32401656338
2011-02-02,127575.36660452638
2011-02-03,127540.97882301571
2011-02-04,130573.61793199152
2011-02-07,131510.0168878745
2011-02-08,131510.0168878745
2011-02-09,131510.0168878745
2011-02-10,134148.1695962832
2011-02-11,134740.1293399688
2011-02-14,135332.15294832466
2011-02-15,135056.0571860498
2011-02-16,134487.6144938385
2011-02-17,137075.10477453383
2011-02-18,137920.99194788584
2011-02-22,137920.99194788584
2011-02-23,137920.99194788584
2011-02-24,139363.01662200957
2011-02-25,143806.2377229599
2011-02-28,145467.63858054794
2011-03-01,145467.63858054794
2011-03-02,147793.19458905433
2011-03-03,151256.89011292608
2011-03-04,150541.03314992046
2011-03-07,150541.03314992046
2011-03-08,148914.20811808505
2011-03-09,147329.15525702137
2011-03-10,144720.24714170524
2011-03-11,145517.02757776724
2011-03-14,144276.56902959512
2011-03-15,139729.77447861418
2011-03-16,135361.8709288577
2011-03-17,134999.01239914517
2011-03-18,136397.23127491816
2011-03-21,136371.75080620876
2011-03-22,136555.10576577668
2011-03-23,138022.6209303051
2011-03-24,142708.18105878995
2011-03-25,140327.15724588494
2011-03-28,141693.96646666544
2011-03-29,143033.96218900935
2011-03-30,145042.70218479072
2011-03-31,145042.70218479072
2011-04-01,145042.70218479072
2011-04-04,145042.70218479072
2011-04-05,145192.79848913802
2011-04-06,147485.63601523073
2011-04-07,147415.31880948518
2011-04-08,147415.31880948518
2011-04-11,147415.31880948518
2011-04-12,147415.31880948518
2011-04-13,147415.31880948518
2011-04-14,147899.78772610717
2011-04-15,148117.4765926128
2011-04-18,145696.53723833602
2011-04-19,145845.07995959072
2011-04-20,153539.26282333292
2011-04-21,155915.01928785336
2011-04-25,154652.8115798398
2011-04-26,158295.0948305233
2011-04-27,156918.43157545707
2011-04-28,156918.43157545707
2011-04-29,157473.19200061884
2011-05-02,158624.1659199588
2011-05-03,158624.1659199588
2011-05-04,158624.1659199588
2011-05-05,159466.2780712702
2011-05-06,160304.01852011308
2011-05-09,160215.1449300227
2011-05-10,160215.1449300227
2011-05-11,160215.1449300227
2011-05-12,164714.33136615565
2011-05-13,163989.483031089
2011-05-16,157679.08443766052
2011-05-17,156391.2509895718
2011-05-18,158500.638470383
2011-05-19,157497.45357385994
2011-05-20,157497.45357385994
2011-05-23,157497.45357385994
2011-05-24,157497.45357385994
2011-05-25,158643.91507032502
2011-05-26,159408.84769401303
2011-05-27,160639.56900811224
2011-05-31,164273.2887392015
2011-06-01,164273.2887392015
2011-06-02,162469.1848834444
2011-06-03,155072.8546764582
2011-06-06,154472.29794811847
2011-06-07,154472.29794811847
2011-06-08,154472.29794811847
2011-06-09,153522.9602378686
2011-06-10,152973.82536059772
2011-06-13,150783.09506819656
2011-06-14,152173.21548777007
2011-06-15,151104.9855664121
2011-06-16,150375.57702830888
2011-06-17,150118.76324745925
2011-06-20,149723.8393945156
2011-06-21,152038.3727387721
2011-06-22,150546.77980514092
2011-06-23,155758.2275676832
2011-06-24,154695.7809136431
2011-06-27,154805.52407488314
2011-06-28,156673.426885866
2011-06-29,157415.1393262258
2011-06-30,162718.21623269242
2011-07-01,168329.6913770183
2011-07-05,167566.48237781256
2011-07-06,167566.48237781256
2011-07-07,169304.9568849657
2011-07-08,164399.12901414724
2011-07-11,158522.30135352502
2011-07-12,154565.5461596506
2011-07-13,153775.48023805962
2011-07-14,149636.7856578684
2011-07-15,150521.58899144785
2011-07-18,150521.58899144785
2011-07-19,153041.74377200924
2011-07-20,154328.29787407327
2011-07-21,156158.7852315789
2011-07-22,161467.4290345579
2011-07-25,158054.62103421486
2011-07-26,157166.36155845784
2011-07-27,153919.0287755316
2011-07-28,152177.05924357247
2011-07-29,147975.1415635706
2011-08-01,147502.5315427357
2011-08-02,144312.45349524647
2011-08-03,142324.04527973259
2011-08-04,143604.28520383753
2011-08-05,139442.47825298933
2011-08-08,139706.28291814995
2011-08-09,140866.33420250285
2011-08-10,138273.8219847564
2011-08-11,140596.16298088746
2011-08-12,139929.46237952588
2011-08-15,140495.7635549328
2011-08-16,137973.83991822923
2011-08-17,137217.71302972437
2011-08-18,135674.59863114578
2011-08-19,134631.45041661905
2011-08-22,135835.2591325134
2011-08-23,137795.5307136027
2011-08-24,136322.55782147413
2011-08-25,134499.11179810393
2011-08-26,136009.98062093987
2011-08-29,138040.3926338393
2011-08-30,137660.98834750167
2011-08-31,136409.3250076279
2011-09-01,134663.51481582626
2011-09-02,133827.21945435193
2011-09-06,133827.21945435193
2011-09-07,134906.84960240283
2011-09-08,134181.42956452718
2011-09-09,133222.1501587557
2011-09-12,134885.68289170938
2011-09-13,135814.2903122645
2011-09-14,137061.85622545693
2011-09-15,137704.15755859943
2011-09-16,137373.49775807868
2011-09-19,136379.23889794206
2011-09-20,136741.41520855154
2011-09-21,134202.45075375782
2011-09-22,134097.34186236706
2011-09-23,135617.2246423282
2011-09-26,136013.7258425923
2011-09-27,134940.20886356352
2011-09-28,135585.52957019792
2011-09-29,135172.64341515538
2011-09-30,134298.92857052406
2011-10-03,132595.20984760683
2011-10-04,135602.47778260373
2011-10-05,137154.99569609735
2011-10-06,137538.56836329694
2011-10-07,137511.8311752003
2011-10-10,138650.09912942833
2011-10-11,138094.7595353147
2011-10-12,138110.11697468685
2011-10-13,139478.05259615646
2011-10-14,140552.31355153755
2011-10-17,140552.31355153755
2011-10-18,141950.64524277073
2011-10-19,141837.1134296524
2011-10-20,141579.59993853356
2011-10-21,141036.24023324257
2011-10-24,143709.3053520914
2011-10-25,140115.78909151017
2011-10-26,139729.5071742709
2011-10-27,141734.30436130855
2011-10-28,141302.07508756238
2011-10-31,139218.1956919683
2011-11-01,139218.1956919683
2011-11-02,139218.1956919683
2011-11-03,140577.56312635203
2011-11-04,141228.10058682173
2011-11-07,140388.05394123666
2011-11-08,141555.29126762194
2011-11-09,141555.29126762194
2011-11-10,141555.29126762194
2011-11-11,143280.881921533
2011-11-14,140751.87477057613
2011-11-15,142027.98984310136
2011-11-16,140220.74165608684
2011-11-17,140425.98005614904
2011-11-18,139790.70649747117
2011-11-21,140410.22952041298
2011-11-22,139372.44354537566
2011-11-23,138769.35035254195
2011-11-25,137616.3247596221
2011-11-28,139624.41167498333
2011-11-29,138404.77769663467
2011-11-30,141711.7087227885
2011-12-01,141700.10150490789
2011-12-02,140305.88848262027
2011-12-05,143131.68886835923
2011-12-06,143131.68886835923
2011-12-07,145130.81129147758
2011-12-08,138902.48559626302
2011-12-09,139042.17099884513
2011-12-12,136939.0705183316
2011-12-13,133806.47499111478
2011-12-14,131581.59772754463
2011-12-15,133036.76238847664
2011-12-16,132092.34341189225
2011-12-19,133154.51883528128
2011-12-20,133297.19611385156
2011-12-21,133228.74068412138
2011-12-22,138078.9008570525
2011-12-23,138250.523158873
2011-12-27,137920.74599409936
2011-12-28,137022.839309817
2011-12-29,137022.839309817
2011-12-30,137022.839309817
2012-01-03,134196.3148883492
2012-01-04,133788.48057108678
2012-01-05,136005.4067704144
2012-01-06,135915.53892872226
2012-01-09,137628.39198178856
2012-01-10,140558.7605972145
2012-01-11,141835.9104774647
2012-01-12,143218.08474226238
2012-01-13,140921.06366416893
2012-01-17,140921.06366416893
2012-01-18,147825.7512424683
2012-01-19,151491.28332493996
2012-01-20,151313.69789349177
2012-01-23,151793.69641543462
2012-01-24,152541.35696944286
2012-01-25,153422.7700520961
2012-01-26,147550.29303124693
2012-01-27,147289.00930565334
2012-01-30,145017.57534810406
2012-01-31,145017.57534810406
2012-02-01,146366.1373363381
2012-02-02,146563.80740912107
2012-02-03,148922.08232063707
2012-02-06,147898.6798973499
2012-02-07,147994.471805623
2012-02-08,150082.25652569125
2012-02-09,151678.99743461865
2012-02-10,151678.99743461865
2012-02-13,151678.99743461865
2012-02-14,152517.10548577126
2012-02-15,152288.1939235605
2012-02-16,157128.2882276384
2012-02-17,159292.01595796057
2012-02-21,159292.01595796057
2012-02-22,157395.3232545997
2012-02-23,157486.47689599404
2012-02-24,154291.51707719878
2012-02-27,152591.7039826929
2012-02-28,155972.16985755385
2012-02-29,156251.39015825524
2012-03-01,156251.39015825524
2012-03-02,152076.19558489352
2012-03-05,150922.1001703868
2012-03-06,150866.91025208653
2012-03-07,153757.13191080184
2012-03-08,155988.34348296525
2012-03-09,157596.24747552752
2012-03-12,157613.0257185038
2012-03-13,161179.75482024383
2012-03-14,157823.57742383835
2012-03-15,162709.87550580915
2012-03-16,162720.10469299118
2012-03-19,164452.56274255263
2012-03-20,161211.5565802172
2012-03-21,161211.5565802172
2012-03-22,161211.5565802172
2012-03-23,161211.5565802172
2012-03-26,161257.42780868444
2012-03-27,158736.767701226
2012-03-28,158475.48702370404
2012-03-29,159227.21241469696
2012-03-30,163069.07837729994
2012-04-02,161894.03142650635
2012-04-03,161276.29293494346
2012-04-04,161276.29293494346
2012-04-05,160985.59813288605
2012-04-09,155533.73416099948
2012-04-10,151200.2273462909
2012-04-11,152596.4742063543
2012-04-12,154890.21710670018
2012-04-13,154015.4626651592
2012-04-16,154015.4626651592
2012-04-17,154897.40981707524
2012-04-18,150934.21025069617
2012-04-19,146189.51443316683
2012-04-20,146519.16256802386
2012-04-23,147842.12447348936
2012-04-24,147842.12447348936
2012-04-25,147903.7012674131
2012-04-26,151540.0605141378
2012-04-27,151348.81474414986
2012-04-30,151348.81474414986
2012-05-01,150958.6935801027
2012-05-02,150741.91489282032
2012-05-03,151118.93555226293
2012-05-04,146423.00307823977
2012-05-07,145235.3315566475
2012-05-08,144428.08905180235
2012-05-09,145679.48489419103
2012-05-10,146754.26501936058
2012-05-11,147368.96796180482
2012-05-14,144300.28450798476
2012-05-15,140491.69224550336
2012-05-16,141114.22163279972
2012-05-17,141291.68420072124
2012-05-18,141181.25651862734
2012-05-21,142495.73118246676
2012-05-22,142532.01356766224
2012-05-23,143777.68770148963
2012-05-24,143557.1636971712
2012-05-25,145198.04497422714
2012-05-29,148545.99578004092
2012-05-30,146206.1558908783
2012-05-31,146206.1558908783
2012-06-01,146206.1558908783
2012-06-04,145126.8700325504
2012-06-05,146762.24505037518
2012-06-06,149663.63913664155
2012-06-07,150948.54566077574
2012-06-08,154887.85848329897
2012-06-11,158382.78206873906
2012-06-12,161310.9477841339
2012-06-13,156963.05990235606
2012-06-14,157188.06762218813
2012-06-15,159431.64872340648
2012-06-18,162175.20771001044
2012-06-19,163355.78160042004
2012-06-20,165156.20682445608
2012-06-21,163931.0443881966
2012-06-22,164748.10128885286
2012-06-25,162172.91738915973
2012-06-26,162172.91738915973
2012-06-27,162696.822583472
2012-06-28,160524.61469602663
2012-06-29,166856.120276347
2012-07-02,168771.60541049662
2012-07-03,170942.3765105473
2012-07-05,168166.04789175186
2012-07-06,168166.04789175186
2012-07-09,168166.04789175186
2012-07-10,163303.87007556757
2012-07-11,163221.63222927056
2012-07-12,163221.63222927056
2012-07-13,163360.09724800533
2012-07-16,162423.07636181853
2012-07-17,161157.6359406061
2012-07-18,168235.69187233015
2012-07-19,171998.7488723888
2012-07-20,171433.694637681
2012-07-23,171433.694637681
2012-07-24,171433.694637681
2012-07-25,172938.90193618494
2012-07-26,178278.13078005938
2012-07-27,184419.30020472055
2012-07-30,178805.96456953156
2012-07-31,179896.80510172655
2012-08-01,181771.5611186499
2012-08-02,182344.9452633856
2012-08-03,187422.2578932765
2012-08-06,189737.84805508854
2012-08-07,193161.46134447766
2012-08-08,192680.59819882686
2012-08-09,192952.33083298337
2012-08-10,192398.44422913293
2012-08-13,192270.03781346953
2012-08-14,192270.03781346953
2012-08-15,196168.44542780993
2012-08-16,201754.01643070523
2012-08-17,200615.70002236526
2012-08-20,200615.70002236526
2012-08-21,196412.6588642613
2012-08-22,193700.98364229157
2012-08-23,193700.98364229157
2012-08-24,195306.7381517051
2012-08-27,196694.31827639957
2012-08-28,195839.68300570332
2012-08-29,193762.36123059722
2012-08-30,191272.38742504688
2012-08-31,191507.6076951691
2012-09-04,191059.44405126257
2012-09-05,186946.5970219913
2012-09-06,197983.99196223862
2012-09-07,195960.5991291661
2012-09-10,195960.5991291661
2012-09-11,194645.3836803673
2012-09-12,193188.86223728955
2012-09-13,194823.49830390638
2012-09-14,198082.86243364363
2012-09-17,200267.58044916773
2012-09-18,200267.58044916773
2012-09-19,200267.58044916773
2012-09-20,200267.58044916773
2012-09-21,195059.82935947253
2012-09-24,190614.39943372834
2012-09-25,190614.39943372834
2012-09-26,190614.39943372834
2012-09-27,193185.36315349603
2012-09-28,191938.67646994052
2012-10-01,187778.27682625083
2012-10-02,189480.39330688928
2012-10-03,189480.39330688928
2012-10-04,189166.22990371098
2012-10-05,185873.2842563033
2012-10-08,183120.27269336174
2012-10-09,183120.27269336174
2012-10-10,183120.27269336174
2012-10-11,183120.27269336174
2012-10-12,183120.27269336174
2012-10-15,184174.40873228863
2012-10-16,188202.2260053174
2012-10-17,186308.88971279105
2012-10-18,184395.63648820683
2012-10-19,184395.63648820683
2012-10-22,184395.63648820683
2012-10-23,186074.36695156572
2012-10-24,188676.08930052162
2012-10-25,186848.72359044393
2012-10-26,186780.37976532953
2012-10-31,187228.62269115535
2012-11-01,195945.0098675448
2012-11-02,196280.46436323415
2012-11-05,200927.2227073942
2012-11-06,203954.15878405113
2012-11-07,198245.91226438677
2012-11-08,198245.91226438677
2012-11-09,197916.33920637524
2012-11-12,199006.81959651405
2012-11-13,197636.77571785578
2012-11-14,199229.5676166237
2012-11-15,199066.7991285086
2012-11-16,196678.05177872218
2012-11-19,194354.58935428038
2012-11-20,193634.80557440623
2012-11-21,193634.80557440623
2012-11-23,194795.33990580373
2012-11-26,194983.33359589815
2012-11-27,195612.35319515804
2012-11-28,200457.18514799493
2012-11-29,202525.0525657354
2012-11-30,202525.0525657354
2012-12-03,202525.0525657354
2012-12-04,202039.8774923235
2012-12-05,198782.1261245182
2012-12-06,201451.32126756746
2012-12-07,202921.20412732707
2012-12-10,203961.21321087872
2012-12-11,210513.10287021237
2012-12-12,213477.5097352412
2012-12-13,207476.41543010843
2012-12-14,201861.49572607767
2012-12-17,201172.02139639854
2012-12-18,205324.8746382472
2012-12-19,203921.69518139755
2012-12-20,203566.35743787038
2012-12-21,203794.11698344807
2012-12-24,200401.63713585568
2012-12-26,195191.9136483399
2012-12-27,194690.2362190229
2012-12-28,193514.06364103954
2012-12-31,197237.85209215345
2013-01-02,209792.68016343098
2013-01-03,209157.81325917388
2013-01-04,209157.81325917388
2013-01-07,209157.81325917388
2013-01-08,209157.81325917388
2013-01-09,210469.3849144991
2013-01-10,216399.77430659797
2013-01-11,218874.5419649779
2013-01-14,214067.9095728745
2013-01-15,211586.91592894995
2013-01-16,213762.7594694927
2013-01-17,222498.13947581928
2013-01-18,216104.5266283749
2013-01-22,215884.13264077975
2013-01-23,216889.76610991172
2013-01-24,207960.69924620318
2013-01-25,211950.68211467675
2013-01-28,213858.07622198932
2013-01-29,213858.07622198932
2013-01-30,212676.93348561047
2013-01-31,208139.64280543066
2013-02-01,214392.70282517362
2013-02-04,203006.52605325726
2013-02-05,208382.46362144724
2013-02-06,206544.1222329316
2013-02-07,208030.78158051075
2013-02-08,211020.4104023483
2013-02-11,211172.50352838053
2013-02-12,211172.50352838053
2013-02-13,211172.50352838053
2013-02-14,216604.1728623629
2013-02-15,217439.91977245157
2013-02-19,220807.15355085972
2013-02-20,220792.12635724494
2013-02-21,220792.12635724494
2013-02-22,223771.06249364576
2013-02-25,227791.92089098517
2013-02-26,228407.17323017077
2013-02-27,232811.6335548485
2013-02-28,234661.33976835184
2013-03-01,224862.2218819864
2013-03-04,225582.75549407682
2013-03-05,228144.57001166095
2013-03-06,232107.13072331372
2013-03-07,229366.66992559782
2013-03-08,234141.20059055384
2013-03-11,234141.20059055384
2013-03-12,237226.5701402872
2013-03-13,235417.43670280228
2013-03-14,234695.99985056865
2013-03-15,234496.54932249564
2013-03-18,231085.74813974916
2013-03-19,234591.3744146871
2013-03-20,234642.61622903976
2013-03-21,233907.46433602544
2013-03-22,233688.46884167628
2013-03-25,229147.40138173962
2013-03-26,231298.98321398027
2013-03-27,228888.2979442231
2013-03-28,232144.60554712298
2013-04-01,232144.60554712298
2013-04-02,232144.60554712298
2013-04-03,232144.60554712298
2013-04-04,235004.99043046613
2013-04-05,231944.35128016668
2013-04-08,233378.32351484365
2013-04-09,236526.6145045463
2013-04-10,246793.21318996084
2013-04-11,240636.15228097228
2013-04-12,233369.67504755847
2013-04-15,213339.48072047264
2013-04-16,221182.87146670787
2013-04-17,215041.37509753765
2013-04-18,207716.84367631
2013-04-19,208171.52256399303
2013-04-22,209355.22367364616
2013-04-23,216432.92676461974
2013-04-24,220315.20301816263
2013-04-25,222724.15284265133
2013-04-26,217138.72287014668
2013-04-29,220844.5340099977
2013-04-30,223333.34199784938
2013-05-01,224131.80281415462
2013-05-02,224452.37268978663
2013-05-03,230817.6843700717
2013-05-06,230817.6843700717
2013-05-07,230817.6843700717
2013-05-08,235749.46957822167
2013-05-09,235567.24818404648
2013-05-10,237878.85689038225
2013-05-13,238253.1586839064
2013-05-14,238253.1586839064
2013-05-15,240612.64427810942
2013-05-16,242290.57389803868
2013-05-17,241965.2219714403
2013-05-20,243025.380173939
2013-05-21,243025.380173939
2013-05-22,225334.85127330566
2013-05-23,228004.74649148577
2013-05-24,224687.15349962903
2013-05-28,234657.95601678838
2013-05-29,239483.1311419778
2013-05-30,245093.14800327198
2013-05-31,236009.3010792628
2013-06-03,233479.39147978628
2013-06-04,232903.97019512174
2013-06-05,231703.56050748745
2013-06-06,228243.23727107144
2013-06-07,233098.63728649812
2013-06-10,235647.8856077314
2013-06-11,235647.8856077314
2013-06-12,235647.8856077314
2013-06-13,243227.9019066503
2013-06-14,246498.4780138658
2013-06-17,246482.07332569404
2013-06-18,251920.82674231243
2013-06-19,252052.07860888893
2013-06-20,252052.07860888893
2013-06-21,250497.00310905091
2013-06-24,238582.80683699786
2013-06-25,246744.5896830772
2013-06-26,250939.1744318409
2013-06-27,250939.1744318409
2013-06-28,250043.90319651287
2013-07-01,245818.9470658778
2013-07-02,243316.2609134998
2013-07-03,243203.7754353382
2013-07-05,247126.60439332307
2013-07-08,251541.11274044352
2013-07-09,251541.11274044352
2013-07-10,255903.14631808386
2013-07-11,265831.1657802386
2013-07-12,267476.06281323364
2013-07-15,267476.06281323364
2013-07-16,267118.2070980732
2013-07-17,270194.8761660567
2013-07-18,270194.8761660567
2013-07-19,270194.8761660567
2013-07-22,270194.8761660567
2013-07-23,263129.9264468938
2013-07-24,265754.9153796835
2013-07-25,269371.97894866404
2013-07-26,268667.29369268764
2013-07-29,268667.29369268764
2013-07-30,270358.3623905195
2013-07-31,269785.49701239343
2013-08-01,278679.36112918006
2013-08-02,276092.87297115126
2013-08-05,276092.87297115126
2013-08-06,276092.87297115126
2013-08-07,276092.87297115126
2013-08-08,276092.87297115126
2013-08-09,276092.87297115126
2013-08-12,278622.9714546233
2013-08-13,282814.48018391547
2013-08-14,276876.7103005765
2013-08-15,276876.7103005765
2013-08-16,275947.79324562335
2013-08-19,270649.70344891533
2013-08-20,271081.43266052776
2013-08-21,269511.2751404026
2013-08-22,270469.4763839254
2013-08-23,271887.5590233272
2013-08-26,267634.8328541949
2013-08-27,258878.49595560762
2013-08-28,260002.36269885759
2013-08-29,263674.2782193181
2013-08-30,263124.19075830013
2013-09-03,256461.25816834674
2013-09-04,267244.20517742727
2013-09-05,268537.10658812604
2013-09-06,270381.6923598738
2013-09-09,274403.8430193844
2013-09-10,282385.2569028002
2013-09-11,279472.81877356034
2013-09-12,279472.81877356034
2013-09-13,279548.6575443139
2013-09-16,287758.17594832304
2013-09-17,287445.1481950205
2013-09-18,289540.47881237144
2013-09-19,290494.562876379
2013-09-20,282623.01852364454
2013-09-23,283302.2531230004
2013-09-24,281487.4689622094
2013-09-25,282664.29120578535
2013-09-26,282664.29120578535
2013-09-27,282664.29120578535
2013-09-30,285792.98714235297
2013-10-01,287749.22343063296
2013-10-02,284048.23860159406
2013-10-03,278943.30974306935
2013-10-04,279989.00259064615
2013-10-07,273980.79799723707
2013-10-08,274206.68113562267
2013-10-09,274206.68113562267
2013-10-10,277711.6078727472
2013-10-11,276596.7798883683
2013-10-14,277513.6701262958
2013-10-15,277595.3547620047
2013-10-16,278630.79106657836
2013-10-17,280418.894051188
2013-10-18,282753.9350783085
2013-10-21,282753.9350783085
2013-10-22,282753.9350783085
2013-10-23,282753.9350783085
2013-10-24,280516.354549309
2013-10-25,282612.6837830957
2013-10-28,283872.55008023645
2013-10-29,290768.61117498693
2013-10-30,291938.2696055077
2013-10-31,291565.35922839807
2013-11-01,293404.2674132127
2013-11-04,293404.2674132127
2013-11-05,292806.7712065374
2013-11-06,296559.04689314927
2013-11-07,296559.04689314927
2013-11-08,302068.56175316207
2013-11-11,299344.9920684263
2013-11-12,302302.84718873596
2013-11-13,305440.0657440646
2013-11-14,305002.2988224198
2013-11-15,304424.57850990765
2013-11-18,305320.4153944729
2013-11-19,305320.4153944729
2013-11-20,305320.4153944729
2013-11-21,312437.8970830833
2013-11-22,311178.45031358255
2013-11-25,311178.45031358255
2013-11-26,309421.68423662655
2013-11-27,308369.6599294415
2013-11-29,309089.7050879082
2013-12-02,309089.7050879082
2013-12-03,309406.60904189467
2013-12-04,308100.0033394365
2013-12-05,305464.79906982346
2013-12-06,316497.4889281235
2013-12-09,316497.4889281235
2013-12-10,316497.4889281235
2013-12-11,316497.4889281235
2013-12-12,316497.4889281235
2013-12-13,316497.4889281235
2013-12-16,317051.9357545392
2013-12-17,320407.88572221604
2013-12-18,321153.3107417387
2013-12-19,320577.06042485696
2013-12-20,323151.00523985975
2013-12-23,327931.43469153316
2013-12-24,327931.43469153316
2013-12-26,327931.43469153316
2013-12-27,327931.43469153316
2013-12-30,326882.019071484
2013-12-31,329542.7125126438
2014-01-02,323804.9334407467
2014-01-03,323804.9334407467
2014-01-06,323804.9334407467
2014-01-07,323321.14906520845
2014-01-08,331104.7452363263
2014-01-09,333923.7496759211
2014-01-10,332747.0845911959
2014-01-13,330896.27580453746
2014-01-14,345024.18687988137
2014-01-15,347624.84854956093
2014-01-16,346488.6246630948
2014-01-17,339627.53126230696
2014-01-21,343546.38957044896
2014-01-22,349331.90563921566
2014-01-23,339829.1027895361
2014-01-24,339829.1027895361
2014-01-27,339829.1027895361
2014-01-28,340729.2088721532
2014-01-29,333354.22060096834
2014-01-30,338883.1489168204
2014-01-31,331454.19811396976
2014-02-03,330737.01491097093
2014-02-04,330737.01491097093
2014-02-05,329450.44257482665
2014-02-06,335572.0506084488
2014-02-07,342418.50645617826
2014-02-10,342259.06480542594
2014-02-11,347934.19148022647
2014-02-12,350978.99421276856
2014-02-13,356652.6065475162
2014-02-14,356601.42242656194
2014-02-18,360414.6212257083
2014-02-19,356133.4168762932
2014-02-20,358028.9881627876
2014-02-21,358897.94912799646
2014-02-24,353417.0611681698
2014-02-25,352057.88214019896
2014-02-26,351065.3289376222
2014-02-27,349424.6559750575
2014-02-28,349424.6559750575
2014-03-03,348850.56616628985
2014-03-04,358997.86916351615
2014-03-05,358768.7968002122
2014-03-06,358251.1687257221
2014-03-07,360891.71130176936
2014-03-10,360891.71130176936
2014-03-11,360891.71130176936
2014-03-12,368287.5880065155
2014-03-13,371206.51273616165
2014-03-14,365127.1751270972
2014-03-17,370213.24866882415
2014-03-18,377065.5694838225
2014-03-19,371244.6741418357
2014-03-20,382570.70106703043
2014-03-21,385938.2145477176
2014-03-24,385938.2145477176
2014-03-25,385040.19901431096
2014-03-26,369423.5473614048
2014-03-27,357149.89799311844
2014-03-28,358464.41442350653
2014-03-31,367576.0576182852
2014-04-01,376705.7788937476
2014-04-02,379509.5369939379
2014-04-03,374368.27206109144
2014-04-04,383432.3869540284
2014-04-07,374799.7239267008
2014-04-08,380934.7798877896
2014-04-09,386742.3964294977
2014-04-10,386742.3964294977
2014-04-11,376977.41000225703
2014-04-14,379132.4919472831
2014-04-15,380064.88458437007
2014-04-16,385505.96208110475
2014-04-17,399709.12032616115
2014-04-21,403069.5521840789
2014-04-22,407310.73800978967
2014-04-23,408144.98459452734
2014-04-24,408144.98459452734
2014-04-25,408144.98459452734
2014-04-28,394127.6569743593
2014-04-29,394576.7845394607
2014-04-30,395848.05445816176
2014-05-01,386566.0283091291
2014-05-02,382934.6327593826
2014-05-05,378862.46387772507
2014-05-06,380115.3466317815
2014-05-07,380115.3466317815
2014-05-08,384776.2576069672
2014-05-09,383425.26640843065
2014-05-12,394613.2027362138
2014-05-13,397117.65816513833
2014-05-14,397117.65816513833
2014-05-15,397117.65816513833
2014-05-16,402635.30967516673
2014-05-19,408594.7844447331
2014-05-20,408623.97434296075
2014-05-21,408623.97434296075
2014-05-22,405381.22708189895
2014-05-23,409411.01727578865
2014-05-27,420508.22708863486
2014-05-28,420508.22708863486
2014-05-29,415524.18698284624
2014-05-30,414775.82774730795
2014-06-02,414775.82774730795
2014-06-03,419463.276296198
2014-06-04,418177.4413770504
2014-06-05,417006.16883550026
2014-06-06,419577.5882624121
2014-06-09,413859.9411898567
2014-06-10,414301.9047409448
2014-06-11,417571.6492850459
2014-06-12,417099.5552968598
2014-06-13,417099.5552968598
2014-06-16,417030.5607530781
2014-06-17,419313.7369846306
2014-06-18,420029.3578529406
2014-06-19,420029.3578529406
2014-06-20,420029.3578529406
2014-06-23,420029.3578529406
2014-06-24,406555.782603037
2014-06-25,404169.15234538034
2014-06-26,401335.57322054065
2014-06-27,401335.57322054065
2014-06-30,407055.6806424936
2014-07-01,416857.42463046906
2014-07-02,420005.27611942496
2014-07-03,420818.5130876486
2014-07-07,420460.890994764
2014-07-08,420460.890994764
2014-07-09,420460.890994764
2014-07-10,426581.18224868696
2014-07-11,428477.0208331254
2014-07-14,428477.0208331254
2014-07-15,428477.0208331254
2014-07-16,428477.0208331254
2014-07-17,428477.0208331254
2014-07-18,431993.49883987976
2014-07-21,431659.61374062364
2014-07-22,431659.61374062364
2014-07-23,431659.61374062364
2014-07-24,431659.61374062364
2014-07-25,431659.61374062364
2014-07-28,431659.61374062364
2014-07-29,420757.6343218368
2014-07-30,426258.5708611687
2014-07-31,419898.92255221
2014-08-01,420957.5354266418
2014-08-04,422531.0406917451
2014-08-05,412216.64407748566
2014-08-06,409472.69217525725
2014-08-07,415406.20632092695
2014-08-08,417598.8193499329
2014-08-11,421574.4446138289
2014-08-12,419450.6023282987
2014-08-13,420767.1930397393
2014-08-14,420775.76975958986
2014-08-15,418256.10712021624
2014-08-18,422950.347383668
2014-08-19,423815.8830134192
2014-08-20,427031.9954481332
2014-08-21,428085.42707315524
2014-08-22,428085.42707315524
2014-08-25,428085.42707315524
2014-08-26,428085.42707315524
2014-08-27,428085.42707315524
2014-08-28,434526.5251203833
2014-08-29,436467.10731231875
2014-09-02,436467.10731231875
2014-09-03,436467.10731231875
2014-09-04,430699.13759438106
2014-09-05,434061.8094209402
2014-09-08,429613.36356514407
2014-09-09,429285.81571335776
2014-09-10,429285.81571335776
2014-09-11,429644.0870122433
2014-09-12,426356.644472833
2014-09-15,426356.644472833
2014-09-16,440638.5414887918
2014-09-17,443346.7445545861
2014-09-18,454171.5464723064
2014-09-19,457376.81500460143
2014-09-22,457376.81500460143
2014-09-23,454348.1705287282
2014-09-24,461438.41524833546
2014-09-25,460276.89194387593
2014-09-26,461508.68646264146
2014-09-29,457567.6293966536
2014-09-30,457856.6744790972
2014-10-01,457856.6744790972
2014-10-02,457856.6744790972
2014-10-03,457856.6744790972
2014-10-06,457856.6744790972
2014-10-07,457856.6744790972
2014-10-08,468157.4846665242
2014-10-09,467325.2044338876
2014-10-10,467325.2044338876
2014-10-13,456625.0817019696
2014-10-14,454646.0456007751
2014-10-15,450170.9846831268
2014-10-16,458024.7050825874
2014-10-17,459370.2462266742
2014-10-20,468030.6271175401
2014-10-21,493576.9169677698
2014-10-22,499504.59334167285
2014-10-23,496791.3134360922
2014-10-24,502356.292243909
2014-10-27,500126.79593634134
2014-10-28,509975.20565286285
2014-10-29,505699.80480828846
2014-10-30,501931.3576809147
2014-10-31,509798.4177337894
2014-11-03,510381.36787945445
2014-11-04,499921.88616698084
2014-11-05,508265.920764643
2014-11-06,508265.920764643
2014-11-07,508265.920764643
2014-11-10,507140.5753032597
2014-11-11,510081.9534910045
2014-11-12,508132.6902836217
2014-11-13,501253.11133207
2014-11-14,504387.091293048
2014-11-17,498677.8978005446
2014-11-18,514387.6937090132
2014-11-19,515025.9526416327
2014-11-20,530319.3679652045
2014-11-21,545107.1538173645
2014-11-24,548975.414557192
2014-11-25,551981.1239741684
2014-11-26,574949.2299967228
2014-11-28,579253.4478001937
2014-12-01,579253.4478001937
2014-12-02,579253.4478001937
2014-12-03,598744.3935604469
2014-12-04,605852.4037771253
2014-12-05,610052.6480969264
2014-12-08,608537.8680547581
2014-12-09,608537.8680547581
2014-12-10,608537.8680547581
2014-12-11,601282.0858007583
2014-12-12,577028.4201936892
2014-12-15,562771.6410027284
2014-12-16,551996.0478404036
2014-12-17,565270.914874708
2014-12-18,578854.9330604081
2014-12-19,578854.9330604081
2014-12-22,584670.8726781646
2014-12-23,593603.0510700739
2014-12-24,593603.0510700739
2014-12-26,593603.0510700739
2014-12-29,593603.0510700739
2014-12-30,587745.9851825503
2014-12-31,572019.0919540003
2015-01-02,567397.368165603
2015-01-05,540532.0604968426
2015-01-06,539803.8393561151
2015-01-07,538794.1936021976
2015-01-08,561604.2938703476
2015-01-09,565624.2816862729
2015-01-12,565624.2816862729
2015-01-13,537538.109440571
2015-01-14,537938.5462871256
2015-01-15,526172.1867745551
2015-01-16,527913.8915406506
2015-01-20,531382.3026305602
2015-01-21,536624.5503449275
2015-01-22,537290.520833788
2015-01-23,528024.9123495019
2015-01-26,527283.5042408634
2015-01-27,527283.5042408634
2015-01-28,504449.5142582218
2015-01-29,499451.10187550384
2015-01-30,482514.0619465859
2015-02-02,477422.97203394235
2015-02-03,480126.8610282518
2015-02-04,479772.8715482716
2015-02-05,483130.34085594537
2015-02-06,472228.19326942135
2015-02-09,466281.4679365933
2015-02-10,480096.66808844527
2015-02-11,477945.77071199444
2015-02-12,488306.15988582966
2015-02-13,493787.197356078
2015-02-17,493787.197356078
2015-02-18,493787.197356078
2015-02-19,493843.0129074445
2015-02-20,494301.0447974733
2015-02-23,493655.5708609847
2015-02-24,505019.43968331994
2015-02-25,504553.18108086963
2015-02-26,500615.5624064247
2015-02-27,501191.76112329814
2015-03-02,520718.7107849735
2015-03-03,515870.92780733947
2015-03-04,515870.92780733947
2015-03-05,515870.92780733947
2015-03-06,515870.92780733947
2015-03-09,514056.0440939802
2015-03-10,504764.9131605689
2015-03-11,497476.756858558
2015-03-12,491203.39218127326
2015-03-13,492499.75504494377
2015-03-16,502493.3679860802
2015-03-17,495039.9300343608
2015-03-18,497286.1775418232
2015-03-19,496961.8952048872
2015-03-20,498824.55310371245
2015-03-23,498436.24213924445
2015-03-24,498436.24213924445
2015-03-25,498436.24213924445
2015-03-26,498436.24213924445
2015-03-27,517394.42558976583
2015-03-30,525093.9416555609
2015-03-31,517114.6991069277
2015-04-01,517114.6991069277
2015-04-02,505745.83626558114
2015-04-06,505281.1535253029
2015-04-07,499576.61946021696
2015-04-08,500095.550499342
2015-04-09,509880.9304165473
2015-04-10,512044.30147088267
2015-04-13,495081.43119992915
2015-04-14,498625.9695067867
2015-04-15,502610.61208866176
2015-04-16,489804.9694098314
2015-04-17,479360.43050515204
2015-04-20,476321.1090066703
2015-04-21,489699.6585867201
2015-04-22,495239.2280019639
2015-04-23,470282.1759413564
2015-04-24,470282.1759413564
2015-04-27,466672.95037204475
2015-04-28,462593.41199756187
2015-04-29,462593.41199756187
2015-04-30,462593.41199756187
2015-05-01,476122.4333937602
2015-05-04,477020.3931122452
2015-05-05,477020.3931122452
2015-05-06,477020.3931122452
2015-05-07,480137.59314125427
2015-05-08,484623.78504618636
2015-05-11,483358.16428478813
2015-05-12,483358.16428478813
2015-05-13,479475.6850455262
2015-05-14,487712.68142842874
2015-05-15,491402.9560124109
2015-05-18,498414.414980256
2015-05-19,503351.98354998
2015-05-20,493875.40238442697
2015-05-21,493095.6219623996
2015-05-22,494062.581526761
2015-05-26,494062.581526761
2015-05-27,532550.0860647906
2015-05-28,525872.4559782811
2015-05-29,522168.88996220723
2015-06-01,529710.2041733301
2015-06-02,529710.2041733301
2015-06-03,529710.2041733301
2015-06-04,529710.2041733301
2015-06-05,529710.2041733301
2015-06-08,529710.2041733301
2015-06-09,529710.2041733301
2015-06-10,529541.26710032
2015-06-11,535149.4419371383
2015-06-12,535149.4419371383
2015-06-15,533663.0046590699
2015-06-16,530630.6972193259
2015-06-17,533341.2766707367
2015-06-18,540939.9101901825
2015-06-19,541735.3509588719
2015-06-22,541735.3509588719
2015-06-23,541735.3509588719
2015-06-24,541735.3509588719
2015-06-25,541735.3509588719
2015-06-26,541735.3509588719
2015-06-29,525116.8227284506
2015-06-30,530380.5724273453
2015-07-01,530380.5724273453
2015-07-02,528018.3240904112
2015-07-06,516281.90245841286
2015-07-07,510753.1780061695
2015-07-08,496490.4763796502
2015-07-09,513965.1443426041
2015-07-10,513051.86941312416
2015-07-13,517035.09571239306
2015-07-14,519061.541497898
2015-07-15,520450.44014883385
2015-07-16,520450.44014883385
2015-07-17,520450.44014883385
2015-07-20,520450.44014883385
2015-07-21,517238.88629190176
2015-07-22,483589.85234735114
2015-07-23,486990.4750243458
2015-07-24,493587.97413612437
2015-07-27,496177.65602627856
2015-07-28,502761.6222203801
2015-07-29,502561.41277074546
2015-07-30,504512.1635147458
2015-07-31,504977.8487621363
2015-08-03,504977.8487621363
2015-08-04,504977.8487621363
2015-08-05,507554.7672363809
2015-08-06,508168.9585827797
2015-08-07,508727.9261464776
2015-08-10,530784.9916666682
2015-08-11,520964.896056172
2015-08-12,535435.3363229453
2015-08-13,535035.5300168801
2015-08-14,535035.5300168801
2015-08-17,549695.4483643384
2015-08-18,548246.3394645329
2015-08-19,548246.3394645329
2015-08-20,550902.841842198
2015-08-21,546324.2546917733
2015-08-24,516298.13409192
2015-08-25,516298.13409192
2015-08-26,518877.09409582644
2015-08-27,527628.3555966483
2015-08-28,528283.2026341148
2015-08-31,524744.5325778903
2015-09-01,517228.1339479108
2015-09-02,517610.0157167935
2015-09-03,517995.44771416177
2015-09-04,511144.76348531636
2015-09-08,521769.59506197873
2015-09-09,515026.03131818504
2015-09-10,515250.8500341879
2015-09-11,513430.97714099626
2015-09-14,515045.4235943995
2015-09-15,516212.382458487
2015-09-16,515992.44882309006
2015-09-17,509857.07741877437
2015-09-18,501910.1676648132
2015-09-21,503565.40465478355
2015-09-22,503565.40465478355
2015-09-23,503565.40465478355
2015-09-24,504467.14250271115
2015-09-25,504770.9535368772
2015-09-28,492943.3499001092
2015-09-29,492657.84274961724
2015-09-30,501407.9516745714
2015-10-01,498495.2669974626
2015-10-02,512169.5763291293
2015-10-05,517698.9523591385
2015-10-06,519107.4687286569
2015-10-07,520786.52531331935
2015-10-08,521640.1405255825
2015-10-09,519504.9713165971
2015-10-12,519504.9713165971
2015-10-13,507041.17571353365
2015-10-14,540010.9987291764
2015-10-15,545005.5832545401
2015-10-16,546373.9645177291
2015-10-19,545599.5201346922
2015-10-20,542720.312676077
2015-10-21,525439.4505104095
2015-10-22,557581.1091014168
2015-10-23,566037.4330437321
2015-10-26,559332.7588663115
2015-10-27,552320.2161257999
2015-10-28,567172.8710557534
2015-10-29,540238.2908777975
2015-10-30,541566.619882281
2015-11-02,545295.5937846703
2015-11-03,544543.2459643842
2015-11-04,545632.078668863
2015-11-05,545632.078668863
2015-11-06,563909.3060269931
2015-11-09,560194.7091508566
2015-11-10,560194.7091508566
2015-11-11,551364.3855068325
2015-11-12,546417.0867306405
2015-11-13,546417.0867306405
2015-11-16,553867.3293718618
2015-11-17,554880.2306212446
2015-11-18,559344.1957490278
2015-11-19,555398.1978804923
2015-11-20,560018.0626081501
2015-11-23,560018.0626081501
2015-11-24,573009.6518239201
2015-11-25,574748.836980067
2015-11-27,573503.498703493
2015-11-30,579649.775443232
2015-12-01,589227.4296637438
2015-12-02,591209.9906943126
2015-12-03,591209.9906943126
2015-12-04,603235.4603660209
2015-12-07,600642.8503788784
2015-12-08,601423.6188286841
2015-12-09,597254.1669862373
2015-12-10,597506.6785235312
2015-12-11,586581.3801092673
2015-12-14,586581.3801092673
2015-12-15,589191.9730749421
2015-12-16,591086.9811108822
2015-12-17,596372.5127478853
2015-12-18,585057.0148632814
2015-12-21,598650.0601097809
2015-12-22,602591.8423162538
2015-12-23,602591.8423162538
2015-12-24,602269.1040730709
2015-12-28,596434.8325515657
2015-12-29,596586.0884813035
2015-12-30,593876.7423345995
2015-12-31,593876.7423345995
2016-01-04,593876.7423345995
2016-01-05,593876.7423345995
2016-01-06,593876.7423345995
2016-01-07,593876.7423345995
2016-01-08,593911.5035924284
2016-01-11,587757.2411067191
2016-01-12,587338.817050615
2016-01-13,574346.749003696
2016-01-14,578088.6003218129
2016-01-15,561007.6789328665
2016-01-19,553351.3475718219
2016-01-20,555461.1223885821
2016-01-21,558676.5690731681
2016-01-22,561970.2119726789
2016-01-25,560864.8974644179
2016-01-26,560498.2261431281
2016-01-27,553549.5068886554
2016-01-28,556120.4437572255
2016-01-29,570863.2652578965
2016-02-01,570779.5001602713
2016-02-02,563821.2806114223
2016-02-03,556104.1213567746
2016-02-04,560329.1951583683
2016-02-05,561256.6490862963
2016-02-08,563456.7599719911
2016-02-09,566537.2947872786
2016-02-10,562008.2434967936
2016-02-11,559003.8481762031
2016-02-12,565251.6260136694
2016-02-16,574868.094790154
2016-02-17,582445.6461969311
2016-02-18,585899.9767249189
2016-02-19,585955.9359346759
2016-02-22,590791.0728904493
2016-02-23,580089.7730255786
2016-02-24,585692.6321270545
2016-02-25,589410.1085800978
2016-02-26,593111.5960723442
2016-02-29,580297.0236084738
2016-03-01,602581.7922782192
2016-03-02,602650.8429196882
2016-03-03,602128.5147811848
2016-03-04,599476.3778602825
2016-03-07,597133.3633879588
2016-03-08,586433.5182822812
2016-03-09,584414.3962468749
2016-03-10,583058.7124572233
2016-03-11,599023.8965870859
2016-03-14,595964.2812915018
2016-03-15,595964.2812915018
2016-03-16,604263.0890161844
2016-03-17,606969.0578911314
2016-03-18,618388.8604756673
2016-03-21,612378.7065581726
2016-03-22,602350.6290292756
2016-03-23,599179.3590259647
2016-03-24,601436.0230395352
2016-03-28,608911.1600913056
2016-03-29,624429.2778006273
2016-03-30,630664.8752885138
2016-03-31,625225.1513914277
2016-04-01,635124.072312564
2016-04-04,634658.6002016227
2016-04-05,629690.4213572928
2016-04-06,636203.3978513717
2016-04-07,628088.5894856919
2016-04-08,628088.5894856919
2016-04-11,612085.5391422035
2016-04-12,613493.8721495173
2016-04-13,628851.5350196778
2016-04-14,614679.4685445384
2016-04-15,614679.4685445384
2016-04-18,616679.959163089
2016-04-19,618676.4485259353
2016-04-20,629517.2934817147
2016-04-21,629466.5610615022
2016-04-22,622661.0772013221
2016-04-25,603631.675144931
2016-04-26,616146.3047771651
2016-04-27,624391.5748750754
2016-04-28,569375.4353718881
2016-04-29,569375.4353718881
2016-05-02,569564.4580766085
2016-05-03,563590.192937743
2016-05-04,557959.6020991154
2016-05-05,562414.0835280307
2016-05-06,562414.0835280307
2016-05-09,551429.7125113442
2016-05-10,558119.7613630863
2016-05-11,547396.2681682578
2016-05-12,552454.5237503488
2016-05-13,549023.7317762731
2016-05-16,561976.9150260151
2016-05-17,561201.4072901462
2016-05-18,583811.1523775498
2016-05-19,567919.2029516392
2016-05-20,599487.9568117615
2016-05-23,601091.6046327043
2016-05-24,626390.944254962
2016-05-25,633416.700110903
2016-05-26,633416.700110903
2016-05-27,634765.723501754
2016-05-31,638981.1313970246
2016-06-01,639577.2231158443
2016-06-02,633340.6673819824
2016-06-03,633340.6673819824
2016-06-06,633340.6673819824
2016-06-07,633492.4737862998
2016-06-08,632478.0219459342
2016-06-09,638168.3720227986
2016-06-10,620438.2320604059
2016-06-13,615553.2387486992
2016-06-14,607538.247390253
2016-06-15,612651.3500751031
2016-06-16,619992.3005651389
2016-06-17,617740.7227152041
2016-06-20,606548.5851267851
2016-06-21,611839.8590218166
2016-06-22,604302.9071678672
2016-06-23,626773.7307645467
2016-06-24,577996.5141139585
2016-06-27,577996.5141139585
2016-06-28,580165.6765697069
2016-06-29,586694.2001428572
2016-06-30,601139.3460308597
2016-07-01,588226.8159377525
2016-07-05,588226.8159377525
2016-07-06,592350.7069502363
2016-07-07,601501.3800788078
2016-07-08,633619.8465442336
2016-07-11,641594.0565567131
2016-07-12,655457.3010145602
2016-07-13,661127.5904869029
2016-07-14,661127.5904869029
2016-07-15,661127.5904869029
2016-07-18,660204.0228453662
2016-07-19,655720.0132287383
2016-07-20,669027.2340064574
2016-07-21,669236.4903191067
2016-07-22,673310.4522834185
2016-07-25,672820.0885593962
2016-07-26,739041.9659594416
2016-07-27,753891.9039504237
2016-07-28,745255.9583973989
2016-07-29,745394.1672814876
2016-08-01,745394.1672814876
2016-08-02,745394.1672814876
2016-08-03,751360.3388349499
2016-08-04,757562.9524244039
2016-08-05,772602.130343129
2016-08-08,778933.5248138927
2016-08-09,781657.106688975
2016-08-10,783967.6654419831
2016-08-11,783967.6654419831
2016-08-12,782015.6159679568
2016-08-15,801068.1493286573
2016-08-16,799220.6511379863
2016-08-17,799220.6511379863
2016-08-18,808007.9332692533
2016-08-19,815347.472388161
2016-08-22,812146.065226082
2016-08-23,812146.065226082
2016-08-24,812146.065226082
2016-08-25,812146.065226082
2016-08-26,806265.748788237
2016-08-29,801754.5246103312
2016-08-30,783079.6430454624
2016-08-31,783810.8981870508
2016-09-01,789670.7110876588
2016-09-02,797225.1641770655
2016-09-06,797225.1641770655
2016-09-07,797225.1641770655
2016-09-08,797225.1641770655
2016-09-09,797225.1641770655
2016-09-12,833593.8407729815
2016-09-13,805185.5584320812
2016-09-14,811703.486712805
2016-09-15,839373.8609321106
2016-09-16,853407.9442927068
2016-09-19,831446.925514252
2016-09-20,839747.0055837614
2016-09-21,845969.8477016529
2016-09-22,856300.4339401525
2016-09-23,856300.4339401525
2016-09-26,856300.4339401525
2016-09-27,884547.5861340392
2016-09-28,876087.5900402439
2016-09-29,892848.6356067946
2016-09-30,917395.2277224234
2016-10-03,886794.5805406148
2016-10-04,899143.2103816652
2016-10-05,897347.9395527012
2016-10-06,897848.0704634123
2016-10-07,902591.9860863647
2016-10-10,902591.9860863647
2016-10-11,902591.9860863647
2016-10-12,902591.9860863647
2016-10-13,902591.9860863647
2016-10-14,884934.4600113768
2016-10-17,863233.1134354725
2016-10-18,892266.3510115626
2016-10-19,889934.6790638779
2016-10-20,893502.8690974903
2016-10-21,875433.8838712457
2016-10-24,905036.0847717597
2016-10-25,911646.8498142862
2016-10-26,909774.1302942511
2016-10-27,933319.5585435276
2016-10-28,907724.9103895023
2016-10-31,921167.539938113
2016-11-01,921167.539938113
2016-11-02,898333.6528307159
2016-11-03,885583.1593586969
2016-11-04,868100.2104473741
2016-11-07,900042.101173322
2016-11-08,894149.5217492937
2016-11-09,854159.8243393026
2016-11-10,796350.1077008588
2016-11-11,835307.1454260268
2016-11-14,838318.4207709173
2016-11-15,854379.1116219468
2016-11-16,868197.1745481244
2016-11-17,880731.9566365014
2016-11-18,883604.3147619902
2016-11-21,880590.6646152096
2016-11-22,903534.4678048663
2016-11-23,903534.4678048663
2016-11-25,903534.4678048663
2016-11-28,903534.4678048663
2016-11-29,903534.4678048663
2016-11-30,903534.4678048663
2016-12-01,903534.4678048663
2016-12-02,924071.0498192874
2016-12-05,939500.8138775196
2016-12-06,960871.5392956416
2016-12-07,1004954.784604471
2016-12-08,1013614.4011854432
2016-12-09,1041040.0497662025
2016-12-12,1041040.0497662025
2016-12-13,1044619.6191747836
2016-12-14,1026235.7652137103
2016-12-15,1059461.4221841088
2016-12-16,1077368.7992769985
2016-12-19,1072469.8763863002
2016-12-20,1058892.4735744237
2016-12-21,1058892.4735744237
2016-12-22,1058892.4735744237
2016-12-23,1064731.0184159917
2016-12-27,1085424.993423083
2016-12-28,1105807.349920503
2016-12-29,1105807.349920503
2016-12-30,1105807.349920503
2017-01-03,1068198.035262145
2017-01-04,1079635.1999779204
2017-01-05,1079635.1999779204
2017-01-06,1080831.023899346
2017-01-09,1097269.980158738
2017-01-10,1095591.7585310729
2017-01-11,1091388.6898672485
2017-01-12,1091388.6898672485
2017-01-13,1091347.9132680937
2017-01-17,1080300.376438013
2017-01-18,1104594.9185023562
2017-01-19,1072160.5042836817
2017-01-20,1094631.9275604347
2017-01-23,1078687.2308362091
2017-01-24,1112515.6272256537
2017-01-25,1154692.060808047
2017-01-26,1154692.060808047
2017-01-27,1161155.2834062288
2017-01-30,1142198.719403388
2017-01-31,1142198.719403388
2017-02-01,1142198.719403388
2017-02-02,1144697.2473737353
2017-02-03,1159602.351072931
2017-02-06,1159602.351072931
2017-02-07,1159602.351072931
2017-02-08,1159602.351072931
2017-02-09,1159602.351072931
2017-02-10,1159602.351072931
2017-02-13,1137506.6153438608
2017-02-14,1132554.9196232331
2017-02-15,1136646.603746287
2017-02-16,1139443.3133237078
2017-02-17,1153753.5695730117
2017-02-21,1183497.094732895
2017-02-22,1183291.98311772
2017-02-23,1183291.98311772
2017-02-24,1222026.325764841
2017-02-27,1236575.9602933011
2017-02-28,1241010.3082248436
2017-03-01,1241010.3082248436
2017-03-02,1241010.3082248436
2017-03-03,1241010.3082248436
2017-03-06,1243396.0157698046
2017-03-07,1231467.3806235217
2017-03-08,1220108.5449499486
2017-03-09,1215822.1674024365
2017-03-10,1216685.7374347937
2017-03-13,1224227.3480108844
2017-03-14,1211247.198367287
2017-03-15,1212476.984958737
2017-03-16,1226989.0034085677
2017-03-17,1226989.0034085677
2017-03-20,1228256.0180990044
2017-03-21,1242636.1056752917
2017-03-22,1259891.473304244
2017-03-23,1258379.851346439
2017-03-24,1217944.8657688808
2017-03-27,1205845.0291524453
2017-03-28,1211422.6384668697
2017-03-29,1211422.6384668697
2017-03-30,1214956.2640028337
2017-03-31,1216863.1657395775
2017-04-03,1216863.1657395775
2017-04-04,1202288.0271668485
2017-04-05,1156548.510824384
2017-04-06,1154786.1673377028
2017-04-07,1151518.0005303402
2017-04-10,1151456.8742458576
2017-04-11,1151456.8742458576
2017-04-12,1151456.8742458576
2017-04-13,1139320.2061596941
2017-04-17,1151215.1229517926
2017-04-18,1151746.7071646284
2017-04-19,1151188.6411660386
2017-04-20,1180158.4667501594
2017-04-21,1170082.0122556621
2017-04-24,1170082.0122556621
2017-04-25,1165181.9406314336
2017-04-26,1160081.0837835532
2017-04-27,1165552.1798436705
2017-04-28,1155598.0696361032
2017-05-01,1157714.2970633574
2017-05-02,1146878.9189833568
2017-05-03,1155693.2168198111
2017-05-04,1159511.0998828297
2017-05-05,1159511.0998828297
2017-05-08,1159511.0998828297
2017-05-09,1176056.1327041544
2017-05-10,1229989.5147476501
2017-05-11,1221982.4950893577
2017-05-12,1225687.5751140818
2017-05-15,1253244.2772100398
2017-05-16,1287629.7241544237
2017-05-17,1235837.8878292113
2017-05-18,1264386.3635278512
2017-05-19,1290756.7017372034
2017-05-22,1292589.5852902187
2017-05-23,1294302.693659212
2017-05-24,1294302.693659212
2017-05-25,1294302.693659212
2017-05-26,1294302.693659212
2017-05-30,1300397.5960765376
2017-05-31,1327185.3240437426
2017-06-01,1327185.3240437426
2017-06-02,1322464.5184812483
2017-06-05,1312024.9295351917
2017-06-06,1303234.2306895196
2017-06-07,1311869.0633826323
2017-06-08,1357864.1387279665
2017-06-09,1385029.159985158
2017-06-12,1398258.0753749823
2017-06-13,1466426.776074315
2017-06-14,1466426.776074315
2017-06-15,1466426.776074315
2017-06-16,1422437.3677354553
2017-06-19,1478735.572810239
2017-06-20,1494464.8881016108
2017-06-21,1500738.0133399752
2017-06-22,1507214.5616505279
2017-06-23,1503153.1946697757
2017-06-26,1538418.222020108
2017-06-27,1538418.222020108
2017-06-28,1559372.3250370608
2017-06-29,1525475.4416150157
2017-06-30,1480573.4986724658
2017-07-03,1493188.4960698644
2017-07-05,1519850.8769648029
2017-07-06,1494086.9114300439
2017-07-07,1533765.0648655575
2017-07-10,1556040.758830014
2017-07-11,1566400.8733120537
2017-07-12,1614074.873382959
2017-07-13,1574205.0319165518
2017-07-14,1610186.4018256867
2017-07-17,1620267.629775386
2017-07-18,1639633.880820737
2017-07-19,1663145.8680757831
2017-07-20,1663145.8680757831
2017-07-21,1663145.8680757831
2017-07-24,1663145.8680757831
2017-07-25,1663145.8680757831
2017-07-26,1649942.7809913629
2017-07-27,1665712.959123367
2017-07-28,1648871.4785470278
2017-07-31,1650754.4590396446
2017-08-01,1650754.4590396446
2017-08-02,1650754.4590396446
2017-08-03,1650754.4590396446
2017-08-04,1618623.7397849616
2017-08-07,1674797.0455971023
2017-08-08,1629999.5282444588
2017-08-09,1587398.098383031
2017-08-10,1552996.027818697
2017-08-11,1562820.4165299898
2017-08-14,1621161.634089896
2017-08-15,1632040.2547432615
2017-08-16,1632040.2547432615
2017-08-17,1632040.2547432615
2017-08-18,1632040.2547432615
2017-08-21,1632040.2547432615
2017-08-22,1638930.742298954
2017-08-23,1648725.5878865828
2017-08-24,1671868.919432162
2017-08-25,1671868.919432162
2017-08-28,1671868.919432162
2017-08-29,1722491.3359785012
2017-08-30,1780427.106799739
2017-08-31,1802480.9628834282
2017-09-01,1796039.2089322517
2017-09-05,1758042.0373332738
2017-09-06,1758042.0373332738
2017-09-07,1758042.0373332738
2017-09-08,1758042.0373332738
2017-09-11,1785854.8047744567
2017-09-12,1807850.026417719
2017-09-13,1802469.738452921
2017-09-14,1797554.5673265217
2017-09-15,1857597.1309480167
2017-09-18,1899504.4111536632
2017-09-19,1916749.5901968451
2017-09-20,1916749.5901968451
2017-09-21,1916749.5901968451
2017-09-22,1940256.569378813
2017-09-25,1908452.9084509865
2017-09-26,1908452.9084509865
2017-09-27,1948474.5513991874
2017-09-28,1959470.679037456
2017-09-29,1975920.372687601
2017-10-02,1977135.1794744493
2017-10-03,1987753.1923398725
2017-10-04,1987753.1923398725
2017-10-05,1987753.1923398725
2017-10-06,2014999.1432612045
2017-10-09,2033918.7089662962
2017-10-10,2033918.7089662962
2017-10-11,2062888.7048542954
2017-10-12,2054714.4040565796
2017-10-13,2044239.2173653569
2017-10-16,2064565.7889144109
2017-10-17,2064565.7889144109
2017-10-18,2064565.7889144109
2017-10-19,2069364.292821929
2017-10-20,2107761.0421111225
2017-10-23,2078534.2137979548
2017-10-24,2086032.0799568018
2017-10-25,2045318.1438619716
2017-10-26,2039041.52293118
2017-10-27,2128426.563402113
2017-10-30,2113123.5286417557
2017-10-31,2125036.257929545
2017-11-01,2176468.7926346567
2017-11-02,2168175.9938723943
2017-11-03,2246223.938856111
2017-11-06,2303323.152176757
2017-11-07,2292053.099634818
2017-11-08,2295240.2978456863
2017-11-09,2226008.2614148846
2017-11-10,2226008.2614148846
2017-11-13,2243478.377330352
2017-11-14,2225025.180219849
2017-11-15,2225025.180219849
2017-11-16,2254864.4460401246
2017-11-17,2283624.9526814455
2017-11-20,2307669.6522738114
2017-11-21,2351086.0343380603
2017-11-22,2369519.776071594
2017-11-24,2374661.5832165456
2017-11-27,2330259.9637121465
2017-11-28,2330259.9637121465
2017-11-29,2330259.9637121465
2017-11-30,2330259.9637121465
2017-12-01,2330259.9637121465
2017-12-04,2330259.9637121465
2017-12-05,2325481.1365147973
2017-12-06,2328301.3359787967
2017-12-07,2368489.8601760822
2017-12-08,2368489.8601760822
2017-12-11,2360649.0492140753
2017-12-12,2339923.6385584516
2017-12-13,2281089.250466917
2017-12-14,2238461.62471807
2017-12-15,2299611.542191302
2017-12-18,2414219.2817148445
2017-12-19,2400830.6606790614
2017-12-20,2400830.6606790614
2017-12-21,2400830.6606790614
2017-12-22,2394770.430131989
2017-12-26,2309493.9203838813
2017-12-27,2309397.2151261386
2017-12-28,2335530.3223714633
2017-12-29,2335530.3223714633
2018-01-02,2446921.467064136
2018-01-03,2526458.486145719
2018-01-04,2576827.3068999937
2018-01-05,2554529.168582684
2018-01-08,2568996.508549923
2018-01-09,2579494.2439132864
2018-01-10,2579494.2439132864
2018-01-11,2579494.2439132864
2018-01-12,2579731.5031204703
2018-01-16,2564489.5409414675
2018-01-17,2739269.504344912
2018-01-18,2732600.548357925
2018-01-19,2762223.105588251
2018-01-22,2771107.134381265
2018-01-23,2804105.6981899515
2018-01-24,2804105.6981899515
2018-01-25,2804105.6981899515
2018-01-26,2906840.244792105
2018-01-29,2849862.8448685254
2018-01-30,2698405.670745183
2018-01-31,2698405.670745183
2018-02-01,2693657.7038085996
2018-02-02,2617863.630060173
2018-02-05,2470676.2568291333
2018-02-06,2470676.2568291333
2018-02-07,2403367.3074916396
2018-02-08,2453975.9737212113
2018-02-09,2421094.696998152
2018-02-12,2442467.118629877
2018-02-13,2436323.5975817246
2018-02-14,2461117.74567891
2018-02-15,2481075.5544510637
2018-02-16,2467833.8781856527
2018-02-20,2520425.454608851
2018-02-21,2547487.5748043573
2018-02-22,2547487.5748043573
2018-02-23,2582923.502975994
2018-02-26,2664790.6496593645
2018-02-27,2613362.549962231
2018-02-28,2649164.7238998394
2018-03-01,2649164.7238998394
2018-03-02,2764738.8847454116
2018-03-05,2785154.139439418
2018-03-06,2833644.6622123383
2018-03-07,2818952.6849397393
2018-03-08,2837951.782864958
2018-03-09,2895582.6468336154
2018-03-12,2924272.607956589
2018-03-13,2783275.5292883515
2018-03-14,2783275.5292883515
2018-03-15,2783275.5292883515
2018-03-16,2783275.5292883515
2018-03-19,2783275.5292883515
2018-03-20,2786702.193839756
2018-03-21,2769336.676151786
2018-03-22,2588605.8586772
2018-03-23,2577326.4656221084
2018-03-26,2596528.4446636518
2018-03-27,2614956.9561338252
2018-03-28,2568336.334214678
2018-03-29,2595706.8995193844
2018-04-02,2508154.726252637
2018-04-03,2505254.24712218
2018-04-04,2455757.4042031993
2018-04-05,2455757.4042031993
2018-04-06,2354301.3311925707
2018-04-09,2385684.3177644387
2018-04-10,2429782.743353925
2018-04-11,2408201.283735976
2018-04-12,2464086.2216013507
2018-04-13,2516892.9799169023
2018-04-16,2516892.9799169023
2018-04-17,2553741.2374344915
2018-04-18,2516620.111664401
2018-04-19,2516620.111664401
2018-04-20,2516620.111664401
2018-04-23,2512547.636371266
2018-04-24,2421102.687693655
2018-04-25,2398170.1417858633
2018-04-26,2376176.901096109
2018-04-27,2409695.210514956
2018-04-30,2320434.1583677744
2018-05-01,2376524.437813056
2018-05-02,2375411.680439134
2018-05-03,2425535.2078204937
2018-05-04,2525880.7468495322
2018-05-07,2545642.226678037
2018-05-08,2555034.6120482516
2018-05-09,2609220.6828581146
2018-05-10,2690982.391889408
2018-05-11,2594009.350020407
2018-05-14,2644827.3973896843
2018-05-15,2584696.5910995416
2018-05-16,2629386.6253746515
2018-05-17,2565823.6524960217
2018-05-18,2508163.901958859
2018-05-21,2508163.901958859
2018-05-22,2508163.901958859
2018-05-23,2574332.9305789843
2018-05-24,2559341.039777314
2018-05-25,2578449.3899689056
2018-05-29,2493405.6173362844
2018-05-30,2505321.9792694077
2018-05-31,2431103.064720782
2018-06-01,2525444.631576959
2018-06-04,2540098.6944326595
2018-06-05,2555838.1599852387
2018-06-06,2559176.0544989277
2018-06-07,2563306.846842528
2018-06-08,2547659.301286478
2018-06-11,2487992.021735553
2018-06-12,2502654.4047293263
2018-06-13,2456047.321767228
2018-06-14,2458508.5140720825
2018-06-15,2417887.74566369
2018-06-18,2359581.028238292
2018-06-19,2359581.028238292
2018-06-20,2359581.028238292
2018-06-21,2359581.028238292
2018-06-22,2359581.028238292
2018-06-25,2359581.028238292
2018-06-26,2359581.028238292
2018-06-27,2378129.391805694
2018-06-28,2398971.3455508123
2018-06-29,2383333.919992153
2018-07-02,2390838.873307826
2018-07-03,2400090.461321298
2018-07-05,2430498.669270968
2018-07-06,2475244.2819015533
2018-07-09,2534168.7421667017
2018-07-10,2560561.5109524745
2018-07-11,2437331.182273
2018-07-12,2457636.3460897696
2018-07-13,2459380.134991769
2018-07-16,2459380.134991769
2018-07-17,2573971.35426589
2018-07-18,2584709.956750398
2018-07-19,2523956.2500032187
2018-07-20,2501464.2290268796
2018-07-23,2502857.8295833007
2018-07-24,2387607.1644760594
2018-07-25,2385488.0537762595
2018-07-26,2471312.7616185085
2018-07-27,2396510.801392618
2018-07-30,2389881.3841638267
2018-07-31,2361125.136583144
2018-08-01,2311625.6377338916
2018-08-02,2340135.4354669782
2018-08-03,2338978.4927330385
2018-08-06,2353690.4213668364
2018-08-07,2371677.0666222773
2018-08-08,2350468.567912815
2018-08-09,2320606.545657607
2018-08-10,2320606.545657607
2018-08-13,2295360.564750187
2018-08-14,2314027.9929954633
2018-08-15,2314027.9929954633
2018-08-16,2314027.9929954633
2018-08-17,2300734.3301560925
2018-08-20,2306922.9473618474
2018-08-21,2354266.667440936
2018-08-22,2352485.4854117385
2018-08-23,2322433.794639263
2018-08-24,2380744.979389582
2018-08-27,2449849.516243498
2018-08-28,2480819.620422169
2018-08-29,2463382.8227072502
2018-08-30,2438997.6109182546
2018-08-31,2457155.731701557
2018-09-04,2472896.3125467882
2018-09-05,2459379.984185482
2018-09-06,2459379.984185482
2018-09-07,2426763.943256844
2018-09-10,2473713.2030322626
2018-09-11,2473713.2030322626
2018-09-12,2473713.2030322626
2018-09-13,2446400.8559680744
2018-09-14,2480753.93351059
2018-09-17,2435343.168985495
2018-09-18,2431459.1826633424
2018-09-19,2406896.4711429668
2018-09-20,2446518.1507836864
2018-09-21,2443837.4180250675
2018-09-24,2491046.891820339
2018-09-25,2457745.7769202124
2018-09-26,2378108.7281178185
2018-09-27,2394206.423637072
2018-09-28,2415323.7989653586
2018-10-01,2395205.048803411
2018-10-02,2359755.4684639126
2018-10-03,2387344.6623192164
2018-10-04,2387344.6623192164
2018-10-05,2387344.6623192164
2018-10-08,2349289.7052803636
2018-10-09,2332378.492828703
2018-10-10,2319402.086180102
2018-10-11,2289430.787335272
2018-10-12,2332541.0240864474
2018-10-15,2313836.1648186785
2018-10-16,2358697.501867148
2018-10-17,2371285.9753226964
2018-10-18,2371285.9753226964
2018-10-19,2371285.9753226964
2018-10-22,2359461.414742639
2018-10-23,2317509.6472798544
2018-10-24,2360325.7274028836
2018-10-25,2360241.1237997506
2018-10-26,2321119.4467110327
2018-10-29,2265531.119736352
2018-10-30,2325208.383533482
2018-10-31,2352723.522570271
2018-11-01,2422359.9932962377
2018-11-02,2406954.268298671
2018-11-05,2406580.180582878
2018-11-06,2445829.3354548775
2018-11-07,2505951.859849832
2018-11-08,2506104.681865238
2018-11-09,2427009.0028531523
2018-11-12,2427009.0028531523
2018-11-13,2430280.276808732
2018-11-14,2426776.842213495
2018-11-15,2486160.566172185
2018-11-16,2408278.0347726755
2018-11-19,2279069.87348894
2018-11-20,2279069.87348894
2018-11-21,2255549.5090602855
2018-11-23,2248396.7517155684
2018-11-26,2275525.1915509794
2018-11-27,2281413.9822507408
2018-11-28,2318142.444950646
2018-11-29,2287987.0480919695
2018-11-30,2305155.173140916
2018-12-03,2374844.2233209694
2018-12-04,2374844.2233209694
2018-12-06,2374844.2233209694
2018-12-07,2398482.4459259687
2018-12-10,2419627.9467026154
2018-12-11,2420964.9280875023
2018-12-12,2429921.6985570313
2018-12-13,2438783.6209561643
2018-12-14,2420997.7475337614
2018-12-17,2386436.569970222
2018-12-18,2396930.0616776
2018-12-19,2339626.561747734
2018-12-20,2302803.5708533735
2018-12-21,2267433.412701091
2018-12-24,2232009.80594433
2018-12-26,2274380.951312644
2018-12-27,2251721.225075599
2018-12-28,2244314.030552823
2018-12-31,2255414.888404824
2019-01-02,2255414.888404824
2019-01-03,2255414.888404824
2019-01-04,2286742.7284309175
2019-01-07,2311542.031120847
2019-01-08,2322556.9004077064
2019-01-09,2333615.5374287544
2019-01-10,2373237.8429551776
2019-01-11,2389737.909211124
2019-01-14,2333185.1524572596
2019-01-15,2309619.818513451
2019-01-16,2326117.1030091024
2019-01-17,2374958.412655132
2019-01-18,2453314.135976976
2019-01-22,2405481.2317486266
2019-01-23,2405481.2317486266
2019-01-24,2531108.304324979
2019-01-25,2605444.305450508
2019-01-28,2417593.3457523114
2019-01-29,2417593.3457523114
2019-01-30,2440373.923505799
2019-01-31,2414793.1782908966
2019-02-01,2446049.189511961
2019-02-04,2448572.7770256354
2019-02-05,2441896.4471322764
2019-02-06,2558524.6922076205
2019-02-07,2484351.1564072473
2019-02-08,2533636.139192271
2019-02-11,2560941.926441175
2019-02-12,2577380.224013295
2019-02-13,2611119.4042099616
2019-02-14,2624105.2062201295
2019-02-15,2674188.1589909014
2019-02-19,2664560.968720398
2019-02-20,2687364.6678296467
2019-02-21,2691212.389524955
2019-02-22,2691212.389524955
2019-02-25,2691212.389524955
2019-02-26,2691212.389524955
2019-02-27,2691212.389524955
2019-02-28,2689469.06176168
2019-03-01,2753364.6477430356
2019-03-04,2753364.6477430356
2019-03-05,2753364.6477430356
2019-03-06,2753364.6477430356
2019-03-07,2753364.6477430356
2019-03-08,2753364.6477430356
2019-03-11,2826067.511974022
2019-03-12,2812951.8985043275
2019-03-13,2800733.548678776
2019-03-14,2800360.766770369
2019-03-15,2879088.1487053763
2019-03-18,2817146.040581619
2019-03-19,2873765.0476751383
2019-03-20,2760462.177905647
2019-03-21,2964160.2826584275
2019-03-22,2923345.602004816
2019-03-25,2844125.519850617
2019-03-26,2928314.602005805
2019-03-27,2928314.602005805
2019-03-28,2860079.615811979
2019-03-29,2924317.836661516
2019-04-01,3061735.317226635
2019-04-02,3055277.850119943
2019-04-03,3094761.029526749
2019-04-04,3059438.956413062
2019-04-05,3108595.443292268
2019-04-08,3123573.2998394184
2019-04-09,3074118.665957956
2019-04-10,3099408.589878819
2019-04-11,3110531.540230121
2019-04-12,3110531.540230121
2019-04-15,3110531.540230121
2019-04-16,3287449.560980756
2019-04-17,3377438.13406669
2019-04-18,3377779.2650297
2019-04-22,3374621.6604227284
2019-04-23,3418259.883930805
2019-04-24,3458640.473469616
2019-04-25,3427646.311475001
2019-04-26,3427646.311475001
2019-04-29,3427646.311475001
2019-04-30,3461456.019004636
2019-05-01,3559183.988051661
2019-05-02,3624183.856989229
2019-05-03,3674560.5069184164
2019-05-06,3674560.5069184164
2019-05-07,3674560.5069184164
2019-05-08,3631651.2793728295
2019-05-09,3516242.664961622
2019-05-10,3487178.3890997698
2019-05-13,3267692.4860652224
2019-05-14,3290602.1164672268
2019-05-15,3310031.6239901353
2019-05-16,3186163.662937797
2019-05-17,3028184.9054019023
2019-05-20,2916988.491578376
2019-05-21,2916988.491578376
2019-05-22,2916988.491578376
2019-05-23,2916988.491578376
2019-05-24,2916988.491578376
2019-05-28,2916988.491578376
2019-05-29,2944479.5476007937
2019-05-30,2951723.524483436
2019-05-31,2891035.702941837
2019-06-03,2884027.3790412527
2019-06-04,3015088.2974468656
2019-06-05,3077651.729460494
2019-06-06,3136464.673882471
2019-06-07,3170372.9432850946
2019-06-10,3313228.555760767
2019-06-11,3448782.9251580853
2019-06-12,3448782.9251580853
2019-06-13,3448782.9251580853
2019-06-14,3448782.9251580853
2019-06-17,3448782.9251580853
2019-06-18,3567291.8432275164
2019-06-19,3594467.627778178
2019-06-20,3594467.627778178
2019-06-21,3531126.1791053885
2019-06-24,3547421.4036974716
2019-06-25,3380332.8806126965
2019-06-26,3577794.890628381
2019-06-27,3648959.027438612
2019-06-28,3723781.6827689065
2019-07-01,3483454.1866609384
2019-07-02,3483454.1866609384
2019-07-03,3483454.1866609384
2019-07-05,3487931.9793702257
2019-07-08,3393408.266943169
2019-07-09,3457865.794977612
2019-07-10,3471803.5259961192
2019-07-11,3513149.0535780396
2019-07-12,3609589.1373357363
2019-07-15,3630130.6572702182
2019-07-16,3576358.761555552
2019-07-17,3576358.761555552
2019-07-18,3653877.613184774
2019-07-19,3693741.3691641325
2019-07-22,3767708.720991445
2019-07-23,3833810.3903122367
2019-07-24,4095384.7151417676
2019-07-25,4019587.783593784
2019-07-26,4019587.783593784
2019-07-29,4020040.286676574
2019-07-30,3927391.922033643
2019-07-31,3865364.4616406173
2019-08-01,3631993.9496190255
2019-08-02,3556702.17007006
2019-08-05,3347091.7781446585
2019-08-06,3320180.5937384213
2019-08-07,3390050.1539269364
2019-08-08,3521849.6972959815
2019-08-09,3449266.5556390216
2019-08-12,3387582.55889242
2019-08-13,3521998.7865590197
2019-08-14,3377891.635853028
2019-08-15,3377891.635853028
2019-08-16,3401960.5307564344
2019-08-19,3482762.5894698054
2019-08-20,3482762.5894698054
2019-08-21,3482762.5894698054
2019-08-22,3482762.5894698054
2019-08-23,3279551.0311308065
2019-08-26,3279551.0311308065
2019-08-27,3279551.0311308065
2019-08-28,3297406.8720340114
2019-08-29,3346914.674903519
2019-08-30,3316146.1597625497
2019-09-03,3243994.749596679
2019-09-04,3275224.381157063
2019-09-05,3429428.7685330985
2019-09-06,3439189.8239908116
2019-09-09,3382365.1475388096
2019-09-10,3372587.3160459935
2019-09-11,3445947.0985568706
2019-09-12,3512926.830662923
2019-09-13,3512926.830662923
2019-09-16,3487918.450416167
2019-09-17,3465100.823133076
2019-09-18,3452438.0147336884
2019-09-19,3452438.0147336884
2019-09-20,3452438.0147336884
2019-09-23,3507906.797841169
2019-09-24,3562981.185444682
2019-09-25,3693337.53441852
2019-09-26,3693621.3970854203
2019-09-27,3693621.3970854203
2019-09-30,3686910.322671389
2019-10-01,3566714.240393011
2019-10-02,3487568.3740653023
2019-10-03,3554557.3903507353
2019-10-04,3635427.69004748
2019-10-07,3538137.4128189473
2019-10-08,3459059.5078131743
2019-10-09,3445063.4701331286
2019-10-10,3470817.626008643
2019-10-11,3581412.7102280757
2019-10-14,3570882.2571578356
2019-10-15,3662728.2143984353
2019-10-16,3616438.672653798
2019-10-17,3616438.672653798
2019-10-18,3616438.672653798
2019-10-21,3665207.1783751044
2019-10-22,3679986.724542677
2019-10-23,3679986.724542677
2019-10-24,3729195.013169047
2019-10-25,3872663.562191604
2019-10-28,3996572.564522621
2019-10-29,3842624.754903848
2019-10-30,3910846.4874937544
2019-10-31,3910846.4874937544
2019-11-01,3992671.0333556435
2019-11-04,4169591.725458244
2019-11-05,4129427.1116067776
2019-11-06,4105620.181241928
2019-11-07,4105620.181241928
2019-11-08,4153895.136369064
2019-11-11,4025622.9307942097
2019-11-12,3998835.812286081
2019-11-13,3934648.1508945394
2019-11-14,3894446.636666371
2019-11-15,3805575.73416597
2019-11-18,3805013.341561605
2019-11-19,3805013.341561605
2019-11-20,3685121.659859656
2019-11-21,3632034.692843147
2019-11-22,3632034.692843147
2019-11-25,3722174.8858517683
2019-11-26,3700611.7412650827
2019-11-27,3700611.7412650827
2019-11-29,3700611.7412650827
2019-12-02,3700611.7412650827
2019-12-03,3700611.7412650827
2019-12-04,3700611.7412650827
2019-12-05,3700611.7412650827
2019-12-06,3688897.6012961967
2019-12-09,3686308.4882702585
2019-12-10,3636972.5401672604
2019-12-11,3769912.5645013954
2019-12-12,3962042.698470759
2019-12-13,3851397.3597822455
2019-12-16,3881953.108334279
2019-12-17,3935433.6046440313
2019-12-18,3935433.6046440313
2019-12-19,3935433.6046440313
2019-12-20,3931977.161504192
2019-12-23,4015950.3582194587
2019-12-24,4015950.3582194587
2019-12-26,4015950.3582194587
2019-12-27,4015950.3582194587
2019-12-30,4015950.3582194587
2019-12-31,4037592.7547036163
2020-01-02,4186346.824856595
2020-01-03,3924612.3812873396
2020-01-06,3782428.006173913
2020-01-07,3791553.301020439
2020-01-08,3744409.0925413542
2020-01-09,3858619.9181698593
2020-01-10,3858619.9181698593
2020-01-13,3863792.2389412327
2020-01-14,3825731.8270933903
2020-01-15,3820791.9701959714
2020-01-16,3853197.235920451
2020-01-17,3897834.9889398534
2020-01-21,3878278.621524822
2020-01-22,3908676.4473919505
2020-01-23,3947802.01612834
2020-01-24,3947802.01612834
2020-01-27,3947802.01612834
2020-01-28,3989063.7269031475
2020-01-29,3957440.8458370795
2020-01-30,3959678.448945045
2020-01-31,3887059.836215602
2020-02-03,3900676.0136423544
2020-02-04,4032607.9124946934
2020-02-05,4160527.7796213375
2020-02-06,4167582.78749649
2020-02-07,4167582.78749649
2020-02-10,4340416.696371719
2020-02-11,4486058.5428894535
2020-02-12,4582472.22026295
2020-02-13,4536220.81293528
2020-02-14,4621857.031894846
2020-02-18,4621857.031894846
2020-02-19,4693598.858727701
2020-02-20,4643861.9644509815
2020-02-21,4643861.9644509815
2020-02-24,4643861.9644509815
2020-02-25,4710765.153585232
2020-02-26,4638010.641451784
2020-02-27,4540636.392470008
2020-02-28,4540636.392470008
2020-03-02,4554045.037947702
2020-03-03,4489303.725742517
2020-03-04,4520357.8912971215
2020-03-05,4455321.984662593
2020-03-06,4455321.984662593
2020-03-09,4455321.984662593
2020-03-10,4483036.971755546
2020-03-11,4420188.300850959
2020-03-12,4420188.300850959
2020-03-13,4457312.959162673
2020-03-16,4240582.976396178
2020-03-17,4292716.482570531
2020-03-18,4145525.888566703
2020-03-19,4200677.534483431
2020-03-20,4155102.1853229273
2020-03-23,4186725.655144236
2020-03-24,4377477.222418454
2020-03-25,4341637.918145427
2020-03-26,4411740.559472419
2020-03-27,4339065.32424778
2020-03-30,4371543.080017557
2020-03-31,4319439.068662213
2020-04-01,4322862.317530069
2020-04-02,4385958.067241661
2020-04-03,4327988.4396252185
2020-04-06,4428823.63020458
2020-04-07,4512361.768034822
2020-04-08,4530871.204730159
2020-04-09,4504409.830081016
2020-04-13,4522184.075954303
2020-04-14,4599020.721181876
2020-04-15,4557134.961511787
2020-04-16,4562133.870801381
2020-04-17,4603527.7889409475
2020-04-20,4570037.7830961235
2020-04-21,4448120.6055251025
2020-04-22,4540906.4944359865
2020-04-23,4507182.1925283
2020-04-24,4543900.0777409375
2020-04-27,4562850.914060981
2020-04-28,4518583.852664092
2020-04-29,4622281.226183847
2020-04-30,4622779.121765225
2020-05-01,4675543.585989103
2020-05-04,4711593.956452428
2020-05-05,4743719.9593321225
2020-05-06,4751590.277138879
2020-05-07,4790552.442317299
2020-05-08,4832771.401940847
2020-05-11,4825143.3091857005
2020-05-12,4867297.518987577
2020-05-13,4878431.184333391
2020-05-14,4982575.017935109
2020-05-15,4874279.067549594
2020-05-18,4927843.134216617
2020-05-19,4875739.92988786
2020-05-20,5033194.995969583
2020-05-21,5031761.667613685
2020-05-22,5031761.667613685
2020-05-26,5031761.667613685
2020-05-27,5062572.496904889
2020-05-28,4883247.057169078
2020-05-29,5001875.992539609
2020-06-01,4939757.157539474
2020-06-02,5038179.157674644
2020-06-03,5191420.929431729
2020-06-04,5215261.0634706
2020-06-05,5353212.580169452
2020-06-08,5413410.755404824
2020-06-09,5466719.076512642
2020-06-10,5453773.015469756
2020-06-11,5273102.449053803
2020-06-12,5273102.449053803
2020-06-15,5273102.449053803
2020-06-16,5215204.514440072
2020-06-17,5221402.160695285
2020-06-18,5194732.246864554
2020-06-19,5257043.3973091245
2020-06-22,5267294.135716318
2020-06-23,5247978.0544499
2020-06-24,5081820.524216222
2020-06-25,5090404.3294170415
2020-06-26,4954223.965008854
2020-06-29,4975760.53057677
2020-06-30,5056939.991545261
2020-07-01,5056644.99468817
2020-07-02,5013986.012565505
2020-07-06,5144106.873342091
2020-07-07,5026266.9370179325
2020-07-08,5077398.877290928
2020-07-09,5125346.491576884
2020-07-10,5127759.794586708
2020-07-13,4896414.374819495
2020-07-14,4959063.397067461
2020-07-15,4996947.249966772
2020-07-16,5006379.855094887
2020-07-17,5044262.835537983
2020-07-20,5138899.670385345
2020-07-21,5179224.261320436
2020-07-22,5146707.202491642
2020-07-23,4988580.069013746
2020-07-24,4860475.375541503
2020-07-27,4946788.588414922
2020-07-28,4903844.4916816745
2020-07-29,4942382.349282738
2020-07-30,5046232.872966445
2020-07-31,5063186.010141596
2020-08-03,5121100.057373556
2020-08-04,5186561.126083124
2020-08-05,5176242.670695304
2020-08-06,5176242.670695304
2020-08-07,5060446.942548616
2020-08-10,5073822.918709531
2020-08-11,4948564.926432522
2020-08-12,5154929.55152778
2020-08-13,5153817.156776713
2020-08-14,5077139.130001178
2020-08-17,5133545.993203402
2020-08-18,5163824.857397933
2020-08-19,5163824.857397933
2020-08-20,5131057.760949453
2020-08-21,5145191.329640137
2020-08-24,5225361.988364225
2020-08-25,5265301.985175461
2020-08-26,5281835.657868967
2020-08-27,5281835.657868967
2020-08-28,5369036.529663191
2020-08-31,5315324.6498809755
2020-09-01,5414727.125014493
2020-09-02,5591737.561761435
2020-09-03,5471915.1059707645
2020-09-04,5235341.777021502
2020-09-08,5235341.777021502
2020-09-09,5225583.454907782
2020-09-10,5258868.411377991
2020-09-11,5173947.041303035
2020-09-14,5273771.890889548
2020-09-15,5313746.990217818
2020-09-16,5342713.334751762
2020-09-17,5342713.334751762
2020-09-18,5342713.334751762
2020-09-21,5342713.334751762
2020-09-22,5342713.334751762
2020-09-23,5142970.504755841
2020-09-24,5140093.299363117
2020-09-25,5173874.403517153
2020-09-28,5284491.172096821
2020-09-29,5264378.172878569
2020-09-30,5227866.830762079
2020-10-01,5333751.319089495
2020-10-02,5161114.150803752
2020-10-05,5274960.046524243
2020-10-06,5199157.365827944
2020-10-07,5293091.294575907
2020-10-08,5347760.7433844805
2020-10-09,5348451.280225804
2020-10-12,5411589.736589996
2020-10-13,5365939.73941144
2020-10-14,5380324.610605073
2020-10-15,5380324.610605073
2020-10-16,5380324.610605073
2020-10-19,5255684.229893379
2020-10-20,5285393.631120029
2020-10-21,5285393.631120029
2020-10-22,5285393.631120029
2020-10-23,5285393.631120029
2020-10-26,5285393.631120029
2020-10-27,5285393.631120029
2020-10-28,5285393.631120029
2020-10-29,5347227.352440481
2020-10-30,5269861.600513807
2020-11-02,5265492.382794613
2020-11-03,5300211.098082282
2020-11-04,5407781.278966982
2020-11-05,5625678.004924749
2020-11-06,5711023.94448255
2020-11-09,5583216.235256924
2020-11-10,5583216.235256924
2020-11-11,5698307.368649806
2020-11-12,5700685.474524151
2020-11-13,5667300.162282065
2020-11-16,5824935.388444392
2020-11-17,5790212.827210972
2020-11-18,5665963.064896228
2020-11-19,5749084.764406907
2020-11-20,5652305.860373994
2020-11-23,5732855.725039343
2020-11-24,5782676.63307747
2020-11-25,5713855.135017738
2020-11-27,5768358.959089136
2020-11-30,5836094.652288172
2020-12-01,5956824.893744491
2020-12-02,5925433.148885349
2020-12-03,5877065.380136751
2020-12-04,6092293.5112062385
2020-12-07,6154695.953350877
2020-12-08,6155828.231134213
2020-12-09,5817163.7561074
2020-12-10,5827513.959880547
2020-12-11,5669037.288880545
2020-12-14,5731350.63736078
2020-12-15,5835115.769615671
2020-12-16,5835115.769615671
2020-12-17,5835115.769615671
2020-12-18,5835115.769615671
2020-12-21,5844589.42906306
2020-12-22,5858851.112361554
2020-12-23,5858851.112361554
2020-12-24,5861361.664334054
2020-12-28,5957250.897785526
2020-12-29,5957250.897785526
2020-12-30,6021848.579519021
2020-12-31,6019503.774719442
2021-01-04,5870975.467674406
2021-01-05,5973950.839299958
2021-01-06,5910105.067284779
2021-01-07,6166230.971860336
2021-01-08,6311446.888038543
2021-01-11,6466718.702731542
2021-01-12,6482734.16596934
2021-01-13,6548055.050031167
2021-01-14,6596407.247307798
2021-01-15,6576088.514714122
2021-01-19,6699330.016114783
2021-01-20,6817250.8414207585
2021-01-21,6825842.337424075
2021-01-22,6720697.035058966
2021-01-25,6720697.035058966
2021-01-26,6720697.035058966
2021-01-27,6720697.035058966
2021-01-28,6702376.838704029
2021-01-29,6706378.637083572
2021-02-01,6748529.968169812
2021-02-02,6831700.16544992
2021-02-03,6831700.16544992
2021-02-04,6892280.754460836
2021-02-05,6966222.739424353
2021-02-08,7184913.888866275
2021-02-09,7064731.711814625
2021-02-10,7039219.767953284
2021-02-11,7367545.281436144
2021-02-12,7449544.346614859
2021-02-16,7591808.893288981
2021-02-17,7591808.893288981
2021-02-18,7573280.491648086
2021-02-19,7803896.113147832
2021-02-22,7265410.497252176
2021-02-23,7265410.497252176
2021-02-24,7660217.522891087
2021-02-25,7132477.814550284
2021-02-26,7145193.7523688385
2021-03-01,7387452.277006171
2021-03-02,7413666.673138734
2021-03-03,7413666.673138734
2021-03-04,7511319.000587328
2021-03-05,7405163.3480726415
2021-03-08,7533384.931030927
2021-03-09,7484561.127900114
2021-03-10,7600282.873710554
2021-03-11,7646300.146846932
2021-03-12,7504495.511524139
2021-03-15,7660899.20601377
2021-03-16,7762301.4957421
2021-03-17,7875191.149588635
2021-03-18,7659277.413351786
2021-03-19,7683994.5365339955
2021-03-22,7887081.776659306
2021-03-23,7928615.562471108
2021-03-24,7985949.046673435
2021-03-25,8082216.068271881
2021-03-26,8722578.73574985
2021-03-29,8525614.730884299
2021-03-30,8503892.863746218
2021-03-31,8796881.530971292
2021-04-01,9291872.931209264
2021-04-05,9543842.95652745
2021-04-06,9206786.643637553
2021-04-07,9287331.4219528
2021-04-08,9287331.4219528
2021-04-09,9280645.690735234
2021-04-12,9162929.182006793
2021-04-13,9162929.182006793
2021-04-14,8888048.228596639
2021-04-15,9114733.09079378
2021-04-16,9115181.87874462
2021-04-19,9115181.87874462
2021-04-20,9115181.87874462
2021-04-21,9452295.0465038
2021-04-22,9389333.469994044
2021-04-23,9578393.891106647
2021-04-26,9805161.596011043
2021-04-27,9891936.803595461
2021-04-28,9891936.803595461
2021-04-29,9891936.803595461
2021-04-30,9535797.50325729
2021-05-03,9672129.646049492
2021-05-04,9554206.711329672
2021-05-05,9361457.759593189
2021-05-06,9406256.114364283
2021-05-07,9513731.433088914
2021-05-10,9429145.763429945
2021-05-11,9429145.763429945
2021-05-12,9429145.763429945
2021-05-13,9364581.955346622
2021-05-14,9551897.338281382
2021-05-17,9443765.392758643
2021-05-18,9443765.392758643
2021-05-19,9443765.392758643
2021-05-20,9654237.171113163
2021-05-21,9750989.121424433
2021-05-24,9910197.38191849
2021-05-25,10035676.28947285
2021-05-26,9961350.487588737
2021-05-27,9977229.695878733
2021-05-28,10029379.809098206
2021-06-01,9833027.455330964
2021-06-02,9867408.913221419
2021-06-03,9631803.484272826
2021-06-04,9806691.190562695
2021-06-07,9721665.8088895
2021-06-08,9721665.8088895
2021-06-09,9721665.8088895
2021-06-10,9830414.619929798
2021-06-11,9826476.982617613
2021-06-14,9962203.031769931
2021-06-15,9641042.99445118
2021-06-16,9713625.115783766
2021-06-17,9878049.028869126
2021-06-18,9705925.055233713
2021-06-21,9702141.110794783
2021-06-22,9681574.629648913
2021-06-23,9647202.700404897
2021-06-24,9889505.873474633
2021-06-25,9899278.921907987
2021-06-28,10168369.91363066
2021-06-29,10212788.22356114
2021-06-30,10159001.16541012
2021-07-01,10159001.16541012
2021-07-02,10159001.16541012
2021-07-06,10159001.16541012
2021-07-07,10159001.16541012
2021-07-08,10159001.16541012
2021-07-09,10308747.713710237
2021-07-12,10454379.238007944
2021-07-13,10343761.018961754
2021-07-14,10004335.955820438
2021-07-15,9937864.176167248
2021-07-16,9937864.176167248
2021-07-19,10131486.644038439
2021-07-20,10271268.298289888
2021-07-21,10723839.17036685
2021-07-22,10428769.927495755
2021-07-23,10516509.034756437
2021-07-26,10556783.137153741
2021-07-27,10434923.10575936
2021-07-28,10598005.893401671
2021-07-29,10860162.574543353
2021-07-30,10902982.085686289
2021-08-02,10921063.80160205
2021-08-03,10921997.800282676
2021-08-04,11055511.362705763
2021-08-05,11136094.069502648
2021-08-06,11064629.209735882
2021-08-09,11102444.895058643
2021-08-10,11102444.895058643
2021-08-11,11102444.895058643
2021-08-12,11102444.895058643
2021-08-13,11162979.381649224
2021-08-16,11042936.629365146
2021-08-17,11042936.629365146
2021-08-18,10632737.230704695
2021-08-19,10629456.71694961
2021-08-20,10643228.501599343
2021-08-23,10983633.109560229
2021-08-24,11025245.363931721
2021-08-25,11007985.12975158
2021-08-26,10862419.870400082
2021-08-27,11149818.47621113
2021-08-30,11081678.346346386
2021-08-31,11079885.334099362
2021-09-01,11079885.334099362
2021-09-02,11079885.334099362
2021-09-03,11143512.928408105
2021-09-07,11157298.747364186
2021-09-08,11157298.747364186
2021-09-09,11145467.718434047
2021-09-10,11196676.310692009
2021-09-13,11374963.273458455
2021-09-14,11374963.273458455
2021-09-15,11374963.273458455
2021-09-16,11463627.49152252
2021-09-17,11390656.50088916
2021-09-20,11390656.50088916
2021-09-21,11390656.50088916
2021-09-22,11526662.025320757
2021-09-23,11665257.379770791
2021-09-24,11539930.293792492
2021-09-27,11381452.679709636
2021-09-28,10923803.365152597
2021-09-29,10923803.365152597
2021-09-30,10759998.169433849
2021-10-01,10692398.705737967
2021-10-04,10711798.547550406
2021-10-05,10716516.44956125
2021-10-06,10705624.153071903
2021-10-07,10723462.097144645
2021-10-08,10794968.848863877
2021-10-11,10620597.706952233
2021-10-12,10760235.004673686
2021-10-13,10650166.717028975
2021-10-14,11119605.445215657
2021-10-15,11285398.804291109
2021-10-18,11497595.460720893
2021-10-19,11663344.68972809
2021-10-20,11597911.697794288
2021-10-21,11918922.762583876
2021-10-22,11448240.313476566
2021-10-25,11504837.158890106
2021-10-26,11687471.523353074
2021-10-27,11523077.004929503
2021-10-28,11935188.08981919
2021-10-29,11916371.555696132
2021-11-01,12190667.350412719
2021-11-02,12370088.58894899
2021-11-03,12542129.783760346
2021-11-04,13345184.916891683
2021-11-05,13495759.923277128
2021-11-08,13763427.089025637
2021-11-09,14028058.762394302
2021-11-10,14028058.762394302
2021-11-11,14021764.483035957
2021-11-12,14120244.04860837
2021-11-15,14321067.736402236
2021-11-16,14778338.96654135
2021-11-17,14744445.782162992
2021-11-18,14599468.209646331
2021-11-19,14525740.025863992
2021-11-22,13926918.144858418
2021-11-23,13688806.604402121
2021-11-24,13827907.717794921
2021-11-26,13328902.662260566
2021-11-29,13625311.565115862
2021-11-30,13142913.596467467
2021-12-01,12962703.723320283
2021-12-02,12874743.24711414
2021-12-03,12743541.822636165
2021-12-06,12631197.528909758
2021-12-07,13305479.926338304
2021-12-08,13211008.472152447
2021-12-09,12687901.409053804
2021-12-10,13083331.850917518
2021-12-13,13083331.850917518
2021-12-14,13155396.70536249
2021-12-15,13799203.769162096
2021-12-16,13894887.61208862
2021-12-17,13993748.283933721
2021-12-20,13663570.257413458
2021-12-21,14299044.376009459
2021-12-22,14414491.793847281
2021-12-23,14536933.80152356
2021-12-27,15163028.769644182
2021-12-28,15306686.963523675
2021-12-29,15228067.699950589
2021-12-30,15146103.91541322
2021-12-31,14878644.68197796
2022-01-03,15317902.226782976
2022-01-04,14478614.209260693
2022-01-05,13645309.21959531
2022-01-06,13700548.828923985
2022-01-07,13634862.175215183
2022-01-10,13465664.910110958
2022-01-11,13692014.082375785
2022-01-12,13631770.928079383
2022-01-13,13248061.086593904
2022-01-14,13624767.522374246
2022-01-18,13339811.100131938
2022-01-19,13473545.73937643
2022-01-20,13030996.165111404
2022-01-21,12834365.471977541
2022-01-24,12670291.373598907
2022-01-25,12670291.373598907
2022-01-26,12540641.581255298
2022-01-27,12798660.38765854
2022-01-28,12676928.347771121
2022-01-31,13033890.341243483
2022-02-01,13122211.268619904
2022-02-02,13136937.680508476
2022-02-03,12583732.012869226
2022-02-04,12687093.021457218
2022-02-07,12571203.044119108
2022-02-08,12946069.184362862
2022-02-09,13489556.449668206
2022-02-10,12966282.58962771
2022-02-11,12336842.330095354
2022-02-14,12283312.823680257
2022-02-15,12610131.464332968
2022-02-16,12574822.827743223
2022-02-17,12460568.620949518
2022-02-18,12389047.056752287
2022-02-22,12430007.15760857
2022-02-23,12297876.364337185
2022-02-24,12336091.213383965
2022-02-25,12404907.727903126
2022-02-28,12330521.611211328
2022-03-01,12364102.254379135
2022-03-02,12439206.747852758
2022-03-03,12510347.482507788
2022-03-04,12369427.770475091
2022-03-07,12152909.733144296
2022-03-08,12189229.58104391
2022-03-09,12399665.016960235
2022-03-10,12284455.025511673
2022-03-11,12380254.96094534
2022-03-14,12230848.1396569
2022-03-15,12408955.46627336
2022-03-16,12734113.354973292
2022-03-17,12743717.556541149
2022-03-18,12872371.441365026
2022-03-21,12780680.429093588
2022-03-22,12771264.152478138
2022-03-23,12178624.232817955
2022-03-24,12964693.553768884
2022-03-25,12955559.396099292
2022-03-28,13108433.118208919
2022-03-29,13487026.003062932
2022-03-30,13322742.388866091
2022-03-31,13322742.388866091
2022-04-01,13322742.388866091
2022-04-04,13427907.36371968
2022-04-05,13309357.279444702
2022-04-06,13309357.279444702
2022-04-07,13277420.638218109
2022-04-08,13205947.425330158
2022-04-11,13071730.676774358
2022-04-12,12970477.479442094
2022-04-13,13112841.739561718
2022-04-14,13288830.364645597
2022-04-18,13510396.947588325
2022-04-19,13687527.10010539
2022-04-20,13339982.510980867
2022-04-21,12951542.101914737
2022-04-22,12684142.964147117
2022-04-25,12782951.602300381
2022-04-26,12734702.826865178
2022-04-27,12821465.920589095
2022-04-28,13127288.581486689
2022-04-29,12991927.492841711
2022-05-02,13173113.670133397
2022-05-03,13192447.23454603
2022-05-04,13124932.892771034
2022-05-05,13038540.905136496
2022-05-06,13010543.099410508
2022-05-09,12887193.090671528
2022-05-10,12815227.98503639
2022-05-11,12575054.391615978
2022-05-12,12638101.096249606
2022-05-13,12962830.081785621
2022-05-16,12786450.373187523
2022-05-17,13076044.440292006
2022-05-18,12646866.788344704
2022-05-19,12629732.191236947
2022-05-20,12719001.929742407
2022-05-23,12768164.427599123
2022-05-24,12587841.118032776
2022-05-25,12774782.18259964
2022-05-26,13047114.652515177
2022-05-27,13341556.830096144
2022-05-31,13241331.07535792
2022-06-01,13299092.439012088
2022-06-02,13646050.733134316
2022-06-03,13427253.16240533
2022-06-06,13427253.16240533
2022-06-07,13594193.416577315
2022-06-08,13504672.716688273
2022-06-09,13306181.379283614
2022-06-10,13180052.322718237
2022-06-13,13180052.322718237
2022-06-14,13180052.322718237
2022-06-15,13180145.734116958
2022-06-16,12964171.127295421
2022-06-17,12816020.185920767
2022-06-21,12844664.047491202
2022-06-22,12715331.45714378
2022-06-23,12672149.11564621
2022-06-24,12758425.463307261
2022-06-27,12779174.883460501
2022-06-28,12531316.971459212
2022-06-29,12483453.794332262
2022-06-30,12518088.808396956
2022-07-01,12424086.8869018
2022-07-05,12424086.8869018
2022-07-06,12419246.378892623
2022-07-07,12682780.30097852
2022-07-08,12679563.971663091
2022-07-11,12408814.501238134
2022-07-12,12362877.467783451
2022-07-13,12234878.451934382
2022-07-14,12376263.222321197
2022-07-15,12536733.552402921
2022-07-18,12448129.700594598
2022-07-19,12624561.241555607
2022-07-20,12798683.655181494
2022-07-21,12951859.627268434
2022-07-22,12857100.345510304
2022-07-25,12857100.345510304
2022-07-26,12561954.432680942
2022-07-27,13100323.101108301
2022-07-28,13195176.516154323
2022-07-29,13261669.164811669
2022-08-01,13210369.507436987
2022-08-02,13050235.22179276
2022-08-03,13469582.743641827
2022-08-04,13525251.370196786
2022-08-05,13145370.808022909
2022-08-08,12989797.792823657
2022-08-09,12518229.518167796
2022-08-10,12630868.911796391
2022-08-11,12518960.79358251
2022-08-12,12820020.44715444
2022-08-15,12811147.149229713
2022-08-16,12695709.11231552
2022-08-17,12695709.11231552
2022-08-18,13023288.646910693
2022-08-19,12237650.465034056
2022-08-22,11822678.984136634
2022-08-23,11817603.840575544
2022-08-24,11779368.611286756
2022-08-25,12116525.561676422
2022-08-26,12362628.784088155
2022-08-29,12326310.150603056
2022-08-30,12408424.9808171
2022-08-31,12338626.607058993
2022-09-01,12456371.037645243
2022-09-02,12255486.100730427
2022-09-06,12191032.991823297
2022-09-07,12263002.456262365
2022-09-08,12372397.292942889
2022-09-09,12546505.084090233
2022-09-12,12583243.968493469
2022-09-13,12583243.968493469
2022-09-14,12579372.617615398
2022-09-15,12419787.797598153
2022-09-16,12440419.84569965
2022-09-19,12440186.174800398
2022-09-20,12258781.872199396
2022-09-21,12143201.357263744
2022-09-22,12107949.156351434
2022-09-23,12190806.269840948
2022-09-26,12064718.40368633
2022-09-27,12065681.95785616
2022-09-28,12126468.313388951
2022-09-29,12017600.20541535
2022-09-30,11971746.975639613
2022-10-03,12128494.70412121
2022-10-04,12410403.158752076
2022-10-05,12463062.062352397
2022-10-06,12365846.188101467
2022-10-07,12191837.02467439
2022-10-10,12247300.70692496
2022-10-11,12292188.970187536
2022-10-12,12215060.121783849
2022-10-13,12014990.041319814
2022-10-14,12207062.85875123
2022-10-17,11967688.92916405
2022-10-18,11906172.097613625
2022-10-19,11935599.405148327
2022-10-20,11937695.250780787
2022-10-21,12173379.258947887
2022-10-24,12031137.828151733
2022-10-25,12128668.59909346
2022-10-26,11985862.153762337
2022-10-27,11784931.066716336
2022-10-28,12019661.560362868
2022-10-31,11957960.418075843
2022-11-01,11957960.418075843
2022-11-02,11723079.20595424
2022-11-03,11749631.112249192
2022-11-04,11791050.715621253
2022-11-07,11929958.609662622
2022-11-08,12057855.732325103
2022-11-09,11962528.643577378
2022-11-10,12240530.401043419
2022-11-11,12475241.404098615
2022-11-14,12201111.139090013
2022-11-15,12982055.567294609
2022-11-16,12982055.567294609
2022-11-17,12982055.567294609
2022-11-18,12982055.567294609
2022-11-21,12982055.567294609
2022-11-22,13142334.43999769
2022-11-23,13260949.633293286
2022-11-25,13147268.663436946
2022-11-28,12708372.311144799
2022-11-29,12652476.75457414
2022-11-30,13709006.545957463
2022-12-01,13858052.055992931
2022-12-02,13858052.055992931
2022-12-05,13580903.019552363
2022-12-06,13540202.836522551
2022-12-07,13609125.530980457
2022-12-08,13885594.882042605
2022-12-09,13627102.71962379
2022-12-12,13701784.778110081
2022-12-13,14199331.196503714
2022-12-14,13800549.10362431
2022-12-15,13370888.083228
2022-12-16,13287489.827191947
2022-12-19,13230976.00171203
2022-12-20,13299299.363714267
2022-12-21,13489490.508444214
2022-12-22,13278864.027057815
2022-12-23,13289240.280792125
2022-12-27,13215483.044517353
2022-12-28,13062461.58879004
2022-12-29,13276941.465918412
2022-12-30,13220986.826573387
2023-01-03,13412597.836230023
2023-01-04,13424248.206244497
2023-01-05,13185393.290744897
2023-01-06,13554727.157403674
2023-01-09,13660826.651043314
2023-01-10,13816348.18392586
2023-01-11,13968458.297422122
2023-01-12,14106129.146130092
2023-01-13,14086447.833204573
2023-01-17,14012677.030733585
2023-01-18,13731868.634874007
2023-01-19,13504772.811562475
2023-01-20,13817988.110455114
2023-01-23,14918840.174448198
2023-01-24,14578636.186709827
2023-01-25,14126012.168943752
2023-01-26,14115379.003592407
2023-01-27,13826047.972378343
2023-01-30,12979074.559743462
2023-01-31,13248208.32284601
2023-02-01,14372597.89334933
2023-02-02,14833297.893230982
2023-02-03,14187977.293674879
2023-02-06,14031593.056609822
2023-02-07,14679557.655000204
2023-02-08,13942516.64135768
2023-02-09,13868888.004991256
2023-02-10,13602409.610257708
2023-02-13,13688728.369186886
2023-02-14,14001678.194943547
2023-02-15,13977328.611180084
2023-02-16,13515652.076028554
2023-02-17,13515652.076028554
2023-02-21,12968571.795067191
2023-02-22,12775970.553834777
2023-02-23,13389249.329745118
2023-02-24,13389249.329745118
2023-02-27,13389249.329745118
2023-02-28,13400559.872849265
2023-03-01,13288327.06796945
2023-03-02,13346337.49691008
2023-03-03,13570203.842662467
2023-03-06,13141628.457746351
2023-03-07,12716542.10032598
2023-03-08,13196681.057916421
2023-03-09,12595664.344076198
2023-03-10,12692318.726876307
2023-03-13,12778540.52806751
2023-03-14,13190977.194106044
2023-03-15,12878459.482998546
2023-03-16,13462537.078345843
2023-03-17,13223693.13763092
2023-03-20,13303301.450864792
2023-03-21,13213702.99224725
2023-03-22,12903731.998275168
2023-03-23,13321318.212574368
2023-03-24,13154339.574383039
2023-03-27,13154339.574383039
2023-03-28,13154339.574383039
2023-03-29,13383294.0368473
2023-03-30,13656205.72501661
2023-03-31,13682954.302985655
2023-04-03,13494759.317413792
2023-04-04,13494759.317413792
2023-04-05,13494759.317413792
2023-04-06,13475788.277635062
2023-04-10,13749079.848571971
2023-04-11,13925318.544487942
2023-04-12,13925318.544487942
2023-04-13,13945401.575842783
2023-04-14,13739171.348449117
2023-04-17,13596259.205327475
2023-04-18,13561133.813649392
2023-04-19,13203662.47714078
2023-04-20,13316029.87811526
2023-04-21,13237339.05384252
2023-04-24,12994799.06459411
2023-04-25,12927484.011411406
2023-04-26,12801621.470278583
2023-04-27,12801096.59885471
2023-04-28,12974390.626669925
2023-05-01,13039318.207003204
2023-05-02,12676620.825387167
2023-05-03,12221738.978430564
2023-05-04,11949278.582516942
2023-05-05,12281267.370581612
2023-05-08,12246803.642609626
2023-05-09,11901637.393118508
2023-05-10,11737067.67715069
2023-05-11,11741385.513034228
2023-05-12,11741385.513034228
2023-05-15,12195575.584420174
2023-05-16,12019608.440160753
2023-05-17,12467569.912142687
2023-05-18,13140829.272890957
2023-05-19,13089707.666571165
2023-05-22,13275413.57566678
2023-05-23,12799322.673751056
2023-05-24,12254310.457104627
2023-05-25,12533649.344369384
2023-05-26,13881321.945531588
2023-05-30,14543329.556780484
2023-05-31,14543329.556780484
2023-06-01,14694578.32323219
2023-06-02,14922263.39583487
2023-06-05,14922263.39583487
2023-06-06,15419579.916852819
2023-06-07,15138113.006796762
2023-06-08,15302157.251214374
2023-06-09,15145914.239351062
2023-06-12,16200227.579325283
2023-06-13,16871403.590907194
2023-06-14,17371831.16795358
2023-06-15,16764058.252483314
2023-06-16,17208848.975302216
2023-06-20,16843868.933594633
2023-06-21,16541583.802041566
2023-06-22,16851578.53373678
2023-06-23,15801587.471418198
2023-06-26,15707263.62317521
2023-06-27,16837726.52309096
2023-06-28,16228977.874631722
2023-06-29,16449981.428676357
2023-06-30,16374193.253269034
2023-07-03,16515237.128554037
2023-07-05,16217267.517424896
2023-07-06,16217267.517424896
2023-07-07,15955942.058075298
2023-07-10,16490481.337613763
2023-07-11,16677658.783057665
2023-07-12,16597530.067001948
2023-07-13,17209348.445956342
2023-07-14,16385561.105348198
2023-07-17,17153983.811131887
2023-07-18,17007045.83776399
2023-07-19,17074489.340934657
2023-07-20,17074489.340934657
2023-07-21,16793912.169009764
2023-07-24,16538953.602146002
2023-07-25,17001634.666241564
2023-07-26,16165828.10084727
2023-07-27,16679944.00072212
2023-07-28,17395030.58960566
2023-07-31,17541860.506730594
2023-08-01,17694301.08891639
2023-08-02,17118455.222897463
2023-08-03,17364059.282263905
2023-08-04,17010982.16114551
2023-08-07,17297797.34756907
2023-08-08,17297797.34756907
2023-08-09,17297797.34756907
2023-08-10,16831835.728090145
2023-08-11,16576546.585696757
2023-08-14,17346588.419753082
2023-08-15,17200814.60134312
2023-08-16,17200814.60134312
2023-08-17,17200814.60134312
2023-08-18,17459391.254301194
2023-08-21,18213226.332963545
2023-08-22,18688270.99865872
2023-08-23,19506465.33214072
2023-08-24,20294870.34489522
2023-08-25,20293052.87027763
2023-08-28,20561865.45255635
2023-08-29,21547823.287560664
2023-08-30,21508940.423457377
2023-08-31,21570676.290856924
2023-09-01,21938159.406412814
2023-09-05,21849180.54831708
2023-09-06,21087195.65705679
2023-09-07,19861468.894124746
2023-09-08,19562635.31842523
2023-09-11,19694016.816896982
2023-09-12,19578722.93653215
2023-09-13,19555992.212682597
2023-09-14,19888578.333703216
2023-09-15,19888578.333703216
2023-09-18,20095069.948585942
2023-09-19,19979588.795553885
2023-09-20,20008266.842003703
2023-09-21,19866331.82871244
2023-09-22,19899544.508154638
2023-09-25,19955581.057639696
2023-09-26,19726178.61738047
2023-09-27,19624249.40108492
2023-09-28,20156893.297913443
2023-09-29,20715883.907053933
2023-10-02,20590138.027962606
2023-10-03,19491628.426067702
2023-10-04,19802890.470054895
2023-10-05,19432974.767714255
2023-10-06,19956790.846687097
2023-10-09,19684103.262542736
2023-10-10,19919917.066780888
2023-10-11,20000090.66648484
2023-10-12,19870869.549476035
2023-10-13,19943910.98844199
2023-10-16,20183931.530434214
2023-10-17,19421668.663779102
2023-10-18,19155265.647567376
2023-10-19,19550304.943664517
2023-10-20,19152245.228289444
2023-10-23,18982703.98820553
2023-10-24,19101814.447855845
2023-10-25,18899261.04532878
2023-10-26,18567515.780599214
2023-10-27,18562920.40075598
2023-10-30,18287955.796656832
2023-10-31,18335997.327049293
2023-11-01,18654893.98010164
2023-11-02,18959370.615508057
2023-11-03,19773051.127522632
2023-11-06,19818119.368929192
2023-11-07,19949654.241584964
2023-11-08,19743518.925629325
2023-11-09,19226430.298484657
2023-11-10,20781890.339898378
2023-11-13,20375140.45512893
2023-11-14,20594067.030567486
2023-11-15,20674202.67317771
2023-11-16,20454982.407196913
2023-11-17,20475633.60823512
2023-11-20,20979477.96999192
2023-11-21,20502277.079026926
2023-11-22,20034888.033393692
2023-11-24,19996214.966168188
2023-11-27,19845224.121668752
2023-11-28,19183500.36002758
2023-11-29,19423796.02765015
2023-11-30,19589731.716654416
2023-12-01,19857822.31558244
2023-12-04,19274403.720556
2023-12-05,19199005.008586947
2023-12-06,19906034.95898622
2023-12-07,20573506.54523031
2023-12-08,20678274.43701566
2023-12-11,22324549.113491766
2023-12-12,22399716.34341274
2023-12-13,23076117.3924771
2023-12-14,24524376.429683063
2023-12-15,24433038.805413708
2023-12-18,24405407.848048132
2023-12-19,24359151.496655893
2023-12-20,23923500.034157734
2023-12-21,23949960.104871333
2023-12-22,23774896.3720385
2023-12-26,24565032.47011417
2023-12-27,24827428.6884563
2023-12-28,24827428.6884563
2023-12-29,24827428.6884563
2024-01-02,24827428.6884563
2024-01-03,24827428.6884563
2024-01-04,25014943.14836909
2024-01-05,24951667.909894485
2024-01-08,26679547.590258732
2024-01-09,26281992.55592487
2024-01-10,26448227.11660103
2024-01-11,26240700.293898676
2024-01-12,26324113.122078676
2024-01-16,26840302.267603416
2024-01-17,26106098.811411835
2024-01-18,26094351.371259015
2024-01-19,28246800.811094012
2024-01-22,28088043.43215088
2024-01-23,28138580.047006216
2024-01-24,28760089.64433979
2024-01-25,30263526.25899674
2024-01-26,30263526.25899674
2024-01-29,30473830.60332561
2024-01-30,28879824.67044997
2024-01-31,27391671.415769104
2024-02-01,27508930.279063657
2024-02-02,28078361.243338786
2024-02-05,28709808.51070174
2024-02-06,28879853.719718836
2024-02-07,29163278.54660865
2024-02-08,30067590.54284507
2024-02-09,31222611.3691508
2024-02-12,30623239.065067444
2024-02-13,28108055.901953083
2024-02-14,28314016.320763893
2024-02-15,28778682.955262117
2024-02-16,27474091.734608337
2024-02-20,26790941.815810263
2024-02-21,27067462.241670445
2024-02-22,29751576.45646802
2024-02-23,30136684.411148854
2024-02-26,30136684.411148854
2024-02-27,30136684.411148854
2024-02-28,29756220.408877976
2024-02-29,31293578.643570602
2024-03-01,34326764.71306305
2024-03-04,34717079.27571696
2024-03-05,32386631.718507454
2024-03-06,33964367.62692608
2024-03-07,36303191.60996651
2024-03-08,34148471.38787401
2024-03-11,33615247.08519788
2024-03-12,34770672.859103
2024-03-13,33817724.76715898
2024-03-14,31424065.7904288
2024-03-15,31588542.693053897
2024-03-18,32773552.435794912
2024-03-19,32816169.943037786
2024-03-20,33683416.323381975
2024-03-21,35075421.869736016
2024-03-22,34628489.707481764
2024-03-25,33727847.48069149
2024-03-26,34329752.01740663
2024-03-27,34329752.01740663
2024-03-28,33977142.988112256
2024-04-01,34430529.61704375
2024-04-02,32974144.29889978
2024-04-03,33694942.031794935
2024-04-04,34838114.325842254
2024-04-05,34981147.72953935
2024-04-08,34769117.98307477
2024-04-09,35551338.08577729
2024-04-10,35551338.08577729
2024-04-11,36400608.62809019
2024-04-12,34870172.14320217
2024-04-15,34870172.14320217
2024-04-16,34930317.919702806
2024-04-17,35199707.74327964
2024-04-18,34639932.56107733
2024-04-19,32828167.655434646
2024-04-22,32815107.114471372
2024-04-23,33424029.228505656
2024-04-24,33740025.921369515
2024-04-25,34772169.90062933
2024-04-26,36034882.33678566
2024-04-29,36139792.8900917
2024-04-30,33917573.42490751
2024-05-01,32387769.24750869
2024-05-02,32318161.254205327
2024-05-03,33606805.658008784
2024-05-06,34809307.93929283
2024-05-07,34955560.59628607
2024-05-08,35539175.84019151
2024-05-09,35503753.24897157
2024-05-10,34883120.2951337
2024-05-13,35312514.374938935
2024-05-14,36337951.005215034
2024-05-15,38591941.39234611
2024-05-16,37408121.52172329
2024-05-17,37968705.66943123
2024-05-20,39238101.58128536
2024-05-21,38369777.13809236
2024-05-22,38827895.98895318
2024-05-23,41756761.852674626
2024-05-24,42240581.33043251
2024-05-28,43555011.4400835
2024-05-29,41190703.01099483
2024-05-30,41190703.01099483
2024-05-31,41190703.01099483
2024-06-03,41190703.01099483
2024-06-04,41190703.01099483
2024-06-05,43183394.047177985
2024-06-06,43349148.69584609
2024-06-07,43349148.69584609
2024-06-10,45529454.98728229
2024-06-11,44974649.83950525
2024-06-12,47772229.122439675
2024-06-13,48630004.49769376
2024-06-14,47237903.67219685
2024-06-17,48419207.52126643
2024-06-18,49511101.736039385
2024-06-20,49671442.213105835
2024-06-21,48804187.33635305
2024-06-24,44341498.480770014
2024-06-25,45220954.107647486
2024-06-26,44139671.25087325
2024-06-27,42711249.3731792
2024-06-28,43196250.18103231
2024-07-01,43160265.56460717
2024-07-02,44985146.956014246
2024-07-03,46379341.447619766
2024-07-05,47465271.0251759
2024-07-08,48231883.01846381
2024-07-09,47415239.59355017
2024-07-10,49699521.08119726
2024-07-11,50646072.70643238
2024-07-12,50722097.541067
2024-07-15,50044524.57991909
2024-07-16,50663611.30355738
2024-07-17,50663611.30355738
2024-07-18,50663611.30355738
2024-07-19,50663611.30355738
2024-07-22,51720558.536366135
2024-07-23,49857098.800217815
2024-07-24,48898831.88835172
2024-07-25,47767628.53580801
2024-07-26,47632226.3906199
2024-07-29,47089282.518302426
2024-07-30,48107686.563083075
2024-07-31,46740393.145655334
2024-08-01,45702574.68510722
2024-08-02,45702574.68510722
2024-08-05,45702574.68510722
2024-08-06,45585177.38735809
2024-08-07,44326149.916306764
2024-08-08,45684873.3126922
2024-08-09,45355211.0156288
2024-08-12,45211809.76031468
2024-08-13,47943205.73723724
2024-08-14,48645254.801391065
2024-08-15,50524441.42351299
2024-08-16,49740136.51417754
2024-08-19,50961064.34175002
2024-08-20,48781347.167856395
2024-08-21,49700967.51353149
2024-08-22,50371770.395537965
2024-08-23,50693226.54875118
2024-08-26,50338018.72341107
2024-08-27,51326906.35513951
2024-08-28,47803512.85488471
2024-08-29,46889913.9129145
2024-08-30,48038696.93145298
2024-09-03,48038696.93145298
2024-09-04,48473310.72154908
2024-09-05,47883476.7254999
2024-09-06,48018299.67579813
2024-09-09,47356088.59939422
2024-09-10,47580967.734378934
2024-09-11,47240529.24379537
2024-09-12,46672592.27354365
2024-09-13,47745829.6056377
2024-09-16,45917899.52376719
2024-09-17,47074697.648688145
2024-09-18,45215209.91455193
2024-09-19,48521825.88274792
2024-09-20,47523471.86343168
2024-09-23,47523471.86343168
2024-09-24,47196278.93449826
2024-09-25,47297460.7605362
2024-09-26,51877891.14118278
2024-09-27,51877891.14118278
2024-09-30,51733328.88466967
2024-10-01,51612624.86901613
2024-10-02,52148510.95722309
2024-10-03,51853249.02420622
2024-10-04,53799281.929201484
2024-10-07,53725791.16682599
2024-10-08,54062170.68800827
2024-10-09,54487743.55339218
2024-10-10,53373820.62504062
2024-10-11,53544775.51095794
2024-10-14,54734830.68319526
2024-10-15,51756234.77771698
2024-10-16,51756234.77771698
2024-10-17,51756234.77771698
2024-10-18,51756234.77771698
2024-10-21,51461659.524464235
2024-10-22,50519030.93887356
2024-10-23,50225596.1154318
2024-10-24,50225596.1154318
2024-10-25,49811863.17764419
2024-10-28,49384978.757702395
2024-10-29,51079050.265915215
2024-10-30,48550069.07741518
2024-10-31,48550069.07741518
2024-11-01,48350476.066297546
2024-11-04,47862313.52698505
2024-11-05,48129923.47267984
2024-11-06,49240907.82039385
2024-11-07,49938130.85813568
2024-11-08,48478318.79175795
2024-11-11,47306058.191843
2024-11-12,47306058.191843
2024-11-13,47306058.191843
2024-11-14,47306058.191843
2024-11-15,47306058.191843
2024-11-18,47731222.743648715
2024-11-19,47515883.8352638
2024-11-20,47095078.314453
2024-11-21,46155205.59849882
2024-11-22,45812884.65472622
2024-11-25,46142028.29209507
2024-11-26,46985515.54111328
2024-11-27,46985515.54111328
2024-11-29,47089783.99914788
2024-12-02,49505375.446341746
2024-12-03,48097815.170673095
2024-12-04,50690126.939962424
2024-12-05,50690126.939962424
2024-12-06,50609559.336401895
2024-12-09,49277552.33206516
2024-12-10,49554600.45204374
2024-12-11,49902020.846842244
2024-12-12,49193951.271000475
2024-12-13,48985347.04184153
2024-12-16,50746500.67013399
2024-12-17,48246726.51916853
2024-12-18,46024202.82014516
2024-12-19,46024202.82014516
2024-12-20,46679127.149219245
2024-12-23,47980591.003855556
2024-12-24,48469845.72036351
2024-12-26,48732455.08057547
2024-12-27,47906540.6215852
2024-12-30,46966819.96768863
2024-12-31,47263366.11155785
2025-01-02,46532996.03628909
2025-01-03,47711567.51692428
2025-01-06,49409763.73593413
2025-01-07,50601025.819900766
2025-01-08,50601025.819900766
2025-01-10,50601025.819900766
2025-01-13,50601025.819900766
2025-01-14,50070892.19995053
2025-01-15,50690551.16509576
2025-01-16,51417595.10923253
2025-01-17,51362664.11917646
2025-01-21,52094084.620348856
2025-01-22,53111674.76425286
2025-01-23,52153063.12123204
2025-01-24,52141494.712131895
2025-01-27,52141494.712131895
2025-01-28,51336051.50779019
2025-01-29,51053811.94250623
2025-01-30,51196104.732494906
2025-01-31,50605698.680501804
2025-02-03,48966009.81153585
2025-02-04,49588807.05978721
2025-02-05,50918926.41315652
2025-02-06,50323800.23968893
2025-02-07,50540140.02998049
2025-02-10,50544122.67114837
2025-02-11,50027726.69108825
2025-02-12,49586889.365866296
2025-02-13,50214999.098543696
2025-02-14,50209363.62512421
2025-02-18,50658782.73324634
2025-02-19,51937900.00940248
2025-02-20,51564222.821135364
2025-02-21,51796635.39303697
2025-02-24,51796635.39303697
2025-02-25,51753187.86401378
2025-02-26,51286319.42681049
2025-02-27,53190987.29987562
2025-02-28,53595285.25406005
2025-03-03,55580870.953878075
2025-03-04,54775737.31074689
2025-03-05,55323342.88808925
2025-03-06,53561173.13003908
2025-03-07,54399268.66817279
2025-03-10,53180930.25473348
2025-03-11,52406272.369573705
2025-03-12,52137775.037046604
2025-03-13,51762739.751963004
2025-03-14,52545059.1927045
2025-03-17,53050163.66016877
2025-03-18,52600940.89638004
2025-03-19,52726536.9788722
2025-03-20,52174388.14881085
2025-03-21,50396552.24231544
2025-03-24,50690742.925386645
2025-03-25,50407747.95730917
2025-03-26,50407747.95730917
2025-03-27,50407747.95730917
2025-03-28,49071185.89556453
2025-03-31,49196215.95282646
2025-04-01,49168928.590389505
2025-04-02,49409261.91209618
2025-04-03,47268510.863172315
2025-04-04,47268510.863172315
2025-04-07,47268510.863172315
2025-04-08,45708411.02152977
2025-04-09,49135882.27480926
2025-04-10,47652460.99254775
2025-04-11,48203080.38278445
2025-04-14,48888286.9278521
2025-04-15,48738019.65275334
2025-04-16,47760642.67741953
2025-04-17,47607002.281009495
2025-04-21,47900445.642834045
2025-04-22,47973145.82976277
2025-04-23,48857920.28295966
2025-04-24,50082956.258264415
2025-04-25,50232044.82140896
2025-04-28,49986334.35486038
2025-04-29,49488624.60326742
2025-04-30,48837804.46682511
2025-05-01,48240399.79328379
2025-05-02,48962199.61136122
2025-05-05,48458391.45773563
2025-05-06,47027612.73711031
2025-05-07,47529323.48908329
2025-05-08,47693521.13810645
2025-05-09,47536637.896782
2025-05-12,52410689.09217774
2025-05-13,54654795.86225413
2025-05-14,54530676.8549508
2025-05-15,53257041.24604404
2025-05-16,53339055.90692347
2025-05-19,53339055.90692347
2025-05-20,53478018.664737396
2025-05-21,50998909.461937115
2025-05-22,49673715.099041164
2025-05-23,47444243.94408374
2025-05-27,47871490.756974906
2025-05-28,48059519.02826977
2025-05-29,48059519.02826977
2025-05-30,48059519.02826977
2025-06-02,49173565.42516123
2025-06-03,51262830.96512481
2025-06-04,52154784.710576445
2025-06-05,51066948.88232195
2025-06-06,51204346.42563461
2025-06-09,53123036.46991086
2025-06-10,54847148.11846824
2025-06-11,55645255.33230153
2025-06-12,55847993.14142855
2025-06-13,53360626.880252674
2025-06-16,54435554.548652485
2025-06-17,53164582.642068714
2025-06-18,52985926.64672047
2025-06-20,53675799.58811745
2025-06-23,53768748.588801205
2025-06-24,56661739.82555712
2025-06-25,57285878.24851269
2025-06-26,57285878.24851269
2025-06-27,56477042.91326083
2025-06-30,57056826.99983184
2025-07-01,56963070.8026694
2025-07-02,58463993.852779046
2025-07-03,58994900.991721824
2025-07-07,58994900.991721824
2025-07-08,59504521.67627245
2025-07-09,59231562.92827786
2025-07-10,60363828.836838916
2025-07-11,60387526.34579142
2025-07-14,59255504.33033981
2025-07-15,59255504.33033981
2025-07-16,59267687.10942246
2025-07-17,59024858.118499935
2025-07-18,59502673.78018759
2025-07-21,58729975.392066285
2025-07-22,58103578.06336393
2025-07-23,58103578.06336393
2025-07-24,58103578.06336393
2025-07-25,58158027.77695967
2025-07-28,59645853.07418012
2025-07-29,59135464.58451338
2025-07-30,60344564.42625521
2025-07-31,60344564.42625521
2025-08-01,60344564.42625521
2025-08-04,60372913.49550342
2025-08-05,60939593.944640286
2025-08-06,60939593.944640286
2025-08-07,59450036.37981517
2025-08-08,59938727.252857566
2025-08-11,58934473.600871824
2025-08-12,62266555.55536409
2025-08-13,63600680.091931395
2025-08-14,63043513.49618294
2025-08-15,61733684.58862161
2025-08-18,61733889.59075801
2025-08-19,61763436.68810653
2025-08-20,61763436.68810653
2025-08-21,60934273.26474185
2025-08-22,63811645.09084308
2025-08-25,63601387.757727355
2025-08-26,63552109.39174419
2025-08-27,63142922.72234899
2025-08-28,62933729.82719316
2025-08-29,60740362.11625609
2025-09-02,60740362.11625609
2025-09-03,60740362.11625609
2025-09-04,61813550.397475965
2025-09-05,63257254.155878454
2025-09-08,62695506.79519069
2025-09-09,62817675.08394469
2025-09-10,62817675.08394469
2025-09-11,62233824.804414615
2025-09-12,62525006.97811448
2025-09-15,63208036.58472559
2025-09-16,63730455.02374139
2025-09-17,63289243.22562507
2025-09-18,67278525.39531457
2025-09-19,67112431.46160918
2025-09-22,68199493.25779077
2025-09-23,67193182.27302521
2025-09-24,66658378.553939246
2025-09-25,66658378.553939246
2025-09-26,66658378.553939246
2025-09-29,66658378.553939246
2025-09-30,66987489.22789789
2025-10-01,68994812.81046742
2025-10-02,71890676.4587835
2025-10-03,71890676.4587835
2025-10-06,71890676.4587835
2025-10-07,71890676.4587835
2025-10-08,76064291.97916009
2025-10-09,75764986.52408879
2025-10-10,75764986.52408879
2025-10-13,76093079.30529252
2025-10-14,73335785.73181158
2025-10-15,73128034.64036283
2025-10-16,74638210.87236863
2025-10-17,74683651.73643836
2025-10-20,75862858.57157648
2025-10-21,75377961.74981102
2025-10-22,71272704.21750575
2025-10-23,74681616.35396326
2025-10-24,76158187.11064011
2025-10-27,79756143.50829923
2025-10-28,78929172.89638275
2025-10-29,81027373.63082659
2025-10-30,77765035.75773662
2025-10-31,77301723.44543089
2025-11-03,79207736.73359355
2025-11-04,79207736.73359355
2025-11-05,82539797.08918616
2025-11-06,82073230.09497386
2025-11-07,77976970.19192432
2025-11-10,77976970.19192432
2025-11-11,77976970.19192432
2025-11-12,77976970.19192432
2025-11-13,77976970.19192432
2025-11-14,77976970.19192432
2025-11-17,75940987.25167084
2025-11-18,72346868.78388861
2025-11-19,73207152.54966173
2025-11-20,75169235.27818702
2025-11-21,74299490.28045821
2025-11-24,76550126.57210569
2025-11-25,77105272.20522481
2025-11-26,80218074.82414117
2025-11-28,82161799.27372372
2025-12-01,81367139.01255152
2025-12-02,83911726.22590682
2025-12-03,86663971.82753867
2025-12-04,85674523.08079436
2025-12-05,84698566.23822829
2025-12-08,85655452.71371025
2025-12-09,84286379.39303868
2025-12-10,85588405.7174767
2025-12-11,78365219.90784311
2025-12-12,78365219.90784311
2025-12-15,78365219.90784311
2025-12-16,77117308.14508605
2025-12-17,77771482.76567915
2025-12-18,77771482.76567915
2025-12-19,79002394.9495993
2025-12-22,81223754.26955578
2025-12-23,81869575.96169186
2025-12-24,81842149.1209284
2025-12-26,81842149.1209284
2025-12-29,82103820.3439798
2025-12-30,82587565.97908822
2025-12-31,82587565.97908822
2026-01-02,84603379.13467094
2026-01-05,86261773.64899358
2026-01-06,91801843.53007211
2026-01-07,89244152.95985255
2026-01-08,89244152.95985255
2026-01-09,91981456.32208294
2026-01-12,91836120.91275682
2026-01-13,92565467.89673287
2026-01-14,90961248.61689378
2026-01-15,90961248.61689378
2026-01-16,89397429.38852237
2026-01-20,85563152.8292538
2026-01-21,87470997.51165527
2026-01-22,90279753.85747421
2026-01-23,90279753.85747421
2026-01-26,89173813.62001528
2026-01-27,92648734.040279
2026-01-28,96874165.3139431
2026-01-29,91346358.19401318
2026-01-30,86079648.1813599
2026-02-02,90783198.21925299
2026-02-03,92306231.043672
2026-02-04,87315328.34246275
2026-02-05,88529708.83986449
2026-02-06,95813143.7651287
2026-02-09,97025053.81235608
2026-02-10,97557861.8586448
2026-02-11,97339899.0305506
2026-02-12,93393841.38804778
2026-02-13,93100326.21934079
2026-02-17,92058208.34719616
2026-02-18,92772300.71993229
2026-02-19,91002114.94725752
2026-02-20,91623642.5895775
2026-02-23,89662348.04834983
2026-02-24,91028462.92562056
2026-02-25,92643855.2704237
2026-02-26,91939857.25655916
2026-02-27,91939857.25655916
2026-03-02,91939857.25655916
2026-03-03,91939857.25655916
2026-03-04,91821426.06390472
2026-03-05,86881956.10147677
2026-03-06,86881956.10147677
2026-03-09,89592102.32917112
2026-03-10,89739216.22884443
2026-03-11,89851443.0605095
2026-03-12,87847784.10040903
2026-03-13,87117128.21179272
2026-03-16,87154168.9245984
2026-03-17,88118455.47356585
2026-03-18,86526309.49751745
2026-03-19,82694125.35831186
2026-03-20,82694125.35831186
2026-03-23,81047189.52910967
2026-03-24,81848331.62456292
2026-03-25,82672722.67125121
2026-03-26,80812728.47240572
2026-03-27,80015435.73672901
2026-03-30,81509599.87089865
2026-03-31,82278285.12991369
2026-04-01,83589908.25548926
2026-04-02,81168153.07765737
2026-04-06,81245637.56453617
2026-04-07,82043058.96873441
2026-04-08,89205923.59834184
2026-04-09,91603458.00367284
2026-04-10,93962590.41956201
2026-04-13,96164326.73708446
2026-04-14,98689243.26480752
2026-04-15,98131383.50536501
2026-04-16,98866600.81278951
2026-04-17,102405327.12418267
2026-04-20,103279609.52460393
2026-04-21,102333211.35986698
2026-04-22,106138457.00859573
2026-04-23,109436498.10652122
2026-04-24,117730948.38299082
2026-04-27,117674278.62907542
2026-04-28,117674278.62907542
2026-04-29,118618265.72089612
2026-04-30,123219617.30033064
2026-05-01,124298752.18664458
2026-05-04,125452032.26608178
2026-05-05,129664350.4201541
2026-05-06,141061307.3825252
2026-05-07,138766360.9271297
2026-05-08,145451600.26486188
2026-05-11,151425038.8972606
2026-05-12,144160214.3396656
2026-05-13,142864614.24520987
2026-05-14,142296022.87456948
2026-05-15,132363828.17664263
2026-05-18,132363828.17664263
2026-05-19,132363828.17664263
2026-05-20,137550897.53894138
2026-05-21,138810735.39640027
2026-05-22,143718523.97229868
2026-05-26,160681048.8334629
2026-05-27,169376516.81379467
2026-05-28,170585687.59833643
2026-05-29,168204322.97604316
2026-06-01,167782741.77334708
2026-06-02,187401393.9878421
2026-06-03,195392077.95080736
2026-06-04,195392077.95080736
2026-06-05,195392077.95080736
2026-06-08,194107698.86549506
2026-06-09,191578052.20804808
2026-06-10,191578052.20804808
2026-06-11,206746282.66053092
2026-06-12,210734690.9328795
2026-06-15,229532422.38841438
2026-06-16,212727110.1443984
2026-06-17,201905638.04949996
2026-06-18,226502167.41168562
2026-06-22,237026166.43158036
2026-06-23,237026166.43158036
2026-06-24,225190163.93268257
2026-06-25,225190163.93268257
2026-06-26,225190163.93268257
2026-06-29,213285525.16179398
2026-06-30,225954911.15929687
2026-07-01,208737891.5593881
2026-07-02,196492420.61676267
2026-07-06,193569479.58153677
2026-07-07,182324526.36647227
2026-07-08,190005928.34323114
2026-07-09,199281633.92478317
2026-07-10,195447461.12190062
2026-07-13,195447461.12190062
2026-07-14,195447461.12190062
2026-07-15,195447461.12190062
2026-07-16,195447461.12190062
2026-07-17,195447461.12190062
2026-07-20,190811378.9419393
2026-07-21,198209640.10537797
2026-07-22,192622769.7871117
2026-07-23,192622769.7871117
2026-07-24,182597718.8275657
2026-07-27,182597718.8275657
2026-07-28,182597718.8275657
2026-07-29,174883375.76183316
2026-07-30,176381315.8970612
2026-07-31,174540883.01033503
2026-08-03,170710374.1960107
2026-08-04,174367183.6359522
2026-08-05,166672173.68846047
2026-08-06,160369765.57084137
2026-08-07,160369765.57084137
2026-08-10,160369765.57084137
2026-08-11,160369765.57084137
2026-08-12,160369765.57084137
2026-08-13,161235181.07074785
2026-08-14,158680248.36592662
2026-08-17,162317501.845748
2026-08-18,146606058.88323355
2026-08-19,146606058.88323355
2026-08-20,146820881.00647378
2026-08-21,149368875.27604565
2026-08-24,149559055.29023707
2026-08-25,145494963.1330337
