date,strategy,leg,ticker,action,qty,price,pnl,side
2010-05-25,yangbyungi,SHORT,SOXS,STOP_BUY,3.8570866859550855e-08,622013578961.879,0.0,
2010-05-25,yangbyungi,SHORT,SOXS,LOC_SELL,9.642716714887714e-09,550524598976.5121,-693.3052409557085,loser
2010-05-26,yangbyungi,SHORT,SOXS,MOO_SELL,2.8928150144663143e-08,523178276929.536,-2870.7173554678375,
2010-05-26,yangbyungi,LONG,SOXL,STOP_BUY,28358.049448216654,0.5893325083726643,0.0,
2010-05-26,yangbyungi,LONG,SOXL,LOC_SELL,7089.5123620541635,0.5493921672701836,-285.98309292342765,loser
2010-05-26,yangbyungi,SHORT,SOXS,STOP_BUY,2.408445800883577e-08,555123819942.0519,0.0,
2010-05-26,yangbyungi,SHORT,SOXS,LOC_SELL,6.021114502208943e-09,553115317305.344,-14.428916513025342,loser
2010-05-27,yangbyungi,LONG,SOXL,MOO_SELL,21268.53708616249,0.5920368522703648,48.72333916122625,
2010-05-27,yangbyungi,SHORT,SOXS,MOO_SELL,1.8063343506626828e-08,514398682234.88,-742.3938550800376,
2010-05-27,yangbyungi,LONG,SOXL,STOP_BUY,27175.22208186265,0.6015186230684816,0.0,
2010-05-28,yangbyungi,LONG,SOXL,MOO_SELL,27175.22208186265,0.6403466877639294,1043.349493141559,
2010-06-01,yangbyungi,LONG,SOXL,STOP_BUY,29665.473062345503,0.6082889692568778,0.0,
2010-06-01,yangbyungi,LONG,SOXL,LOC_SELL,7416.368265586376,0.5615521075129509,-349.6543685538945,loser
2010-06-02,yangbyungi,LONG,SOXL,MOO_SELL,22249.10479675913,0.5815420884490013,-604.3595906435366,
2010-06-02,yangbyungi,LONG,SOXL,STOP_BUY,27286.367377018756,0.5908557802757619,0.0,
2010-06-03,yangbyungi,LONG,SOXL,MOO_SELL,27286.367377018756,0.6326835162043571,1129.6418891361864,
2010-06-03,yangbyungi,LONG,SOXL,STOP_BUY,29894.26061391861,0.642816263963878,0.0,
2010-06-04,yangbyungi,LONG,SOXL,MOO_SELL,29894.26061391861,0.6286855081021786,-435.7322102721191,
2010-06-07,yangbyungi,SHORT,SOXS,STOP_BUY,2.465670409589343e-08,527787601920.0,0.0,
2010-06-08,yangbyungi,SHORT,SOXS,MOO_SELL,2.465670409589343e-08,527783972929.536,-9.198899534623706,
2010-06-09,yangbyungi,LONG,SOXL,STOP_BUY,33260.232154974736,0.5148623320381343,0.0,
2010-06-09,yangbyungi,LONG,SOXL,LOC_SELL,8315.058038743684,0.48342515273392206,-264.30725692024726,loser
2010-06-09,yangbyungi,SHORT,SOXS,STOP_BUY,2.355103227151295e-08,581696479169.7407,0.0,
2010-06-10,yangbyungi,LONG,SOXL,MOO_SELL,24945.17411623105,0.5090783479809762,-153.22232188303315,
2010-06-10,yangbyungi,SHORT,SOXS,MOO_SELL,2.355103227151295e-08,551819925389.312,-712.9671007428897,
2010-06-10,yangbyungi,LONG,SOXL,STOP_BUY,32689.781432204603,0.5172314962103962,0.0,
2010-06-11,yangbyungi,LONG,SOXL,MOO_SELL,32689.781432204603,0.5177410066723824,4.8142269220988965,
2010-06-11,yangbyungi,LONG,SOXL,STOP_BUY,35467.20523709472,0.5260328917792438,0.0,
2010-06-14,yangbyungi,LONG,SOXL,MOO_SELL,35467.20523709472,0.586539583683014,2132.1923172537463,
2010-06-14,longbyungi,LONG,SOXL,STOP_BUY,67976.13900190505,0.5959333129334449,0.0,
2010-06-15,longbyungi,LONG,SOXL,MOO_SELL,67976.13900190505,0.5830413489341736,-904.3956877452147,
2010-06-15,longbyungi,LONG,SOXL,STOP_BUY,68245.66335229694,0.5923790521788596,0.0,
2010-06-16,longbyungi,LONG,SOXL,MOO_SELL,68245.66335229694,0.651007307946682,3971.4247016306836,
2010-06-16,longbyungi,LONG,SOXL,STOP_BUY,70307.5567369339,0.6614335205349325,0.0,
2010-06-17,longbyungi,LONG,SOXL,MOO_SELL,70307.5567369339,0.6876560233533383,1810.4421883119285,
2010-06-21,longbyungi,LONG,SOXL,STOP,72387.6693522628,0.638457297241146,-4956.2756430844165,
2010-06-22,longbyungi,LONG,SOXL,STOP_BUY,70812.04061489052,0.6614335205349325,0.0,
2010-06-23,longbyungi,LONG,SOXL,MOO_SELL,70812.04061489052,0.6196900047659875,-2987.695173926062,
2010-06-23,yangbyungi,LONG,SOXL,STOP_BUY,39791.12435745471,0.629614654842317,0.0,
2010-06-23,yangbyungi,LONG,SOXL,LOC_SELL,9947.781089363678,0.6190233622789383,-109.70727205285948,loser
2010-06-24,yangbyungi,LONG,SOXL,MOO_SELL,29843.343268091034,0.6081957538127899,-652.140756173656,
2010-06-24,yangbyungi,SHORT,SOXS,STOP_BUY,3.539304001877115e-08,470518989521.879,0.0,
2010-06-25,yangbyungi,SHORT,SOXS,MOO_SELL,3.539304001877115e-08,461433161859.072,-333.1196789996775,
2010-06-25,yangbyungi,SHORT,SOXS,STOP_BUY,3.066669519038307e-08,489608515404.1037,0.0,
2010-06-25,yangbyungi,SHORT,SOXS,LOC_SELL,7.666673797595767e-09,470788497211.392,-146.8640080625064,loser
2010-06-28,yangbyungi,SHORT,SOXS,MOO_SELL,2.30000213927873e-08,466182801211.392,-546.4860548289089,
2010-06-28,yangbyungi,LONG,SOXL,STOP_BUY,34055.2759541169,0.5702074743242561,0.0,
2010-06-29,yangbyungi,LONG,SOXL,MOO_SELL,34055.2759541169,0.544394672036171,-892.3474343554772,
2010-06-30,yangbyungi,LONG,SOXL,STOP_BUY,31755.463820420264,0.5062304780969022,0.0,
2010-06-30,yangbyungi,LONG,SOXL,LOC_SELL,7938.865955105066,0.47143115821480747,-278.98366951081834,loser
2010-07-01,yangbyungi,LONG,SOXL,MOO_SELL,23816.597865315198,0.4747624940425158,-757.6376921496249,
2010-07-01,yangbyungi,LONG,SOXL,STOP_BUY,32557.74610608986,0.48236605644710356,0.0,
2010-07-01,yangbyungi,LONG,SOXL,LOC_SELL,8139.436526522465,0.4732632633447647,-76.81400613751885,loser
2010-07-01,yangbyungi,SHORT,SOXS,STOP_BUY,2.1661106599372205e-08,580016594219.8271,0.0,
2010-07-01,yangbyungi,SHORT,SOXS,LOC_SELL,5.415276649843051e-09,548653531906.04803,-171.9788803581655,loser
2010-07-02,yangbyungi,LONG,SOXL,MOO_SELL,24418.309579567394,0.4742627504765987,-206.04477423181197,
2010-07-02,yangbyungi,SHORT,SOXS,MOO_SELL,1.6245829949529155e-08,532245758328.83203,-782.4012451955405,
2010-07-02,yangbyungi,SHORT,SOXS,STOP_BUY,2.3064344801183703e-08,564744966563.758,0.0,
2010-07-02,yangbyungi,SHORT,SOXS,LOC_SELL,5.766086200295926e-09,555418148929.536,-56.03986943217842,loser
2010-07-06,yangbyungi,SHORT,SOXS,MOO_SELL,1.7298258600887777e-08,523322220281.856,-723.1289607939252,
2010-07-06,yangbyungi,LONG,SOXL,STOP_BUY,34981.041912534536,0.5033535667117685,0.0,
2010-07-06,yangbyungi,LONG,SOXL,LOC_SELL,8745.260478133634,0.4665995789170265,-324.39206939370115,loser
2010-07-07,yangbyungi,LONG,SOXL,MOO_SELL,26235.781434400902,0.4667665076255798,-968.7982358951631,
2010-07-07,yangbyungi,LONG,SOXL,STOP_BUY,37165.29818675905,0.47424201024770724,0.0,
2010-07-08,yangbyungi,LONG,SOXL,MOO_SELL,37165.29818675905,0.5598869310915471,3169.567222678732,
2010-07-08,yangbyungi,SHORT,SOXS,STOP_BUY,3.3611029942623476e-08,480292834001.879,0.0,
2010-07-08,yangbyungi,SHORT,SOXS,LOC_SELL,8.402757485655869e-09,471652059070.46405,-75.40597296348324,loser
2010-07-09,yangbyungi,SHORT,SOXS,MOO_SELL,2.520827245696761e-08,472371710328.83203,-208.0831033032573,
2010-07-09,yangbyungi,LONG,SOXL,STOP_BUY,38401.12488366862,0.5468507998873293,0.0,
2010-07-12,yangbyungi,LONG,SOXL,MOO_SELL,38401.12488366862,0.5570543260574341,376.98996320157676,
2010-07-12,yangbyungi,LONG,SOXL,STOP_BUY,38347.72495256487,0.5659758339357376,0.0,
2010-07-13,yangbyungi,LONG,SOXL,MOO_SELL,38347.72495256487,0.5963686582148076,1149.8950225756162,
2010-07-13,longbyungi,LONG,SOXL,STOP_BUY,74184.16075566427,0.6059198050846158,0.0,
2010-07-14,longbyungi,LONG,SOXL,MOO_SELL,74184.16075566427,0.6396799857020379,2472.129344772162,
2010-07-19,yangbyungi,LONG,SOXL,STOP_BUY,37807.679543275735,0.5681764249438047,0.0,
2010-07-20,yangbyungi,LONG,SOXL,MOO_SELL,37807.679543275735,0.5392302480936051,-1109.0417451717367,
2010-07-22,yangbyungi,LONG,SOXL,STOP_BUY,38330.49994957554,0.5669913283614814,0.0,
2010-07-23,yangbyungi,LONG,SOXL,MOO_SELL,38330.49994957554,0.5947025285959244,1046.5992519750616,
2010-07-23,longbyungi,LONG,SOXL,STOP_BUY,75730.2640773649,0.6042269915539025,0.0,
2010-07-26,longbyungi,LONG,SOXL,MOO_SELL,75730.2640773649,0.6113611439168454,508.0513587358437,
2010-07-26,longbyungi,LONG,SOXL,STOP_BUY,77725.74587935953,0.6211524030576645,0.0,
2010-07-27,longbyungi,LONG,SOXL,MOO_SELL,77725.74587935953,0.6468434434831143,1962.3607064543467,
2010-07-28,longbyungi,LONG,SOXL,STOP_BUY,80189.2201938231,0.6219983558557927,0.0,
2010-07-29,longbyungi,LONG,SOXL,MOO_SELL,80189.2201938231,0.5945355998873711,-2236.3605037186135,
2010-08-02,yangbyungi,LONG,SOXL,STOP_BUY,50530.019741926655,0.5708847934292255,0.0,
2010-08-02,yangbyungi,LONG,SOXL,LOC_SELL,12632.504935481664,0.563218237131834,-101.86210701076288,loser
2010-08-03,yangbyungi,LONG,SOXL,MOO_SELL,37897.51480644499,0.5633851658403873,-299.2623519923909,
2010-08-04,longbyungi,LONG,SOXL,STOP_BUY,89278.92561552535,0.5568362630461156,0.0,
2010-08-05,longbyungi,LONG,SOXL,MOO_SELL,89278.92561552535,0.5590533598959446,163.07112541367678,
2010-08-06,longbyungi,LONG,SOXL,STOP_BUY,93193.5534549476,0.5471889752081036,0.0,
2010-08-09,longbyungi,LONG,SOXL,MOO_SELL,93193.5534549476,0.5533901753723621,542.0134703272852,
2010-08-09,longbyungi,LONG,SOXL,STOP_BUY,92730.48990366416,0.5622530000169574,0.0,
2010-08-10,longbyungi,LONG,SOXL,MOO_SELL,92730.48990366416,0.5413961510658264,-1969.885495346687,
2010-08-13,yangbyungi,LONG,SOXL,STOP_BUY,58230.25329212877,0.44445413340657935,0.0,
2010-08-13,yangbyungi,LONG,SOXL,LOC_SELL,14557.563323032193,0.4221218355894089,-329.5191717122798,loser
2010-08-16,yangbyungi,LONG,SOXL,MOO_SELL,43672.68996909658,0.4181238274872303,-1163.1001721583016,
2010-08-16,yangbyungi,LONG,SOXL,STOP_BUY,48978.04996800992,0.4248202928884327,0.0,
2010-08-17,yangbyungi,LONG,SOXL,MOO_SELL,48978.04996800992,0.44294541750848293,872.8577440037043,
2010-08-17,yangbyungi,LONG,SOXL,STOP_BUY,46927.142145550904,0.45003941327713426,0.0,
2010-08-17,yangbyungi,LONG,SOXL,LOC_SELL,11731.785536387726,0.44277848879992965,-88.84963061504823,loser
2010-08-18,yangbyungi,LONG,SOXL,MOO_SELL,35195.35660916318,0.4467764969021082,-125.88681992495731,
2010-08-18,yangbyungi,LONG,SOXL,STOP_BUY,49792.78689734842,0.45393184935249375,0.0,
2010-08-19,yangbyungi,LONG,SOXL,MOO_SELL,49792.78689734842,0.45227373570203777,-98.35497520236822,
2010-08-19,longbyungi,LONG,SOXL,STOP_BUY,97230.56720811466,0.4595171292230486,0.0,
2010-08-20,longbyungi,LONG,SOXL,MOO_SELL,97230.56720811466,0.4386135817766189,-2063.0277903382303,
2010-08-20,yangbyungi,LONG,SOXL,STOP_BUY,45571.644116759606,0.445638200996518,0.0,
2010-08-20,yangbyungi,LONG,SOXL,LOC_SELL,11392.911029189901,0.439613068908453,-72.17374995321825,loser
2010-08-23,yangbyungi,LONG,SOXL,MOO_SELL,34178.73308756971,0.45210683678090574,210.35045010588146,
2010-08-24,yangbyungi,LONG,SOXL,STOP_BUY,50666.27809754184,0.41364970288284114,0.0,
2010-08-24,yangbyungi,LONG,SOXL,LOC_SELL,12666.56952438546,0.4026315982192755,-143.18040809616286,loser
2010-08-25,yangbyungi,LONG,SOXL,MOO_SELL,37999.708573156386,0.39696841369569297,-644.6652660041127,
2010-08-25,yangbyungi,LONG,SOXL,STOP_BUY,48130.30645449662,0.4033260644032805,0.0,
2010-08-26,yangbyungi,LONG,SOXL,MOO_SELL,48130.30645449662,0.4221218355894089,890.741056100851,
2010-08-26,yangbyungi,SHORT,SOXS,STOP_BUY,2.7754343072971374e-08,581238316091.9655,0.0,
2010-08-27,yangbyungi,SHORT,SOXS,MOO_SELL,2.7754343072971374e-08,579598077493.248,-56.800132822036176,
2010-08-27,yangbyungi,LONG,SOXL,STOP_BUY,48016.29527841927,0.40941912175118916,0.0,
2010-08-27,yangbyungi,SHORT,SOXS,STOP_BUY,2.557288125841492e-08,614988643445.6371,0.0,
2010-08-27,yangbyungi,SHORT,SOXS,LOC_SELL,6.39322031460373e-09,553259227906.048,-397.2638565445832,loser
2010-08-30,yangbyungi,LONG,SOXL,MOO_SELL,48016.29527841927,0.4084626646488905,-59.67060532063624,
2010-08-30,yangbyungi,SHORT,SOXS,MOO_SELL,1.917966094381119e-08,553691025211.3921,-1183.5127423248668,
2010-08-30,yangbyungi,SHORT,SOXS,STOP_BUY,2.9418452456764506e-08,587499692813.8445,0.0,
2010-08-31,yangbyungi,SHORT,SOXS,MOO_SELL,2.9418452456764506e-08,610110793023.488,652.8524300137688,
2010-08-31,yangbyungi,LONG,SOXL,STOP_BUY,50457.72630772712,0.387585688952878,0.0,
2010-08-31,yangbyungi,LONG,SOXL,LOC_SELL,12614.43157693178,0.3599869132190943,-351.4434393045094,loser
2010-09-01,yangbyungi,LONG,SOXL,MOO_SELL,37843.294730795344,0.37464557129144666,-499.79255629477484,
2010-09-01,yangbyungi,LONG,SOXL,STOP_BUY,53150.61532524151,0.38064571034342043,0.0,
2010-09-02,yangbyungi,LONG,SOXL,MOO_SELL,53150.61532524151,0.40013282081484797,1021.2273116899996,
2010-09-02,yangbyungi,LONG,SOXL,STOP_BUY,54895.23016592654,0.40654115110918876,0.0,
2010-09-03,yangbyungi,LONG,SOXL,MOO_SELL,54895.23016592654,0.43611483415961266,1607.2639099154694,
2010-09-03,yangbyungi,LONG,SOXL,STOP_BUY,52824.5486496925,0.4430994346676766,0.0,
2010-09-03,yangbyungi,LONG,SOXL,LOC_SELL,13206.137162423125,0.437780993565917,-74.30762239573687,loser
2010-09-07,yangbyungi,LONG,SOXL,MOO_SELL,39618.411487269375,0.4339499141722918,-374.6510235963033,
2010-09-13,yangbyungi,LONG,SOXL,STOP_BUY,71663.12143891025,0.41128053871057924,0.0,
2010-09-14,yangbyungi,LONG,SOXL,MOO_SELL,71663.12143891025,0.4281188477426767,1185.6318919345977,
2010-09-14,longbyungi,LONG,SOXL,STOP_BUY,118626.94726134276,0.4349753884682803,0.0,
2010-09-15,longbyungi,LONG,SOXL,MOO_SELL,118626.94726134276,0.4437780057191849,1007.742270993047,
2010-09-15,longbyungi,LONG,SOXL,STOP_BUY,113826.81495414152,0.45088533581078044,0.0,
2010-09-16,longbyungi,LONG,SOXL,MOO_SELL,113826.81495414152,0.4406125858277083,-1204.8311405287386,
2010-09-16,longbyungi,LONG,SOXL,STOP_BUY,110382.43646041518,0.4476692201124876,0.0,
2010-09-17,longbyungi,LONG,SOXL,MOO_SELL,110382.43646041518,0.4657669907063246,1962.3864525739045,
2010-09-20,longbyungi,LONG,SOXL,STOP_BUY,108544.61331258404,0.4669638563174754,0.0,
2010-09-21,longbyungi,LONG,SOXL,MOO_SELL,108544.61331258404,0.4632682430893183,-436.4789980355563,
2010-09-21,longbyungi,LONG,SOXL,STOP_BUY,109722.87467837527,0.4706877192286401,0.0,
2010-09-22,longbyungi,LONG,SOXL,MOO_SELL,109722.87467837527,0.4557720002382994,-1672.1744038077886,
2010-09-23,longbyungi,LONG,SOXL,STOP_BUY,110794.79880925317,0.43717597947634745,0.0,
2010-09-24,longbyungi,LONG,SOXL,MOO_SELL,110794.79880925317,0.47143115821480747,3760.0615057466857,
2010-09-24,longbyungi,LONG,SOXL,STOP_BUY,99308.10104238056,0.4789813675846158,0.0,
2010-09-27,longbyungi,LONG,SOXL,MOO_SELL,99308.10104238056,0.5085785746276379,2904.9169817163784,
2010-09-28,longbyungi,LONG,SOXL,STOP_BUY,101778.33487052034,0.5101229141722619,0.0,
2010-09-29,longbyungi,LONG,SOXL,MOO_SELL,101778.33487052034,0.5097449904680252,-74.79460531807126,
2010-09-29,longbyungi,LONG,SOXL,STOP_BUY,99905.46820682658,0.5179088153153657,0.0,
2010-09-30,longbyungi,LONG,SOXL,MOO_SELL,99905.46820682658,0.5390633193850518,2076.491580165617,
2010-09-30,longbyungi,LONG,SOXL,STOP_BUY,93786.8322081641,0.5476966921564936,0.0,
2010-10-01,longbyungi,LONG,SOXL,MOO_SELL,93786.8322081641,0.5319009339511395,-1516.8723389005172,
2010-10-05,longbyungi,LONG,SOXL,STOP_BUY,97785.98453512896,0.5111384085980056,0.0,
2010-10-06,longbyungi,LONG,SOXL,MOO_SELL,97785.98453512896,0.5230713465511799,1131.478159454673,
2010-10-07,longbyungi,LONG,SOXL,STOP_BUY,108017.98260803714,0.5124931073369084,0.0,
2010-10-08,longbyungi,LONG,SOXL,MOO_SELL,108017.98260803714,0.5022487476170063,-1144.9386988688857,
2010-10-08,longbyungi,LONG,SOXL,STOP_BUY,106883.21125053235,0.5102925163288413,0.0,
2010-10-11,longbyungi,LONG,SOXL,MOO_SELL,106883.21125053235,0.5222387285530568,1238.223435495187,
2010-10-11,longbyungi,LONG,SOXL,STOP_BUY,108362.57802690724,0.5306026469595729,0.0,
2010-10-12,longbyungi,LONG,SOXL,MOO_SELL,108362.57802690724,0.525070320814848,-639.5355290475345,
2010-10-12,longbyungi,LONG,SOXL,STOP_BUY,116967.61579468123,0.5334795886091888,0.0,
2010-10-13,longbyungi,LONG,SOXL,MOO_SELL,116967.61579468123,0.5482257514297962,1680.5399341307711,
2010-10-14,longbyungi,LONG,SOXL,STOP_BUY,113624.25524684356,0.5553129911430179,0.0,
2010-10-15,longbyungi,LONG,SOXL,MOO_SELL,113624.25524684356,0.5523906882405282,-376.0961928625329,
2010-10-19,longbyungi,LONG,SOXL,STOP_BUY,118044.63056233892,0.5319563167060911,0.0,
2010-10-20,longbyungi,LONG,SOXL,MOO_SELL,118044.63056233892,0.5184076491594315,-1642.743894364692,
2010-10-20,longbyungi,LONG,SOXL,STOP_BUY,108507.20202168354,0.5267102108842133,0.0,
2010-10-21,longbyungi,LONG,SOXL,MOO_SELL,108507.20202168354,0.5292352576255799,233.88356598323298,
2010-10-22,longbyungi,LONG,SOXL,STOP_BUY,116366.91177739788,0.5270483862049877,0.0,
2010-10-25,longbyungi,LONG,SOXL,MOO_SELL,116366.91177739788,0.5580538131892682,3563.8112893330836,
2010-10-25,longbyungi,LONG,SOXL,STOP_BUY,115006.36925113226,0.5669913283614814,0.0,
2010-10-26,longbyungi,LONG,SOXL,MOO_SELL,115006.36925113226,0.5595530736744404,-900.7925886392113,
2010-10-26,longbyungi,LONG,SOXL,STOP_BUY,107557.96997416743,0.568514600264579,0.0,
2010-10-27,longbyungi,LONG,SOXL,MOO_SELL,107557.96997416743,0.5623856787085534,-701.7874290843829,
2010-10-27,longbyungi,LONG,SOXL,STOP_BUY,104329.32165193003,0.5713925709065794,0.0,
2010-10-28,longbyungi,LONG,SOXL,MOO_SELL,104329.32165193003,0.6135260936915875,4352.4942347944525,
2010-10-29,longbyungi,LONG,SOXL,STOP_BUY,97441.61507190848,0.618105919780433,0.0,
2010-11-01,longbyungi,LONG,SOXL,MOO_SELL,97441.61507190848,0.6293521505892277,1053.3068782914488,
2010-11-02,longbyungi,LONG,SOXL,STOP_BUY,90925.77347747546,0.6399393223142623,0.0,
2010-11-03,longbyungi,LONG,SOXL,MOO_SELL,90925.77347747546,0.6368483934402466,-321.67761735127715,
2010-11-03,longbyungi,LONG,SOXL,STOP_BUY,90734.33480199867,0.6470478438234328,0.0,
2010-11-04,longbyungi,LONG,SOXL,MOO_SELL,90734.33480199867,0.6691652433276177,1965.0085299401544,
2010-11-04,longbyungi,LONG,SOXL,STOP_BUY,96998.54200189073,0.679882264470756,0.0,
2010-11-05,longbyungi,LONG,SOXL,MOO_SELL,96998.54200189073,0.718307637244463,3679.7373012608878,
2010-11-05,longbyungi,LONG,SOXL,STOP_BUY,98702.65158306647,0.7298116987784206,0.0,
2010-11-08,longbyungi,LONG,SOXL,MOO_SELL,98702.65158306647,0.7219718475043774,-823.9673187049193,
2010-11-08,longbyungi,LONG,SOXL,STOP_BUY,98862.04631577944,0.7335345932261645,0.0,
2010-11-09,longbyungi,LONG,SOXL,MOO_SELL,98862.04631577944,0.72696934273839,-699.5900405136636,
2010-11-12,longbyungi,LONG,SOXL,STOP_BUY,103620.67260964705,0.681235934217274,0.0,
2010-11-15,longbyungi,LONG,SOXL,MOO_SELL,103620.67260964705,0.6889883551299573,753.6168224544381,
2010-11-16,longbyungi,LONG,SOXL,STOP_BUY,100416.52545116647,0.6531409314358234,0.0,
2010-11-17,longbyungi,LONG,SOXL,MOO_SELL,100416.52545116647,0.6286855081021786,-2500.779434653443,
2010-11-17,longbyungi,LONG,SOXL,STOP_BUY,89775.70317863965,0.638754225731939,0.0,
2010-11-18,longbyungi,LONG,SOXL,MOO_SELL,89775.70317863965,0.6483426443934441,820.3645184067282,
2010-11-18,longbyungi,LONG,SOXL,STOP_BUY,91020.85728312207,0.6587261810418963,0.0,
2010-11-19,longbyungi,LONG,SOXL,MOO_SELL,91020.85728312207,0.6600028112828732,74.18883377534803,
2010-11-19,longbyungi,LONG,SOXL,STOP_BUY,103837.32445545106,0.6705730914245546,0.0,
2010-11-22,longbyungi,LONG,SOXL,MOO_SELL,103837.32445545106,0.6986505009531975,2865.7213030494313,
2010-11-22,longbyungi,LONG,SOXL,STOP_BUY,104638.45892055327,0.7098397434684633,0.0,
2010-11-23,longbyungi,LONG,SOXL,MOO_SELL,104638.45892055327,0.6998169167935848,-1100.3996424750076,
2010-11-23,longbyungi,LONG,SOXL,STOP_BUY,101576.83907821531,0.7110248400507866,0.0,
2010-11-24,longbyungi,LONG,SOXL,MOO_SELL,101576.83907821531,0.7184736127555371,705.8014093545062,
2010-11-24,longbyungi,LONG,SOXL,STOP_BUY,88662.69357004241,0.7299803324715792,0.0,
2010-11-26,longbyungi,LONG,SOXL,MOO_SELL,88662.69357004241,0.7481257395148277,1562.9521613756442,
2010-11-29,longbyungi,LONG,SOXL,STOP_BUY,81675.05761861503,0.746059851706177,0.0,
2010-11-30,longbyungi,LONG,SOXL,MOO_SELL,81675.05761861503,0.7189733265340329,-2254.173338359018,
2010-12-01,longbyungi,LONG,SOXL,STOP_BUY,74027.27080434603,0.7614610228434203,0.0,
2010-12-02,longbyungi,LONG,SOXL,MOO_SELL,74027.27080434603,0.787106273829937,1858.3252659039426,
2010-12-02,longbyungi,LONG,SOXL,STOP_BUY,78985.3212096079,0.7997121804615854,0.0,
2010-12-03,longbyungi,LONG,SOXL,MOO_SELL,78985.3212096079,0.8144255689084531,1117.5190965438815,
2010-12-03,longbyungi,LONG,SOXL,STOP_BUY,84926.96333263222,0.8274690079222619,0.0,
2010-12-06,longbyungi,LONG,SOXL,MOO_SELL,84926.96333263222,0.8414120789170265,1134.536128112697,
2010-12-08,longbyungi,LONG,SOXL,STOP_BUY,89467.41576806753,0.8550573227477072,0.0,
2010-12-09,longbyungi,LONG,SOXL,MOO_SELL,89467.41576806753,0.8702316472530366,1303.5825985581905,
2010-12-15,longbyungi,LONG,SOXL,STOP_BUY,94897.19109676739,0.8328857448931037,0.0,
2010-12-16,longbyungi,LONG,SOXL,MOO_SELL,94897.19109676739,0.8072631834745407,-2485.9850415249093,
2010-12-16,longbyungi,LONG,SOXL,STOP_BUY,92566.56481420198,0.8201919132488965,0.0,
2010-12-17,longbyungi,LONG,SOXL,MOO_SELL,92566.56481420198,0.8185905057191849,-201.33055454361602,
2010-12-17,longbyungi,LONG,SOXL,STOP_BUY,94005.81517178881,0.8317006483107804,0.0,
2010-12-20,longbyungi,LONG,SOXL,MOO_SELL,94005.81517178881,0.827586009055376,-441.39392553242214,
2010-12-21,longbyungi,LONG,SOXL,STOP_BUY,97603.11330580284,0.8455795765373109,0.0,
2010-12-22,longbyungi,LONG,SOXL,MOO_SELL,97603.11330580284,0.8262536772787571,-1943.379580744382,
2010-12-22,longbyungi,LONG,SOXL,STOP_BUY,96150.52966247672,0.8394865494538842,0.0,
2010-12-23,longbyungi,LONG,SOXL,MOO_SELL,96150.52966247672,0.8254201060831547,-1408.5245604318188,
2010-12-23,longbyungi,LONG,SOXL,STOP_BUY,101422.39761171877,0.8386396281923353,0.0,
2010-12-27,longbyungi,LONG,SOXL,MOO_SELL,101422.39761171877,0.8174240898787976,-2210.5174458918627,
2010-12-27,longbyungi,LONG,SOXL,STOP_BUY,94133.32866752685,0.8305155517284571,0.0,
2010-12-28,longbyungi,LONG,SOXL,MOO_SELL,94133.32866752685,0.8329163489341737,171.19049879239174,
2011-01-03,longbyungi,LONG,SOXL,STOP_BUY,84223.24691606102,0.8626736217342316,0.0,
2011-01-04,longbyungi,LONG,SOXL,MOO_SELL,84223.24691606102,0.8592371696531773,-340.1878733505,
2011-01-05,longbyungi,LONG,SOXL,STOP_BUY,86456.50563264634,0.8555650396960972,0.0,
2011-01-06,longbyungi,LONG,SOXL,MOO_SELL,86456.50563264634,0.8700647781193257,1201.3795432374172,
2011-01-06,longbyungi,LONG,SOXL,STOP_BUY,86403.30624738916,0.8839993073196708,0.0,
2011-01-07,longbyungi,LONG,SOXL,MOO_SELL,86403.30624738916,0.9162086510658266,2728.553419888456,
2011-01-10,longbyungi,LONG,SOXL,STOP_BUY,83986.77998396641,0.9258046651634572,0.0,
2011-01-11,longbyungi,LONG,SOXL,MOO_SELL,83986.77998396641,0.9611861677467823,2916.109673597486,
2011-01-12,longbyungi,LONG,SOXL,STOP_BUY,81799.43758972106,0.9899502345550057,0.0,
2011-01-13,longbyungi,LONG,SOXL,MOO_SELL,81799.43758972106,1.0103276084661483,1609.5901645831036,
2011-01-14,longbyungi,LONG,SOXL,STOP_BUY,81380.33078229356,1.039879729391634,0.0,
2011-01-18,longbyungi,LONG,SOXL,MOO_SELL,81380.33078229356,1.0794600428938865,3160.6936051821685,
2011-01-24,longbyungi,LONG,SOXL,STOP_BUY,79026.00455111163,0.9762408479560911,0.0,
2011-01-25,longbyungi,LONG,SOXL,MOO_SELL,79026.00455111163,1.0058298270106316,2283.4764992636774,
2011-01-27,longbyungi,LONG,SOXL,STOP_BUY,82127.31754741378,1.0627285658222436,0.0,
2011-01-28,longbyungi,LONG,SOXL,MOO_SELL,82127.31754741378,1.1034479723572732,3281.9098368994164,
2011-01-31,longbyungi,LONG,SOXL,STOP_BUY,73055.56858919385,1.0188921585980055,0.0,
2011-02-01,longbyungi,LONG,SOXL,MOO_SELL,73055.56858919385,1.0354820133447649,1159.4520557074575,
2011-02-01,longbyungi,LONG,SOXL,STOP_BUY,73276.50251811575,1.0520657835584877,0.0,
2011-02-02,longbyungi,LONG,SOXL,MOO_SELL,73276.50251811575,1.0666334601640701,1013.1305868083437,
2011-02-02,longbyungi,LONG,SOXL,STOP_BUY,79438.97588949639,1.0837161366158723,0.0,
2011-02-03,longbyungi,LONG,SOXL,MOO_SELL,79438.97588949639,1.0972841208577158,1017.1870236529212,
2011-02-04,longbyungi,LONG,SOXL,STOP_BUY,81421.36941547484,1.125859669780433,0.0,
2011-02-07,longbyungi,LONG,SOXL,MOO_SELL,81421.36941547484,1.1754119990468026,3969.0380648587743,
2011-02-10,longbyungi,LONG,SOXL,STOP_BUY,89805.21005603512,1.1069032088962196,0.0,
2011-02-11,longbyungi,LONG,SOXL,MOO_SELL,89805.21005603512,1.1284354485273362,1863.4465328626102,
2011-02-11,longbyungi,LONG,SOXL,STOP_BUY,86729.25044461111,1.1465079152029751,0.0,
2011-02-14,longbyungi,LONG,SOXL,MOO_SELL,86729.25044461111,1.175744784116745,2465.199193654378,
2011-02-14,longbyungi,LONG,SOXL,STOP_BUY,86939.33964836248,1.194574933823347,0.0,
2011-02-15,longbyungi,LONG,SOXL,MOO_SELL,86939.33964836248,1.1864065362215044,-782.6054283416888,
2011-02-16,longbyungi,LONG,SOXL,STOP_BUY,82602.07177527538,1.1981293156358597,0.0,
2011-02-17,longbyungi,LONG,SOXL,MOO_SELL,82602.07177527538,1.1840746577382089,-1229.8151046958956,
2011-02-17,longbyungi,LONG,SOXL,STOP_BUY,79809.55223482165,1.203038214600384,0.0,
2011-02-18,longbyungi,LONG,SOXL,MOO_SELL,79809.55223482165,1.2552051132321358,4094.7498665319436,
2011-02-24,longbyungi,LONG,SOXL,STOP_BUY,70856.47564144019,1.055112327364683,0.0,
2011-02-25,longbyungi,LONG,SOXL,MOO_SELL,70856.47564144019,1.1104444418549537,3866.9333204053255,
2011-02-25,longbyungi,LONG,SOXL,STOP_BUY,70710.53964729265,1.1282287734237313,0.0,
2011-02-28,longbyungi,LONG,SOXL,MOO_SELL,70710.53964729265,1.1810761367678644,3679.7133122567902,
2011-03-02,longbyungi,LONG,SOXL,STOP_BUY,77633.98921848083,1.069837208389342,0.0,
2011-03-03,longbyungi,LONG,SOXL,MOO_SELL,77633.98921848083,1.1392630569934845,5329.780138853035,
2011-03-03,longbyungi,LONG,SOXL,STOP_BUY,75496.78611690592,1.1575089333164692,0.0,
2011-03-04,longbyungi,LONG,SOXL,MOO_SELL,75496.78611690592,1.1549223043322563,-256.3855694804952,
2011-03-08,longbyungi,LONG,SOXL,STOP_BUY,82551.5193998012,1.0588361902758479,0.0,
2011-03-09,longbyungi,LONG,SOXL,MOO_SELL,82551.5193998012,1.0206564563512803,-3211.8778928991087,
2011-03-10,yangbyungi,LONG,SOXL,STOP_BUY,66968.40169865101,0.9136186109966039,0.0,
2011-03-10,yangbyungi,LONG,SOXL,LOC_SELL,16742.100424662753,0.8747294287085534,-661.565841165806,loser
2011-03-11,yangbyungi,LONG,SOXL,MOO_SELL,50226.301273988254,0.85807075381279,-2821.1083013690004,
2011-03-11,yangbyungi,LONG,SOXL,STOP_BUY,63322.17362625798,0.8718131926238535,0.0,
2011-03-14,yangbyungi,LONG,SOXL,MOO_SELL,63322.17362625798,0.8940527671575547,1369.1217351800442,
2011-03-14,yangbyungi,LONG,SOXL,STOP_BUY,66851.84482340724,0.9083714761823415,0.0,
2011-03-14,yangbyungi,LONG,SOXL,LOC_SELL,16712.96120585181,0.8943856118023396,-244.2905020595499,loser
2011-03-15,yangbyungi,LONG,SOXL,MOO_SELL,50138.88361755543,0.8044305784404279,-5241.537868992855,
2011-03-16,yangbyungi,LONG,SOXL,STOP_BUY,54912.29697617465,0.8785835993412136,0.0,
2011-03-16,yangbyungi,LONG,SOXL,LOC_SELL,13728.074244043662,0.8062636367678643,-1000.9092133149097,loser
2011-03-16,yangbyungi,SHORT,SOXS,STOP_BUY,1.331476702192248e-07,207052787741.9827,0.0,
2011-03-16,yangbyungi,SHORT,SOXS,LOC_SELL,3.32869175548062e-08,204118682435.584,-102.45764222125399,loser
2011-03-17,yangbyungi,LONG,SOXL,MOO_SELL,41184.22273213099,0.8419118522703648,-1535.097443103281,
2011-03-17,yangbyungi,SHORT,SOXS,MOO_SELL,9.98607526644186e-08,195195160764.41602,-1198.1706288071764,
2011-03-17,yangbyungi,LONG,SOXL,STOP_BUY,45374.3646444492,0.8553954980684815,0.0,
2011-03-17,yangbyungi,LONG,SOXL,LOC_SELL,11343.5911611123,0.8357488943934441,-229.577317497904,loser
2011-03-18,yangbyungi,LONG,SOXL,MOO_SELL,34030.773483336896,0.8775610209703446,733.6690412484604,
2011-03-21,yangbyungi,LONG,SOXL,STOP_BUY,45222.96076728855,0.8882308871792256,0.0,
2011-03-21,yangbyungi,LONG,SOXL,LOC_SELL,11305.740191822137,0.8877229401469231,-12.770182575966828,loser
2011-03-22,yangbyungi,LONG,SOXL,MOO_SELL,33917.22057546641,0.8938858384490014,170.64467343447177,
2011-03-23,longbyungi,LONG,SOXL,STOP_BUY,92665.20494411136,0.8746901342734693,0.0,
2011-03-24,longbyungi,LONG,SOXL,MOO_SELL,92665.20494411136,0.9217059196531773,4298.465194844714,
2011-03-24,longbyungi,LONG,SOXL,STOP_BUY,94120.08338559083,0.9364675079561768,0.0,
2011-03-25,longbyungi,LONG,SOXL,MOO_SELL,94120.08338559083,0.9648503184318543,2608.7592213614407,
2011-03-25,longbyungi,LONG,SOXL,STOP_BUY,97529.13305673853,0.9803028861880301,0.0,
2011-03-28,longbyungi,LONG,SOXL,MOO_SELL,97529.13305673853,0.9628513441681863,-1768.3637153173768,
2011-03-29,longbyungi,LONG,SOXL,STOP_BUY,90694.8519702584,0.9640547937892375,0.0,
2011-03-30,longbyungi,LONG,SOXL,MOO_SELL,90694.8519702584,1.0016659029722215,3348.7357181252737,
2011-04-05,yangbyungi,LONG,SOXL,STOP_BUY,72778.759245099,0.9562699216385185,0.0,
2011-04-06,yangbyungi,LONG,SOXL,MOO_SELL,72778.759245099,0.9870062619149685,2187.4524787268456,
2011-04-06,longbyungi,LONG,SOXL,STOP_BUY,102097.87280350355,1.0028136683557924,0.0,
2011-04-07,longbyungi,LONG,SOXL,MOO_SELL,102097.87280350355,1.0053301132321357,185.16414596761751,
2011-04-14,yangbyungi,LONG,SOXL,STOP_BUY,70841.7077246116,0.8851844039019942,0.0,
2011-04-15,yangbyungi,LONG,SOXL,MOO_SELL,70841.7077246116,0.8858898222446442,6.059967113040329,
2011-04-15,yangbyungi,LONG,SOXL,STOP_BUY,72455.83646010725,0.9000777975618838,0.0,
2011-04-18,yangbyungi,LONG,SOXL,MOO_SELL,72455.83646010725,0.876894318908453,-1724.841538262168,
2011-04-19,yangbyungi,LONG,SOXL,STOP_BUY,71129.05232222304,0.8692744262950121,0.0,
2011-04-20,yangbyungi,LONG,SOXL,MOO_SELL,71129.05232222304,0.9493580593764782,5650.997765775435,
2011-04-20,longbyungi,LONG,SOXL,STOP_BUY,118903.14186132893,0.9645625107376276,0.0,
2011-04-21,longbyungi,LONG,SOXL,MOO_SELL,118903.14186132893,1.0036648772358896,4567.484283741884,
2011-04-25,longbyungi,LONG,SOXL,STOP_BUY,128217.59484057587,0.9929967178322374,0.0,
2011-04-26,longbyungi,LONG,SOXL,MOO_SELL,128217.59484057587,0.9848403589427471,-1134.5464490067243,
2011-04-26,longbyungi,LONG,SOXL,STOP_BUY,117665.07017738128,1.0006130773477253,0.0,
2011-04-27,longbyungi,LONG,SOXL,MOO_SELL,117665.07017738128,1.0194899809360505,2137.9587366104533,
2011-04-29,longbyungi,LONG,SOXL,STOP_BUY,126197.44653494742,1.0202469178658722,0.0,
2011-05-02,longbyungi,LONG,SOXL,MOO_SELL,126197.44653494742,1.0344824666380883,1705.7343445017177,
2011-05-05,longbyungi,LONG,SOXL,STOP_BUY,116501.16301711228,0.9562699216385185,0.0,
2011-05-06,longbyungi,LONG,SOXL,MOO_SELL,116501.16301711228,0.9995,4956.6070917708275,
2011-05-06,longbyungi,LONG,SOXL,STOP_BUY,106171.26314855466,1.0155074999999998,0.0,
2011-05-09,longbyungi,LONG,SOXL,MOO_SELL,106171.26314855466,0.9845075142979622,-3365.628081706891,
2011-05-12,longbyungi,LONG,SOXL,STOP_BUY,117203.03514121204,0.9674404813796281,0.0,
2011-05-13,longbyungi,LONG,SOXL,MOO_SELL,117203.03514121204,1.0003326179981231,3774.3381010662997,
2011-05-16,longbyungi,LONG,SOXL,STOP_BUY,117659.3327857374,0.9794569939188659,0.0,
2011-05-17,longbyungi,LONG,SOXL,MOO_SELL,117659.3327857374,0.9155420085787773,-7598.232041517229,
2011-05-18,yangbyungi,LONG,SOXL,STOP_BUY,81615.39906117323,0.9168336674380302,0.0,
2011-05-19,yangbyungi,LONG,SOXL,MOO_SELL,81615.39906117323,0.9310342676341534,1106.2025842881267,
2011-05-25,yangbyungi,LONG,SOXL,STOP_BUY,75532.5728754591,0.8421938889469206,0.0,
2011-05-26,yangbyungi,LONG,SOXL,MOO_SELL,75532.5728754591,0.8544055903553963,877.5292432352289,
2011-05-26,yangbyungi,LONG,SOXL,STOP_BUY,76925.2948132412,0.8680893297126887,0.0,
2011-05-27,yangbyungi,LONG,SOXL,MOO_SELL,76925.2948132412,0.898883333683014,2321.2641213268507,
2011-05-27,longbyungi,LONG,SOXL,STOP_BUY,131182.31488443917,0.9132794066834449,0.0,
2011-05-31,longbyungi,LONG,SOXL,MOO_SELL,131182.31488443917,0.941196186810732,3577.0418007794797,
2011-06-02,longbyungi,LONG,SOXL,STOP_BUY,122023.14921848835,0.8824760354165732,0.0,
2011-06-03,longbyungi,LONG,SOXL,MOO_SELL,122023.14921848835,0.8400797471404076,-5246.895699084867,
2011-06-03,longbyungi,LONG,SOXL,STOP_BUY,123548.94923108278,0.8535340508446095,0.0,
2011-06-06,longbyungi,LONG,SOXL,MOO_SELL,123548.94923108278,0.817258173942566,-4554.095091998155,
2011-06-09,yangbyungi,LONG,SOXL,STOP_BUY,75917.66044673236,0.77940198930189,0.0,
2011-06-09,yangbyungi,LONG,SOXL,LOC_SELL,18979.41511168309,0.7669493046104908,-246.61676710344364,loser
2011-06-10,yangbyungi,LONG,SOXL,MOO_SELL,56938.24533504927,0.7579538608491421,-1251.8558204173241,
2011-06-13,yangbyungi,LONG,SOXL,STOP_BUY,65579.99107571696,0.7418282113176583,0.0,
2011-06-13,yangbyungi,LONG,SOXL,LOC_SELL,16394.99776892924,0.7084785627126694,-555.0896361869382,loser
2011-06-14,yangbyungi,LONG,SOXL,MOO_SELL,49184.993306787714,0.7333001825213433,-444.84500232901337,
2011-06-14,yangbyungi,LONG,SOXL,STOP_BUY,62389.07101583505,0.7450443572804332,0.0,
2011-06-15,yangbyungi,LONG,SOXL,MOO_SELL,62389.07101583505,0.7316339933276177,-868.905155669665,
2011-06-16,yangbyungi,SHORT,SOXS,STOP_BUY,1.559434763165548e-07,218078900616.06912,0.0,
2011-06-16,yangbyungi,SHORT,SOXS,LOC_SELL,3.89858690791387e-08,213416440446.976,-187.65783904519412,loser
2011-06-17,yangbyungi,SHORT,SOXS,MOO_SELL,1.1695760723741611e-07,205356464259.07202,-1505.3191100281183,
2011-06-17,yangbyungi,SHORT,SOXS,STOP_BUY,1.447527423214038e-07,217895638860.1037,0.0,
2011-06-20,yangbyungi,SHORT,SOXS,MOO_SELL,1.447527423214038e-07,222109685506.048,587.7026162024449,
2011-06-20,yangbyungi,LONG,SOXL,STOP_BUY,62668.71968444457,0.657033367511183,0.0,
2011-06-20,yangbyungi,LONG,SOXL,LOC_SELL,15667.179921111143,0.6526734971404076,-75.48866811400512,loser
2011-06-21,yangbyungi,LONG,SOXL,MOO_SELL,47001.53976333343,0.6646675214469433,337.0742978603812,
2011-06-21,yangbyungi,LONG,SOXL,STOP_BUY,66761.92076826318,0.6753125092904269,0.0,
2011-06-22,yangbyungi,LONG,SOXL,MOO_SELL,66761.92076826318,0.6918209005892277,1070.186553565516,
2011-06-22,yangbyungi,LONG,SOXL,STOP_BUY,68468.82036840188,0.7029007635869085,0.0,
2011-06-22,yangbyungi,LONG,SOXL,LOC_SELL,17117.20509210047,0.6914871027469636,-203.72378152910278,loser
2011-06-23,yangbyungi,LONG,SOXL,MOO_SELL,51351.61527630141,0.6663336510658264,-1902.3896335573372,
2011-06-23,longbyungi,LONG,SOXL,STOP_BUY,142770.6239867553,0.6770053228211401,0.0,
2011-06-24,longbyungi,LONG,SOXL,MOO_SELL,142770.6239867553,0.7158088896274567,5470.410911876446,
2011-06-27,longbyungi,LONG,SOXL,STOP_BUY,129004.28463579477,0.6817437116946279,0.0,
2011-06-28,longbyungi,LONG,SOXL,MOO_SELL,129004.28463579477,0.6906544847488404,1087.5620667619369,
2011-06-28,longbyungi,LONG,SOXL,STOP_BUY,129528.70296018232,0.7017156670045851,0.0,
2011-06-29,longbyungi,LONG,SOXL,MOO_SELL,129528.70296018232,0.7148094024956226,1631.7963458207523,
2011-06-30,longbyungi,LONG,SOXL,STOP_BUY,150239.06713599616,0.727780709926933,0.0,
2011-07-01,longbyungi,LONG,SOXL,MOO_SELL,150239.06713599616,0.7687824225127697,6081.3642627495865,
2011-07-01,longbyungi,LONG,SOXL,STOP_BUY,151993.11033875647,0.7810948633615671,0.0,
2011-07-05,longbyungi,LONG,SOXL,MOO_SELL,151993.11033875647,0.8084285865426064,4069.9787888371648,
2011-07-07,longbyungi,LONG,SOXL,STOP_BUY,152503.08737520827,0.8066510998141765,0.0,
2011-07-08,longbyungi,LONG,SOXL,MOO_SELL,152503.08737520827,0.7864395717680455,-3167.3533636653156,
2011-07-11,longbyungi,LONG,SOXL,STOP_BUY,158879.34689893687,0.7782168927195666,0.0,
2011-07-12,longbyungi,LONG,SOXL,MOO_SELL,158879.34689893687,0.7188074105978013,-9522.185904371145,
2011-07-12,yangbyungi,SHORT,SOXS,STOP_BUY,1.9679577622403015e-07,205342356270.12097,0.0,
2011-07-12,yangbyungi,SHORT,SOXS,LOC_SELL,4.919894405600754e-08,203773267517.44,-84.24232960256813,loser
2011-07-13,yangbyungi,SHORT,SOXS,MOO_SELL,1.475968321680226e-07,198591847235.584,-1017.2205421138897,
2011-07-14,yangbyungi,LONG,SOXL,STOP_BUY,94801.39481639116,0.6841139048592745,0.0,
2011-07-14,yangbyungi,LONG,SOXL,LOC_SELL,23700.34870409779,0.640512603700161,-1044.3539799778137,loser
2011-07-15,yangbyungi,LONG,SOXL,MOO_SELL,71101.04611229336,0.6535060555636883,-2209.537266633961,
2011-07-19,yangbyungi,LONG,SOXL,STOP_BUY,79236.65600201477,0.6526331539584695,0.0,
2011-07-20,yangbyungi,LONG,SOXL,MOO_SELL,79236.65600201477,0.7011492485702038,3806.7088826254258,
2011-07-21,longbyungi,LONG,SOXL,STOP_BUY,142354.55093495577,0.681235934217274,0.0,
2011-07-22,longbyungi,LONG,SOXL,MOO_SELL,142354.55093495577,0.6974840851128101,2244.304750031588,
2011-07-22,longbyungi,LONG,SOXL,STOP_BUY,150933.59021570778,0.70865464688614,0.0,
2011-07-25,longbyungi,LONG,SOXL,MOO_SELL,150933.59021570778,0.7189733265340329,1482.0184101099876,
2011-07-26,longbyungi,LONG,SOXL,STOP_BUY,132903.28847360166,0.7372584561373292,0.0,
2011-07-27,longbyungi,LONG,SOXL,MOO_SELL,132903.28847360166,0.7066465171575547,-4135.59225868326,
2011-07-28,longbyungi,LONG,SOXL,STOP_BUY,121723.68521380346,0.6600798507884145,0.0,
2011-07-29,longbyungi,LONG,SOXL,MOO_SELL,121723.68521380346,0.6116939885616303,-5943.887211961017,
2011-08-01,yangbyungi,SHORT,SOXS,STOP_BUY,1.3113004436439292e-07,214444264145.87906,0.0,
2011-08-01,yangbyungi,SHORT,SOXS,LOC_SELL,3.278251109109823e-08,210854527164.41602,-122.56041922904387,loser
2011-08-02,yangbyungi,SHORT,SOXS,MOO_SELL,9.834753327329469e-08,217187346882.56,254.91795423752774,
2011-08-02,yangbyungi,LONG,SOXL,STOP_BUY,72160.99757214742,0.6243675200280546,0.0,
2011-08-02,yangbyungi,LONG,SOXL,LOC_SELL,18040.249393036855,0.5728804425299168,-936.3992467254702,loser
2011-08-02,yangbyungi,SHORT,SOXS,STOP_BUY,1.3033975255302073e-07,230448921450.0864,0.0,
2011-08-02,yangbyungi,SHORT,SOXS,LOC_SELL,3.258493813825518e-08,229881807740.928,-23.72931204712313,loser
2011-08-03,yangbyungi,LONG,SOXL,MOO_SELL,54120.74817911057,0.5763786772787571,-2619.936922741679,
2011-08-03,yangbyungi,SHORT,SOXS,MOO_SELL,9.775481441476554e-08,228672798212.096,-189.333072982281,
2011-08-03,yangbyungi,LONG,SOXL,STOP_BUY,71561.05261878733,0.5856096744538842,0.0,
2011-08-03,yangbyungi,SHORT,SOXS,STOP_BUY,1.1514339698225172e-07,242635680528.13824,0.0,
2011-08-03,yangbyungi,SHORT,SOXS,LOC_SELL,2.878584924556293e-08,221735481917.44,-606.3085278065337,loser
2011-08-04,yangbyungi,LONG,SOXL,MOO_SELL,71561.05261878733,0.5717140266895294,-1023.3739366332084,
2011-08-04,yangbyungi,SHORT,SOXS,MOO_SELL,8.635754773668878e-08,229334872129.536,-1162.890573054854,
2011-08-04,yangbyungi,SHORT,SOXS,STOP_BUY,1.1937974959136814e-07,243338181030.05185,0.0,
2011-08-05,yangbyungi,SHORT,SOXS,MOO_SELL,1.1937974959136814e-07,249542373564.41602,720.0609661539493,
2011-08-05,yangbyungi,LONG,SOXL,STOP_BUY,62549.822146795465,0.5170629230462014,0.0,
2011-08-05,yangbyungi,LONG,SOXL,LOC_SELL,15637.455536698866,0.4581038191467523,-927.3075600114125,loser
2011-08-05,yangbyungi,SHORT,SOXS,STOP_BUY,8.143174768270335e-08,264779563217.87903,0.0,
2011-08-08,yangbyungi,LONG,SOXL,MOO_SELL,46912.3666100966,0.4079629210829735,-5133.327592294467,
2011-08-08,yangbyungi,SHORT,SOXS,MOO_SELL,8.143174768270335e-08,307977135423.48804,3501.3295977139423,
2011-08-09,yangbyungi,LONG,SOXL,STOP_BUY,50416.360828025114,0.4155121488346158,0.0,
2011-08-10,yangbyungi,LONG,SOXL,MOO_SELL,50416.360828025114,0.42428773856163027,427.61441920466314,
2011-08-10,yangbyungi,LONG,SOXL,STOP_BUY,55612.155393580804,0.43108292212843885,0.0,
2011-08-10,yangbyungi,LONG,SOXL,LOC_SELL,13903.038848395201,0.41212684512138364,-267.6501873952566,loser
2011-08-10,yangbyungi,SHORT,SOXS,STOP_BUY,6.261678353605919e-08,306287855735.93085,0.0,
2011-08-10,yangbyungi,SHORT,SOXS,LOC_SELL,1.5654195884014798e-08,293469184835.58405,-203.95203521532312,loser
2011-08-11,yangbyungi,LONG,SOXL,MOO_SELL,41709.11654518561,0.42961807844042776,-73.66201352388816,
2011-08-11,yangbyungi,SHORT,SOXS,MOO_SELL,4.6962587652044394e-08,290360335941.632,-757.804594469113,
2011-08-11,yangbyungi,LONG,SOXL,STOP_BUY,47691.646139970544,0.43649863010689605,0.0,
2011-08-12,yangbyungi,LONG,SOXL,MOO_SELL,47691.646139970544,0.48525725786387924,2309.9932017838,
2011-08-12,yangbyungi,LONG,SOXL,STOP_BUY,44026.57810250695,0.4930288992398232,0.0,
2011-08-12,yangbyungi,LONG,SOXL,LOC_SELL,11006.644525626738,0.46876551167666913,-270.7636271108413,loser
2011-08-12,yangbyungi,SHORT,SOXS,STOP_BUY,6.875572159959501e-08,252562257617.87903,0.0,
2011-08-12,yangbyungi,SHORT,SOXS,LOC_SELL,1.7188930399898753e-08,250521073729.536,-38.11238031888115,loser
2011-08-15,yangbyungi,LONG,SOXL,MOO_SELL,33019.93357688021,0.47726124165952205,-531.8606265655144,
2011-08-15,yangbyungi,SHORT,SOXS,MOO_SELL,5.156679119969626e-08,245829028093.95203,-356.2061947380935,
2011-08-15,yangbyungi,LONG,SOXL,STOP_BUY,47607.21714640554,0.48490482277594493,0.0,
2011-08-16,yangbyungi,LONG,SOXL,MOO_SELL,47607.21714640554,0.4790933467894793,-292.73084379432476,
2011-08-16,yangbyungi,LONG,SOXL,STOP_BUY,53993.46919266106,0.4867662699998169,0.0,
2011-08-16,yangbyungi,LONG,SOXL,LOC_SELL,13498.367298165265,0.4684326670318842,-251.9864758930944,loser
2011-08-16,yangbyungi,SHORT,SOXS,STOP_BUY,8.157277829492029e-08,257754610325.9136,0.0,
2011-08-16,yangbyungi,SHORT,SOXS,LOC_SELL,2.0393194573730072e-08,249369657917.44,-174.6156253138406,loser
2011-08-17,yangbyungi,LONG,SOXL,MOO_SELL,40495.1018944958,0.4641008313000202,-931.3161606860594,
2011-08-17,yangbyungi,SHORT,SOXS,MOO_SELL,6.117958372119022e-08,251960359870.46402,-365.4042832332998,
2011-08-17,yangbyungi,LONG,SOXL,STOP_BUY,53407.607885677295,0.4715336417622864,0.0,
2011-08-17,yangbyungi,LONG,SOXL,LOC_SELL,13351.901971419324,0.4582707478553057,-181.4299892753097,loser
2011-08-18,yangbyungi,LONG,SOXL,MOO_SELL,40055.70591425797,0.42012283153831953,-2071.7968704598243,
2011-08-19,yangbyungi,LONG,SOXL,STOP_BUY,54095.644053463446,0.37607592489860947,0.0,
2011-08-19,yangbyungi,LONG,SOXL,LOC_SELL,13523.911013365861,0.35682149332761764,-263.8642929921416,loser
2011-08-22,yangbyungi,LONG,SOXL,MOO_SELL,40571.733040097584,0.38680649451911453,424.52479435975147,
2011-08-23,yangbyungi,LONG,SOXL,STOP_BUY,52781.90634902638,0.3858928451576828,0.0,
2011-08-24,yangbyungi,LONG,SOXL,MOO_SELL,52781.90634902638,0.42295540678501126,1941.290263429055,
2011-08-24,yangbyungi,LONG,SOXL,STOP_BUY,53019.06916061158,0.42972925238192067,0.0,
2011-08-24,yangbyungi,LONG,SOXL,LOC_SELL,13254.767290152895,0.42228876429796214,-102.57459326636399,loser
2011-08-24,yangbyungi,SHORT,SOXS,STOP_BUY,6.619662045302899e-08,275347530389.9136,0.0,
2011-08-24,yangbyungi,SHORT,SOXS,LOC_SELL,1.6549155113257246e-08,259387034435.584,-267.2300150729161,loser
2011-08-25,yangbyungi,LONG,SOXL,MOO_SELL,39764.30187045869,0.415625079870224,-572.6077970874467,
2011-08-25,yangbyungi,SHORT,SOXS,MOO_SELL,4.964746533977174e-08,261948964093.95203,-674.5412489618593,
2011-08-25,yangbyungi,LONG,SOXL,STOP_BUY,53870.49638333546,0.4222815265595912,0.0,
2011-08-25,yangbyungi,LONG,SOXL,LOC_SELL,13467.624095833866,0.3888054985702038,-454.6657564898933,loser
2011-08-25,yangbyungi,SHORT,SOXS,STOP_BUY,6.547661241414186e-08,277943706743.93085,0.0,
2011-08-26,yangbyungi,LONG,SOXL,MOO_SELL,40402.872287501596,0.3901378303468227,-1310.1860793650812,
2011-08-26,yangbyungi,SHORT,SOXS,MOO_SELL,6.547661241414186e-08,284545646788.60803,419.3822054008124,
2011-08-26,yangbyungi,LONG,SOXL,STOP_BUY,51306.20784903038,0.3963860857938229,0.0,
2011-08-29,yangbyungi,LONG,SOXL,MOO_SELL,51306.20784903038,0.4406125858277083,2254.063873438219,
2011-08-29,yangbyungi,LONG,SOXL,STOP_BUY,51600.12180306516,0.4476692201124876,0.0,
2011-08-30,yangbyungi,LONG,SOXL,MOO_SELL,51600.12180306516,0.4554391555935144,384.6194414572128,
2011-08-30,yangbyungi,LONG,SOXL,STOP_BUY,55193.59504247246,0.4627332449213414,0.0,
2011-08-31,yangbyungi,LONG,SOXL,MOO_SELL,55193.59504247246,0.48042666155099867,958.3435372967033,
2011-08-31,yangbyungi,LONG,SOXL,STOP_BUY,51710.53811949515,0.4881209384742378,0.0,
2011-08-31,yangbyungi,LONG,SOXL,LOC_SELL,12927.634529873787,0.4564386725127697,-413.85057793300166,loser
2011-08-31,yangbyungi,SHORT,SOXS,STOP_BUY,8.49333441827869e-08,237748758288.13824,0.0,
2011-08-31,yangbyungi,SHORT,SOXS,LOC_SELL,2.1233336045696726e-08,233508787200.0,-93.53096037807518,loser
2011-09-01,yangbyungi,LONG,SOXL,MOO_SELL,38782.90358962136,0.45710433201491835,-1215.7445611765652,
2011-09-01,yangbyungi,SHORT,SOXS,MOO_SELL,6.370000813709018e-08,233105794940.928,-306.25450660273054,
2011-09-01,yangbyungi,LONG,SOXL,STOP_BUY,55702.93167307932,0.46442508998863397,0.0,
2011-09-01,yangbyungi,LONG,SOXL,LOC_SELL,13925.73291826983,0.43361608654260636,-433.41501201832943,loser
2011-09-02,yangbyungi,LONG,SOXL,MOO_SELL,41777.19875480949,0.41395990344882005,-2121.1378908312727,
2011-09-07,yangbyungi,LONG,SOXL,STOP_BUY,50964.96995275551,0.4256672444144635,0.0,
2011-09-08,yangbyungi,LONG,SOXL,MOO_SELL,50964.96995275551,0.43578198951482777,500.1313731067821,
2011-09-08,yangbyungi,LONG,SOXL,STOP_BUY,54513.96404685459,0.4427612593469023,0.0,
2011-09-08,yangbyungi,LONG,SOXL,LOC_SELL,13628.491011713648,0.44011284226179126,-40.30521305509228,loser
2011-09-09,yangbyungi,LONG,SOXL,MOO_SELL,40885.473035140945,0.4249544108361006,-740.4583626016283,
2011-09-09,yangbyungi,LONG,SOXL,STOP_BUY,54055.77704566777,0.43176027149789026,0.0,
2011-09-09,yangbyungi,LONG,SOXL,LOC_SELL,13513.944261416942,0.42578699904680256,-84.77856706774219,loser
2011-09-12,yangbyungi,LONG,SOXL,MOO_SELL,40541.83278425083,0.41462559273839,-706.6811930421027,
2011-09-12,yangbyungi,LONG,SOXL,STOP_BUY,49069.07286344454,0.42126603213384745,0.0,
2011-09-13,yangbyungi,LONG,SOXL,MOO_SELL,49069.07286344454,0.4729304186999798,2519.7664620786454,
2011-09-13,yangbyungi,LONG,SOXL,STOP_BUY,43756.65456740636,0.4805046394877135,0.0,
2011-09-14,yangbyungi,LONG,SOXL,MOO_SELL,43756.65456740636,0.5004166424870491,856.2599951944685,
2011-09-14,yangbyungi,LONG,SOXL,STOP_BUY,43509.15761651567,0.5084310691049694,0.0,
2011-09-15,yangbyungi,LONG,SOXL,MOO_SELL,43509.15761651567,0.546393646299839,1635.656667520605,
2011-09-15,yangbyungi,LONG,SOXL,STOP_BUY,43019.14962785259,0.5551444179788232,0.0,
2011-09-15,yangbyungi,LONG,SOXL,LOC_SELL,10754.787406963147,0.5537230200171471,-19.46080464386978,loser
2011-09-16,yangbyungi,LONG,SOXL,MOO_SELL,32264.36222088944,0.5530563179552556,-79.88560199900894,
2011-09-16,yangbyungi,LONG,SOXL,STOP_BUY,45964.047541668835,0.5619137957037985,0.0,
2011-09-16,yangbyungi,LONG,SOXL,LOC_SELL,11491.011885417209,0.5555550655722619,-77.56254030592663,loser
2011-09-19,yangbyungi,LONG,SOXL,MOO_SELL,34473.035656251624,0.5300678160488606,-1111.002964516214,
2011-09-19,yangbyungi,LONG,SOXL,STOP_BUY,58875.26154553676,0.5385571212668716,0.0,
2011-09-19,yangbyungi,LONG,SOXL,LOC_SELL,14718.81538638419,0.5368984291851521,-29.95428362986513,loser
2011-09-20,yangbyungi,LONG,SOXL,MOO_SELL,44156.446159152576,0.5455600751042367,292.47078716052056,
2011-09-21,yangbyungi,LONG,SOXL,STOP_BUY,55666.109325715406,0.5380494043184816,0.0,
2011-09-21,yangbyungi,LONG,SOXL,LOC_SELL,13916.527331428852,0.4867564885616303,-718.8108727650842,loser
2011-09-21,yangbyungi,SHORT,SOXS,STOP_BUY,9.786554908480334e-08,204029012207.86176,0.0,
2011-09-22,yangbyungi,LONG,SOXL,MOO_SELL,41749.58199428656,0.44977498808503147,-3699.8544179495184,
2011-09-22,yangbyungi,SHORT,SOXS,MOO_SELL,9.786554908480334e-08,222311189823.488,1774.5919445301079,
2011-09-23,yangbyungi,LONG,SOXL,STOP_BUY,55515.440529736086,0.434637213147506,0.0,
2011-09-26,yangbyungi,LONG,SOXL,MOO_SELL,55515.440529736086,0.478593573436141,2422.512262209493,
2011-09-26,yangbyungi,SHORT,SOXS,STOP_BUY,7.377253871713519e-08,221988438408.06912,0.0,
2011-09-26,yangbyungi,SHORT,SOXS,LOC_SELL,1.8443134679283798e-08,215143580540.928,-129.06236514857483,loser
2011-09-27,yangbyungi,SHORT,SOXS,MOO_SELL,5.532940403785139e-08,201614346493.952,-1135.4895547935994,
2011-09-27,yangbyungi,LONG,SOXL,STOP_BUY,42111.2059810469,0.4937062486092746,0.0,
2011-09-27,yangbyungi,LONG,SOXL,LOC_SELL,10527.801495261725,0.4862567449957132,-82.03779483609014,loser
2011-09-28,yangbyungi,LONG,SOXL,MOO_SELL,31583.404485785177,0.4947525047659874,22.117718974324816,
2011-09-28,yangbyungi,SHORT,SOXS,STOP_BUY,7.934931099321553e-08,216796085700.03458,0.0,
2011-09-29,yangbyungi,SHORT,SOXS,MOO_SELL,7.934931099321553e-08,211862016000.0,-403.4198348477912,
2011-09-29,yangbyungi,SHORT,SOXS,STOP_BUY,7.192833461614667e-08,224798423040.0,0.0,
2011-09-30,yangbyungi,SHORT,SOXS,MOO_SELL,7.192833461614667e-08,238085694529.536,944.0782405409682,
2011-09-30,yangbyungi,LONG,SOXL,STOP_BUY,50923.71934780215,0.4116187140313535,0.0,
2011-09-30,yangbyungi,LONG,SOXL,LOC_SELL,12730.929836950538,0.3833082597702741,-363.9604626851378,loser
2011-09-30,yangbyungi,SHORT,SOXS,STOP_BUY,6.637916014796948e-08,252623333286.05185,0.0,
2011-10-03,yangbyungi,LONG,SOXL,MOO_SELL,38192.78951085161,0.3756450882107019,-1384.4568491512746,
2011-10-03,yangbyungi,SHORT,SOXS,MOO_SELL,6.637916014796948e-08,258293195964.41602,364.49074920305065,
2011-10-03,yangbyungi,LONG,SOXL,STOP_BUY,52784.4177726661,0.38166123503364613,0.0,
2011-10-03,yangbyungi,LONG,SOXL,LOC_SELL,13196.104443166525,0.3406625917851924,-544.3585295658904,loser
2011-10-03,yangbyungi,SHORT,SOXS,STOP_BUY,5.880586573959833e-08,274064715473.87903,0.0,
2011-10-04,yangbyungi,LONG,SOXL,MOO_SELL,39588.31332949958,0.3298350131064653,-2061.571140078864,
2011-10-04,yangbyungi,SHORT,SOXS,MOO_SELL,5.880586573959833e-08,290763344576.512,970.3520199719387,
2011-10-04,yangbyungi,LONG,SOXL,STOP_BUY,59383.69664907733,0.3351174883163719,0.0,
2011-10-05,yangbyungi,LONG,SOXL,MOO_SELL,59383.69664907733,0.3846405915468931,2925.90527594585,
2011-10-05,yangbyungi,LONG,SOXL,STOP_BUY,52045.05004803713,0.3908008059232681,0.0,
2011-10-06,yangbyungi,LONG,SOXL,MOO_SELL,52045.05004803713,0.4171243403553963,1355.292690325743,
2011-10-06,yangbyungi,LONG,SOXL,STOP_BUY,51279.06476494776,0.42380479846268887,0.0,
2011-10-07,yangbyungi,LONG,SOXL,MOO_SELL,51279.06476494776,0.4456100810617209,1102.5505249435955,
2011-10-07,yangbyungi,LONG,SOXL,STOP_BUY,50441.842642931624,0.4527467527701705,0.0,
2011-10-07,yangbyungi,LONG,SOXL,LOC_SELL,12610.460660732906,0.4411123293936252,-150.6606294773892,loser
2011-10-10,yangbyungi,LONG,SOXL,MOO_SELL,37831.38198219872,0.4601028231978417,266.2032838869236,
2011-10-10,yangbyungi,LONG,SOXL,STOP_BUY,48988.39798988597,0.4674716035303473,0.0,
2011-10-11,yangbyungi,LONG,SOXL,MOO_SELL,48988.39798988597,0.4685985829681158,39.15911462888835,
2011-10-11,yangbyungi,LONG,SOXL,STOP_BUY,52747.47750897409,0.47610342720709725,0.0,
2011-10-11,yangbyungi,LONG,SOXL,LOC_SELL,13186.869377243522,0.4730963346362114,-44.035077582870144,loser
2011-10-12,yangbyungi,LONG,SOXL,MOO_SELL,39560.608131730565,0.49108734130859377,579.3808248051573,
2011-10-12,yangbyungi,LONG,SOXL,STOP_BUY,50772.88554699002,0.49895235443115227,0.0,
2011-10-12,yangbyungi,LONG,SOXL,LOC_SELL,12693.221386747506,0.4855900727212429,-173.98435522333875,loser
2011-10-13,yangbyungi,LONG,SOXL,MOO_SELL,38079.664160242515,0.4774281703680754,-832.6467853121467,
2011-10-13,yangbyungi,LONG,SOXL,STOP_BUY,54500.40960544069,0.4850744249325245,0.0,
2011-10-14,yangbyungi,LONG,SOXL,MOO_SELL,54500.40960544069,0.5362317271232605,2768.6123624375614,
2011-10-18,yangbyungi,LONG,SOXL,STOP_BUY,60700.94590653386,0.4991219263232498,0.0,
2011-10-19,yangbyungi,LONG,SOXL,MOO_SELL,60700.94590653386,0.5209063967764378,1300.6671231591863,
2011-10-19,yangbyungi,SHORT,SOXS,STOP_BUY,1.1642452659530713e-07,185244899417.94815,0.0,
2011-10-19,yangbyungi,SHORT,SOXS,LOC_SELL,2.9106131648826782e-08,185120190529.536,-7.402756597051848,loser
2011-10-20,yangbyungi,SHORT,SOXS,MOO_SELL,8.731839494648035e-08,188372966400.0,261.7194888295562,
2011-10-20,yangbyungi,SHORT,SOXS,STOP_BUY,9.905668248546426e-08,199875119616.0,0.0,
2011-10-20,yangbyungi,SHORT,SOXS,LOC_SELL,2.4764170621366066e-08,194561875517.44,-134.99685017610773,loser
2011-10-21,yangbyungi,SHORT,SOXS,MOO_SELL,7.42925118640982e-08,185811053117.44,-1054.8835852989996,
2011-10-21,yangbyungi,LONG,SOXL,STOP_BUY,59413.62568611098,0.49082827796727413,0.0,
2011-10-24,yangbyungi,LONG,SOXL,MOO_SELL,59413.62568611098,0.503914936810732,756.840394651219,
2011-10-24,yangbyungi,LONG,SOXL,STOP_BUY,63590.486438363194,0.5119853903885184,0.0,
2011-10-25,yangbyungi,LONG,SOXL,MOO_SELL,63590.486438363194,0.5320668498873711,1253.7526514851525,
2011-10-25,longbyungi,LONG,SOXL,STOP_BUY,108394.12736429769,0.540588170647323,0.0,
2011-10-26,longbyungi,LONG,SOXL,MOO_SELL,108394.12736429769,0.5280688417851925,-1397.56437770732,
2011-10-26,yangbyungi,LONG,SOXL,STOP_BUY,58926.94981930628,0.5365261324153839,0.0,
2011-10-26,yangbyungi,LONG,SOXL,LOC_SELL,14731.73745482657,0.521739014774561,-223.2964643053374,loser
2011-10-26,yangbyungi,SHORT,SOXS,STOP_BUY,1.1875373551616225e-07,177486899502.12097,0.0,
2011-10-26,yangbyungi,SHORT,SOXS,LOC_SELL,2.9688433879040562e-08,169691117117.44,-235.05207991972293,loser
2011-10-27,yangbyungi,LONG,SOXL,MOO_SELL,44195.21236447971,0.5633851658403873,1170.0269014297082,
2011-10-27,yangbyungi,SHORT,SOXS,MOO_SELL,8.906530163712168e-08,154348393340.928,-2071.182284336868,
2011-10-27,longbyungi,LONG,SOXL,STOP_BUY,98376.5762526153,0.5724080653323231,0.0,
2011-10-28,longbyungi,LONG,SOXL,MOO_SELL,98376.5762526153,0.5793771386742592,645.9355353010324,
2011-10-28,longbyungi,LONG,SOXL,STOP_BUY,112710.37732029699,0.5886561577311157,0.0,
2011-10-31,longbyungi,LONG,SOXL,MOO_SELL,112710.37732029699,0.5748794167935849,-1598.6815560836767,
2011-11-03,yangbyungi,LONG,SOXL,STOP_BUY,58331.609206949564,0.5246792220327258,0.0,
2011-11-04,yangbyungi,LONG,SOXL,MOO_SELL,58331.609206949564,0.5352322399914266,593.9353001019881,
2011-11-04,yangbyungi,LONG,SOXL,STOP_BUY,60671.24871610048,0.543804256081134,0.0,
2011-11-07,yangbyungi,LONG,SOXL,MOO_SELL,60671.24871610048,0.558887443959713,891.7002543763156,
2011-11-07,longbyungi,LONG,SOXL,STOP_BUY,98555.11477935941,0.5678383101519942,0.0,
2011-11-08,longbyungi,LONG,SOXL,MOO_SELL,98555.11477935941,0.5768783910572529,851.4600211753277,
2011-11-11,yangbyungi,LONG,SOXL,STOP_BUY,58430.43398428663,0.5314485997577011,0.0,
2011-11-14,yangbyungi,LONG,SOXL,MOO_SELL,58430.43398428663,0.5527234733104706,1220.9280689890838,
2011-11-14,longbyungi,LONG,SOXL,STOP_BUY,101525.92622406645,0.5615756203830242,0.0,
2011-11-15,longbyungi,LONG,SOXL,MOO_SELL,101525.92622406645,0.5380638322532177,-2426.130736942112,
2011-11-15,longbyungi,LONG,SOXL,STOP_BUY,98930.16068706679,0.5466811977307497,0.0,
2011-11-16,longbyungi,LONG,SOXL,MOO_SELL,98930.16068706679,0.5497250119149685,263.16135147184104,
2011-11-16,longbyungi,LONG,SOXL,STOP_BUY,96733.47565319807,0.5585291371057927,0.0,
2011-11-17,longbyungi,LONG,SOXL,MOO_SELL,96733.47565319807,0.5497250119149685,-889.1754763039426,
2011-11-17,yangbyungi,SHORT,SOXS,STOP_BUY,1.2650526777567606e-07,158153018820.03455,0.0,
2011-11-18,yangbyungi,SHORT,SOXS,MOO_SELL,1.2650526777567606e-07,160422147776.51202,272.95126339178387,
2011-11-18,yangbyungi,SHORT,SOXS,STOP_BUY,1.1435591826099249e-07,170217609186.01727,0.0,
2011-11-18,yangbyungi,SHORT,SOXS,LOC_SELL,2.8588979565248123e-08,168424546623.488,-54.65033074469011,loser
2011-11-21,yangbyungi,SHORT,SOXS,MOO_SELL,8.576693869574437e-08,175793660223.488,467.8541129290734,
2011-11-22,yangbyungi,LONG,SOXL,STOP_BUY,56669.85429519848,0.4515626851802319,0.0,
2011-11-22,yangbyungi,LONG,SOXL,LOC_SELL,14167.46357379962,0.43328324189782147,-263.36095470699183,loser
2011-11-23,yangbyungi,LONG,SOXL,MOO_SELL,42502.39072139886,0.41945717203617094,-1377.518213164014,
2011-11-25,yangbyungi,LONG,SOXL,STOP_BUY,62059.55698722439,0.3946942407265305,0.0,
2011-11-25,yangbyungi,LONG,SOXL,LOC_SELL,15514.889246806097,0.37614483177661895,-291.9778444445401,loser
2011-11-28,yangbyungi,LONG,SOXL,MOO_SELL,46544.66774041829,0.4196230879724026,1147.0391668859156,
2011-11-29,yangbyungi,LONG,SOXL,STOP_BUY,61305.30200705906,0.42515946693710976,0.0,
2011-11-29,yangbyungi,LONG,SOXL,LOC_SELL,15326.325501764764,0.40529724475741385,-308.86962977188614,loser
2011-11-30,yangbyungi,LONG,SOXL,MOO_SELL,45978.9765052943,0.438280737131834,589.4075401030277,
2011-11-30,yangbyungi,LONG,SOXL,STOP_BUY,61502.23250229713,0.44530002567574367,0.0,
2011-12-01,yangbyungi,LONG,SOXL,MOO_SELL,61502.23250229713,0.4755950822532177,1843.3906265347287,
2011-12-01,longbyungi,LONG,SOXL,STOP_BUY,126579.9080309451,0.48321197898074975,0.0,
2011-12-02,longbyungi,LONG,SOXL,MOO_SELL,126579.9080309451,0.497418181091547,1754.7749302377197,
2011-12-02,longbyungi,LONG,SOXL,STOP_BUY,124268.07571609496,0.5053845858277379,0.0,
2011-12-05,longbyungi,LONG,SOXL,MOO_SELL,124268.07571609496,0.5027485209703446,-371.4262737277095,
2011-12-07,longbyungi,LONG,SOXL,STOP_BUY,123885.6376054331,0.49269072391904883,0.0,
2011-12-08,longbyungi,LONG,SOXL,MOO_SELL,123885.6376054331,0.4940858324915171,130.04731002627523,
2011-12-08,longbyungi,LONG,SOXL,STOP_BUY,119406.79668282848,0.5019988679728655,0.0,
2011-12-09,longbyungi,LONG,SOXL,MOO_SELL,119406.79668282848,0.45560507152974605,-5579.755165845505,
2011-12-09,yangbyungi,LONG,SOXL,STOP_BUY,69982.46899734765,0.46290181808553627,0.0,
2011-12-12,yangbyungi,LONG,SOXL,MOO_SELL,69982.46899734765,0.4526065803468227,-742.9104942083832,
2011-12-13,yangbyungi,LONG,SOXL,STOP_BUY,83896.36381825923,0.45765571226365853,0.0,
2011-12-13,yangbyungi,LONG,SOXL,LOC_SELL,20974.090954564806,0.4117940004765987,-968.2902854282347,loser
2011-12-13,yangbyungi,SHORT,SOXS,STOP_BUY,1.4613084142800814e-07,175165624469.9136,0.0,
2011-12-14,yangbyungi,LONG,SOXL,MOO_SELL,62922.27286369442,0.4097949964255095,-3030.608710985536,
2011-12-14,yangbyungi,SHORT,SOXS,MOO_SELL,1.4613084142800814e-07,181205357117.44,864.3643367932855,
2011-12-14,yangbyungi,LONG,SOXL,STOP_BUY,91028.9860491802,0.41635807136826214,0.0,
2011-12-14,yangbyungi,LONG,SOXL,LOC_SELL,22757.24651229505,0.39197091846168036,-561.4228201577225,loser
2011-12-15,yangbyungi,LONG,SOXL,MOO_SELL,68271.73953688514,0.4136260758191347,-206.35065007674348,
2011-12-16,yangbyungi,LONG,SOXL,STOP_BUY,92948.19244164738,0.41026504428483535,0.0,
2011-12-16,yangbyungi,LONG,SOXL,LOC_SELL,23237.048110411844,0.40013282081484797,-242.03390320050676,loser
2011-12-19,yangbyungi,LONG,SOXL,MOO_SELL,69711.14433123553,0.4042977576255798,-435.86081833701246,
2011-12-19,yangbyungi,SHORT,SOXS,STOP_BUY,1.3495985508939828e-07,193735928981.9136,0.0,
2011-12-20,yangbyungi,SHORT,SOXS,MOO_SELL,1.3495985508939828e-07,188718397693.952,-695.230888707094,
2011-12-20,yangbyungi,LONG,SOXL,STOP_BUY,80323.55427465595,0.3945246688344328,0.0,
2011-12-21,yangbyungi,LONG,SOXL,MOO_SELL,80323.55427465595,0.414292748093605,1565.103905889402,
2011-12-22,longbyungi,LONG,SOXL,STOP_BUY,179555.43775913626,0.4153425769425183,0.0,
2011-12-23,longbyungi,LONG,SOXL,MOO_SELL,179555.43775913626,0.4436110770106315,5021.782474751613,
2011-12-27,longbyungi,LONG,SOXL,STOP_BUY,178032.93637313563,0.44936206390768285,0.0,
2011-12-28,longbyungi,LONG,SOXL,MOO_SELL,178032.93637313563,0.44277848879992965,-1227.683849056004,
2012-01-03,longbyungi,LONG,SOXL,STOP_BUY,150371.4567126939,0.4671334584740548,0.0,
2012-01-04,longbyungi,LONG,SOXL,MOO_SELL,150371.4567126939,0.44594390869140627,-3234.358738730225,
2012-01-05,longbyungi,LONG,SOXL,STOP_BUY,159293.97444080122,0.4534241021396219,0.0,
2012-01-06,longbyungi,LONG,SOXL,MOO_SELL,159293.97444080122,0.4670993224829435,2127.058357635484,
2012-01-09,longbyungi,LONG,SOXL,STOP_BUY,162246.817715363,0.48710544404849404,0.0,
2012-01-10,longbyungi,LONG,SOXL,MOO_SELL,162246.817715363,0.5160748174786568,4643.221668492231,
2012-01-11,longbyungi,LONG,SOXL,STOP_BUY,159383.76799672176,0.5113080107545852,0.0,
2012-01-12,longbyungi,LONG,SOXL,MOO_SELL,159383.76799672176,0.5285685555636883,2693.041863464139,
2012-01-12,longbyungi,LONG,SOXL,STOP_BUY,152011.21143098752,0.537033849363774,0.0,
2012-01-13,longbyungi,LONG,SOXL,MOO_SELL,152011.21143098752,0.5220718594193459,-2330.7387965097296,
2012-01-18,longbyungi,LONG,SOXL,STOP_BUY,142419.90541905747,0.534664685191512,0.0,
2012-01-19,longbyungi,LONG,SOXL,MOO_SELL,142419.90541905747,0.6000328088998795,9253.160767541238,
2012-01-19,longbyungi,LONG,SOXL,STOP_BUY,141452.5905958776,0.6096426390033959,0.0,
2012-01-20,longbyungi,LONG,SOXL,MOO_SELL,141452.5905958776,0.616358639150858,889.2982493967284,
2012-01-20,longbyungi,LONG,SOXL,STOP_BUY,145632.11863551385,0.6262299357153475,0.0,
2012-01-23,longbyungi,LONG,SOXL,MOO_SELL,145632.11863551385,0.6316840290725232,730.17373432772,
2012-01-24,longbyungi,LONG,SOXL,STOP_BUY,156630.66309243036,0.6226756749607621,0.0,
2012-01-25,longbyungi,LONG,SOXL,MOO_SELL,156630.66309243036,0.6335160746276379,1629.0736366614728,
2012-01-26,longbyungi,LONG,SOXL,STOP_BUY,153655.86639194275,0.6541564258615672,0.0,
2012-01-27,longbyungi,LONG,SOXL,MOO_SELL,153655.86639194275,0.6081957538127899,-7130.01561986169,
2012-01-27,longbyungi,LONG,SOXL,STOP_BUY,152931.33139460647,0.6179363176238536,0.0,
2012-01-30,longbyungi,LONG,SOXL,MOO_SELL,152931.33139460647,0.6100278589427471,-1275.1790841303737,
2012-02-01,longbyungi,LONG,SOXL,STOP_BUY,140840.40615039316,0.6353695066049694,0.0,
2012-02-02,longbyungi,LONG,SOXL,MOO_SELL,140840.40615039316,0.6546724714040757,2655.0458895660267,
2012-02-02,longbyungi,LONG,SOXL,STOP_BUY,143569.08781989414,0.6651573834460973,0.0,
2012-02-03,longbyungi,LONG,SOXL,MOO_SELL,143569.08781989414,0.6798269358575344,2038.5098982870695,
2012-02-03,longbyungi,LONG,SOXL,STOP_BUY,144608.88585350793,0.6907147094200551,0.0,
2012-02-06,longbyungi,LONG,SOXL,MOO_SELL,144608.88585350793,0.678660520017147,-1812.4512386072165,
2012-02-07,longbyungi,LONG,SOXL,STOP_BUY,150568.063332564,0.663464569915384,0.0,
2012-02-08,longbyungi,LONG,SOXL,MOO_SELL,150568.063332564,0.6681657561957837,637.6731638582714,
2012-02-08,longbyungi,LONG,SOXL,STOP_BUY,148707.4666324326,0.6788667700450121,0.0,
2012-02-09,longbyungi,LONG,SOXL,MOO_SELL,148707.4666324326,0.7004826060831547,3142.644373410454,
2012-02-14,longbyungi,LONG,SOXL,STOP_BUY,144182.64012023783,0.6627882192738352,0.0,
2012-02-15,longbyungi,LONG,SOXL,MOO_SELL,144182.64012023783,0.6826585281193257,2797.0570668841974,
2012-02-15,longbyungi,LONG,SOXL,STOP_BUY,136729.42945423134,0.6935916510696708,0.0,
2012-02-16,longbyungi,LONG,SOXL,MOO_SELL,136729.42945423134,0.672996322721243,-2881.3859723875066,
2012-02-16,longbyungi,LONG,SOXL,STOP_BUY,125804.2169556866,0.6837747005461154,0.0,
2012-02-17,longbyungi,LONG,SOXL,MOO_SELL,125804.2169556866,0.7454600631892682,7697.347428845242,
2012-02-22,longbyungi,LONG,SOXL,STOP_BUY,153516.53057996702,0.6842824780234693,0.0,
2012-02-23,longbyungi,LONG,SOXL,MOO_SELL,153516.53057996702,0.672996322721243,-1805.5390619665122,
2012-02-24,longbyungi,LONG,SOXL,STOP_BUY,162843.79792130733,0.6905451072634755,0.0,
2012-02-27,longbyungi,LONG,SOXL,MOO_SELL,162843.79792130733,0.6576709923744202,-5430.187742364462,
2012-02-27,longbyungi,LONG,SOXL,STOP_BUY,157698.505974314,0.6682039272522925,0.0,
2012-02-28,longbyungi,LONG,SOXL,MOO_SELL,157698.505974314,0.6759948436915875,1154.4235343789187,
2012-02-28,longbyungi,LONG,SOXL,STOP_BUY,147109.92379139914,0.6868212443523107,0.0,
2012-02-29,longbyungi,LONG,SOXL,MOO_SELL,147109.92379139914,0.7079788489341736,3040.6774702467374,
2012-03-02,longbyungi,LONG,SOXL,STOP_BUY,159926.09195756796,0.6790363722015916,0.0,
2012-03-05,longbyungi,LONG,SOXL,MOO_SELL,159926.09195756796,0.6461767414212227,-5329.289987868426,
2012-03-06,longbyungi,LONG,SOXL,STOP_BUY,171127.70012261634,0.5861173914022743,0.0,
2012-03-07,longbyungi,LONG,SOXL,MOO_SELL,171127.70012261634,0.5958689444363118,1597.9661322086322,
2012-03-07,longbyungi,LONG,SOXL,STOP_BUY,144804.71402317984,0.6054120881362258,0.0,
2012-03-08,longbyungi,LONG,SOXL,MOO_SELL,144804.71402317984,0.6330163608491421,3934.4632189239783,
2012-03-08,longbyungi,LONG,SOXL,STOP_BUY,153021.14692859747,0.6431544392846524,0.0,
2012-03-09,longbyungi,LONG,SOXL,MOO_SELL,153021.14692859747,0.6393471410572529,-651.2845934224897,
2012-03-09,longbyungi,LONG,SOXL,STOP_BUY,160289.18933350194,0.6495866101522744,0.0,
2012-03-12,longbyungi,LONG,SOXL,MOO_SELL,160289.18933350194,0.6613361558318138,1809.780790406876,
2012-03-13,longbyungi,LONG,SOXL,STOP_BUY,181836.4815466229,0.6648192686542868,0.0,
2012-03-14,longbyungi,LONG,SOXL,MOO_SELL,181836.4815466229,0.691321186810732,4732.707018687855,
2012-03-14,longbyungi,LONG,SOXL,STOP_BUY,187339.01077063175,0.7023930466385184,0.0,
2012-03-15,longbyungi,LONG,SOXL,MOO_SELL,187339.01077063175,0.6899878422617912,-2415.275256763445,
2012-03-15,longbyungi,LONG,SOXL,STOP_BUY,178748.93845234968,0.7010383478996156,0.0,
2012-03-16,longbyungi,LONG,SOXL,MOO_SELL,178748.93845234968,0.7171412214040757,2789.6472125629516,
2012-03-19,longbyungi,LONG,SOXL,STOP_BUY,185785.91441772803,0.7260878358672558,0.0,
2012-03-20,longbyungi,LONG,SOXL,MOO_SELL,185785.91441772803,0.7184736127555371,-1508.5481127739768,
2012-03-26,longbyungi,LONG,SOXL,STOP_BUY,173684.2403859925,0.7513059575280546,0.0,
2012-03-27,longbyungi,LONG,SOXL,MOO_SELL,173684.2403859925,0.746293693959713,-961.5895007366489,
2012-03-27,longbyungi,LONG,SOXL,STOP_BUY,177786.00756938028,0.758245966401994,0.0,
2012-03-28,longbyungi,LONG,SOXL,MOO_SELL,177786.00756938028,0.7487924415767193,-1774.480055776512,
2012-03-29,longbyungi,LONG,SOXL,STOP_BUY,170515.27156502398,0.7206721884177625,0.0,
2012-03-30,longbyungi,LONG,SOXL,MOO_SELL,170515.27156502398,0.7481257395148277,4593.591353595897,
2012-04-02,longbyungi,LONG,SOXL,STOP_BUY,170630.26576564627,0.7396276203095912,0.0,
2012-04-03,longbyungi,LONG,SOXL,MOO_SELL,170630.26576564627,0.7296350190639497,-1792.7854423564713,
2012-04-05,longbyungi,LONG,SOXL,STOP_BUY,178554.2327307121,0.6590643563626706,0.0,
2012-04-09,longbyungi,LONG,SOXL,MOO_SELL,178554.2327307121,0.6273531763255596,-5742.558773943994,
2012-04-10,yangbyungi,LONG,SOXL,STOP_BUY,109046.68486835185,0.6367231763514876,0.0,
2012-04-10,yangbyungi,LONG,SOXL,LOC_SELL,27261.671217087962,0.5970343475043774,-1093.7558052131317,loser
2012-04-11,yangbyungi,LONG,SOXL,MOO_SELL,81785.01365126389,0.616358639150858,-1701.3831126406149,
2012-04-11,yangbyungi,LONG,SOXL,STOP_BUY,100444.24633026349,0.6262299357153475,0.0,
2012-04-11,yangbyungi,LONG,SOXL,LOC_SELL,25111.06158256587,0.6248544287085533,-45.536060936870854,loser
2012-04-12,yangbyungi,LONG,SOXL,MOO_SELL,75333.18474769761,0.6291852218806744,189.53007097409863,
2012-04-12,yangbyungi,LONG,SOXL,STOP_BUY,100309.57853705782,0.639261942680329,0.0,
2012-04-13,yangbyungi,LONG,SOXL,MOO_SELL,100309.57853705782,0.651007307946682,1132.8734119762667,
2012-04-17,longbyungi,LONG,SOXL,STOP_BUY,145862.2900951825,0.647893796621561,0.0,
2012-04-18,longbyungi,LONG,SOXL,MOO_SELL,145862.2900951825,0.6325165874958039,-2308.32219516662,
2012-04-18,longbyungi,LONG,SOXL,STOP_BUY,153402.1197560069,0.6426466618072986,0.0,
2012-04-19,longbyungi,LONG,SOXL,MOO_SELL,153402.1197560069,0.629851923942566,-2031.0613033266272,
2012-04-19,longbyungi,LONG,SOXL,STOP_BUY,150520.95906289795,0.6399393223142623,0.0,
2012-04-20,longbyungi,LONG,SOXL,MOO_SELL,150520.95906289795,0.6171912571489812,-3490.2891606742633,
2012-04-20,yangbyungi,SHORT,SOXS,STOP_BUY,3.596472104601377e-07,106229474363.96544,0.0,
2012-04-23,yangbyungi,SHORT,SOXS,MOO_SELL,3.596472104601377e-07,110910915776.51201,1656.3344674976543,
2012-04-25,yangbyungi,LONG,SOXL,STOP_BUY,119259.20766275389,0.5751154048253595,0.0,
2012-04-26,yangbyungi,LONG,SOXL,MOO_SELL,119259.20766275389,0.5800428279638291,539.4234398643748,
2012-04-26,yangbyungi,LONG,SOXL,STOP_BUY,125695.81704476828,0.5893325083726643,0.0,
2012-04-27,yangbyungi,LONG,SOXL,MOO_SELL,125695.81704476828,0.6133601777553559,2967.2668307961576,
2012-05-01,longbyungi,LONG,SOXL,STOP_BUY,172308.08488868483,0.6143820568692683,0.0,
2012-05-02,longbyungi,LONG,SOXL,MOO_SELL,172308.08488868483,0.599700023829937,-2603.051650657595,
2012-05-02,longbyungi,LONG,SOXL,STOP_BUY,176413.31979963602,0.6093045242115854,0.0,
2012-05-03,longbyungi,LONG,SOXL,MOO_SELL,176413.31979963602,0.6231882395148277,2373.172458770685,
2012-05-04,yangbyungi,LONG,SOXL,STOP_BUY,125392.82870815252,0.5763005014076829,0.0,
2012-05-04,yangbyungi,LONG,SOXL,LOC_SELL,31348.20717703813,0.5388974034488201,-1184.7558731151767,loser
2012-05-07,yangbyungi,LONG,SOXL,MOO_SELL,94044.62153111439,0.530901387244463,-4305.986743229754,
2012-05-07,yangbyungi,LONG,SOXL,STOP_BUY,101418.28966200992,0.5394040425284207,0.0,
2012-05-07,yangbyungi,LONG,SOXL,LOC_SELL,25354.57241550248,0.5355650846362114,-106.87451978077843,loser
2012-05-08,yangbyungi,LONG,SOXL,MOO_SELL,76063.71724650744,0.5254041782319546,-1093.2293643348603,
2012-05-09,yangbyungi,LONG,SOXL,STOP_BUY,106970.09719277592,0.5101229141722619,0.0,
2012-05-10,yangbyungi,LONG,SOXL,MOO_SELL,106970.09719277592,0.5322337785959244,2326.175967558236,
2012-05-11,yangbyungi,LONG,SOXL,STOP_BUY,107781.42931020675,0.5204475816442071,0.0,
2012-05-14,yangbyungi,LONG,SOXL,MOO_SELL,107781.42931020675,0.5102447638213635,-1138.5556108984165,
2012-05-14,longbyungi,LONG,SOXL,STOP_BUY,169404.0686323045,0.5184165927927195,0.0,
2012-05-15,longbyungi,LONG,SOXL,MOO_SELL,169404.0686323045,0.5085785746276379,-1727.4923103827023,
2012-05-15,longbyungi,LONG,SOXL,STOP_BUY,152738.07196751863,0.5167237187330423,0.0,
2012-05-16,longbyungi,LONG,SOXL,MOO_SELL,152738.07196751863,0.49891741178929805,-2773.995465279746,
2012-05-17,yangbyungi,SHORT,SOXS,STOP_BUY,2.263955631692259e-07,134298730722.01729,0.0,
2012-05-18,yangbyungi,SHORT,SOXS,MOO_SELL,2.263955631692259e-07,133536395329.53601,-193.8121899742655,
2012-05-18,yangbyungi,SHORT,SOXS,STOP_BUY,1.9486532567448742e-07,141690198438.05182,0.0,
2012-05-21,yangbyungi,SHORT,SOXS,MOO_SELL,1.9486532567448742e-07,140502516670.46402,-250.68434580505345,
2012-05-21,yangbyungi,LONG,SOXL,STOP_BUY,79697.85031595483,0.4217737793467193,0.0,
2012-05-22,yangbyungi,LONG,SOXL,MOO_SELL,79697.85031595483,0.4454441651254892,1862.2884706418627,
2012-05-23,yangbyungi,LONG,SOXL,STOP_BUY,89021.27792378495,0.42719048605307924,0.0,
2012-05-24,yangbyungi,LONG,SOXL,MOO_SELL,89021.27792378495,0.4417790016680956,1271.6134320640485,
2012-05-24,yangbyungi,SHORT,SOXS,STOP_BUY,2.2108990722455032e-07,139765976064.0,0.0,
2012-05-24,yangbyungi,SHORT,SOXS,LOC_SELL,5.527247680613758e-08,138660238270.46402,-66.50312381279582,loser
2012-05-25,yangbyungi,SHORT,SOXS,MOO_SELL,1.6581743041841274e-07,138458733953.02402,-232.91060504965571,
2012-05-25,longbyungi,LONG,SOXL,STOP_BUY,185828.21400097627,0.43006742770269507,0.0,
2012-05-29,longbyungi,LONG,SOXL,MOO_SELL,185828.21400097627,0.45244066441059116,4100.180402939819,
2012-05-29,longbyungi,LONG,SOXL,STOP_BUY,177014.03052163502,0.45968673137962807,0.0,
2012-05-30,longbyungi,LONG,SOXL,MOO_SELL,177014.03052163502,0.45210683678090574,-1398.2377829253528,
2012-06-04,yangbyungi,LONG,SOXL,STOP_BUY,85955.3150212728,0.38267672945939,0.0,
2012-06-04,yangbyungi,LONG,SOXL,LOC_SELL,21488.8287553182,0.37014781962335114,-274.8936591937736,loser
2012-06-05,yangbyungi,LONG,SOXL,MOO_SELL,64466.486265954605,0.37148116417229177,-738.7550241425815,
2012-06-05,yangbyungi,LONG,SOXL,STOP_BUY,88335.06998717668,0.37743062363751223,0.0,
2012-06-06,yangbyungi,LONG,SOXL,MOO_SELL,88335.06998717668,0.40662957653403287,2555.050543236721,
2012-06-06,yangbyungi,LONG,SOXL,STOP_BUY,86911.07524895242,0.41314195566996925,0.0,
2012-06-07,yangbyungi,LONG,SOXL,MOO_SELL,86911.07524895242,0.45027476143836975,3200.9879099970567,
2012-06-08,longbyungi,LONG,SOXL,STOP_BUY,200312.62411301114,0.4161884994761645,0.0,
2012-06-11,longbyungi,LONG,SOXL,MOO_SELL,200312.62411301114,0.45360609726607803,7434.236407963312,
2012-06-12,longbyungi,LONG,SOXL,STOP_BUY,190357.0083782966,0.42363622529849404,0.0,
2012-06-13,longbyungi,LONG,SOXL,MOO_SELL,190357.0083782966,0.4327834983319044,1684.1886056822113,
2012-06-13,longbyungi,LONG,SOXL,STOP_BUY,197680.6892474543,0.4397147458051889,0.0,
2012-06-14,longbyungi,LONG,SOXL,MOO_SELL,197680.6892474543,0.4254541544020176,-2878.903052233174,
2012-06-15,longbyungi,LONG,SOXL,STOP_BUY,201994.97882736585,0.4305751749155669,0.0,
2012-06-18,longbyungi,LONG,SOXL,MOO_SELL,201994.97882736585,0.4334501706063747,519.6496202122071,
2012-06-18,longbyungi,LONG,SOXL,STOP_BUY,203495.333361435,0.4403920951746403,0.0,
2012-06-19,longbyungi,LONG,SOXL,MOO_SELL,203495.333361435,0.47343016226589685,6658.006978633872,
2012-06-19,longbyungi,LONG,SOXL,STOP_BUY,223747.81604459303,0.48101238670058544,0.0,
2012-06-20,longbyungi,LONG,SOXL,MOO_SELL,223747.81604459303,0.48009283392131324,-281.0137440360122,
2012-06-20,longbyungi,LONG,SOXL,STOP_BUY,219546.40856851186,0.4877817644255607,0.0,
2012-06-21,longbyungi,LONG,SOXL,MOO_SELL,219546.40856851186,0.4874231608361006,-153.66608880157582,
2012-06-22,longbyungi,LONG,SOXL,STOP_BUY,220008.5003510117,0.4451304537836461,0.0,
2012-06-25,longbyungi,LONG,SOXL,MOO_SELL,220008.5003510117,0.4374481787085533,-1758.1269990368892,
2012-06-27,yangbyungi,LONG,SOXL,STOP_BUY,140168.32095854593,0.4222815265595912,0.0,
2012-06-28,yangbyungi,LONG,SOXL,MOO_SELL,140168.32095854593,0.41212684512138364,-1464.2998142207725,
2012-06-28,yangbyungi,LONG,SOXL,STOP_BUY,142026.31572493011,0.4187272658050059,0.0,
2012-06-28,yangbyungi,LONG,SOXL,LOC_SELL,35506.57893123253,0.4174581679850817,-55.45285135170161,loser
2012-06-29,yangbyungi,LONG,SOXL,MOO_SELL,106519.73679369758,0.4487755009531975,3168.3879408664943,
2012-06-29,longbyungi,LONG,SOXL,STOP_BUY,218667.49312430547,0.45596286846846334,0.0,
2012-07-02,longbyungi,LONG,SOXL,MOO_SELL,218667.49312430547,0.4789274308532476,4950.052746042871,
2012-07-03,longbyungi,LONG,SOXL,STOP_BUY,250708.73700367933,0.4806732126519083,0.0,
2012-07-05,longbyungi,LONG,SOXL,MOO_SELL,250708.73700367933,0.478593573436141,-605.5575187447539,
2012-07-10,yangbyungi,LONG,SOXL,STOP_BUY,159222.7794343898,0.4227892737724631,0.0,
2012-07-10,yangbyungi,LONG,SOXL,LOC_SELL,39805.69485859745,0.39596892656385896,-1079.0094906672784,loser
2012-07-10,yangbyungi,SHORT,SOXS,STOP_BUY,3.387919039963092e-07,132466139225.94817,0.0,
2012-07-10,yangbyungi,SHORT,SOXS,LOC_SELL,8.46979759990773e-08,130744197246.97601,-153.64768437323983,loser
2012-07-11,yangbyungi,LONG,SOXL,MOO_SELL,119417.08457579237,0.39946716131269927,-2819.425689281801,
2012-07-11,yangbyungi,SHORT,SOXS,MOO_SELL,2.540939279972319e-07,129045845823.488,-892.3327981589609,
2012-07-13,yangbyungi,LONG,SOXL,STOP_BUY,170958.13275763474,0.3748918573086708,0.0,
2012-07-16,yangbyungi,LONG,SOXL,MOO_SELL,170958.13275763474,0.37048167704045776,-798.5558674520216,
2012-07-17,yangbyungi,SHORT,SOXS,STOP_BUY,3.08570722298044e-07,147615598169.94815,0.0,
2012-07-17,yangbyungi,SHORT,SOXS,LOC_SELL,7.7142680574511e-08,143524999553.02402,-323.42052061026334,loser
2012-07-18,yangbyungi,SHORT,SOXS,MOO_SELL,2.31428041723533e-07,144388577787.90402,-770.4752917343503,
2012-07-18,yangbyungi,LONG,SOXL,STOP_BUY,196089.70583679256,0.3593200550224631,0.0,
2012-07-19,yangbyungi,LONG,SOXL,MOO_SELL,196089.70583679256,0.41146115583181375,10171.433328396772,
2012-07-19,longbyungi,LONG,SOXL,STOP_BUY,304526.02780817717,0.41805091516345727,0.0,
2012-07-20,longbyungi,LONG,SOXL,MOO_SELL,304526.02780817717,0.4181238274872303,-66.91924018965801,
2012-07-25,longbyungi,LONG,SOXL,STOP_BUY,252692.71929245416,0.3975711823761462,0.0,
2012-07-26,longbyungi,LONG,SOXL,MOO_SELL,252692.71929245416,0.42861859130859375,7772.383940927597,
2012-07-26,longbyungi,LONG,SOXL,STOP_BUY,255243.20639397897,0.43548313568115227,0.0,
2012-07-27,longbyungi,LONG,SOXL,MOO_SELL,255243.20639397897,0.43811383821070193,593.4260562617274,
2012-07-27,longbyungi,LONG,SOXL,STOP_BUY,276406.67049106676,0.4451304537836461,0.0,
2012-07-30,longbyungi,LONG,SOXL,MOO_SELL,276406.67049106676,0.4622687559574843,4649.357123710652,
2012-07-30,longbyungi,LONG,SOXL,STOP_BUY,282094.02025876153,0.4696722248028963,0.0,
2012-07-31,longbyungi,LONG,SOXL,MOO_SELL,282094.02025876153,0.4641008313000202,-1663.850920061741,
2012-07-31,longbyungi,LONG,SOXL,STOP_BUY,257905.98588857992,0.4715336417622864,0.0,
2012-08-01,longbyungi,LONG,SOXL,MOO_SELL,257905.98588857992,0.4679329234659672,-1013.4497198693425,
2012-08-02,longbyungi,LONG,SOXL,STOP_BUY,253921.15869850037,0.45291635492675,0.0,
2012-08-03,longbyungi,LONG,SOXL,MOO_SELL,253921.15869850037,0.47642865344882007,5887.67695791398,
2012-08-03,longbyungi,LONG,SOXL,STOP_BUY,264684.953990681,0.4840589002422987,0.0,
2012-08-06,longbyungi,LONG,SOXL,MOO_SELL,264684.953990681,0.4922537571489811,2078.6099785246915,
2012-08-07,longbyungi,LONG,SOXL,STOP_BUY,280293.5677138585,0.5091074197465181,0.0,
2012-08-08,longbyungi,LONG,SOXL,MOO_SELL,280293.5677138585,0.5164086748957635,1945.8889068507997,
2012-08-08,longbyungi,LONG,SOXL,STOP_BUY,274076.76129035995,0.5246792220327258,0.0,
2012-08-09,longbyungi,LONG,SOXL,MOO_SELL,274076.76129035995,0.5254041782319546,97.96243706176756,
2012-08-09,longbyungi,LONG,SOXL,STOP_BUY,281309.12290916865,0.5338187929223477,0.0,
2012-08-10,longbyungi,LONG,SOXL,MOO_SELL,281309.12290916865,0.5363986558318138,620.3672961468983,
2012-08-10,longbyungi,LONG,SOXL,STOP_BUY,277158.13991386635,0.5449893526634574,0.0,
2012-08-13,longbyungi,LONG,SOXL,MOO_SELL,277158.13991386635,0.5448944453895093,-132.02888167847414,
2012-08-15,longbyungi,LONG,SOXL,STOP_BUY,301169.06389535073,0.5157082243072986,0.0,
2012-08-16,longbyungi,LONG,SOXL,MOO_SELL,301169.06389535073,0.5284026396274567,3713.1063166478416,
2012-08-16,longbyungi,LONG,SOXL,STOP_BUY,299321.7981442047,0.5368652761995791,0.0,
2012-08-17,longbyungi,LONG,SOXL,MOO_SELL,299321.7981442047,0.5527234733104706,4632.555892247881,
2012-08-21,longbyungi,LONG,SOXL,STOP_BUY,314864.59481544176,0.5451579258276521,0.0,
2012-08-22,longbyungi,LONG,SOXL,MOO_SELL,314864.59481544176,0.5235710603296757,-6914.716380073689,
2012-08-24,longbyungi,LONG,SOXL,STOP_BUY,283892.3556186524,0.5128312826576827,0.0,
2012-08-27,longbyungi,LONG,SOXL,MOO_SELL,283892.3556186524,0.523737989038229,2993.3346341080032,
2012-08-28,longbyungi,LONG,SOXL,STOP_BUY,279924.7146463102,0.5155396511431037,0.0,
2012-08-29,longbyungi,LONG,SOXL,MOO_SELL,279924.7146463102,0.5105776084661484,-1489.5308337909519,
2012-08-29,longbyungi,LONG,SOXL,STOP_BUY,273739.1932882547,0.5187547681134939,0.0,
2012-08-30,longbyungi,LONG,SOXL,MOO_SELL,273739.1932882547,0.5047474952340126,-3932.4000175617402,
2012-08-31,longbyungi,LONG,SOXL,STOP_BUY,254203.72966210055,0.5062304780969022,0.0,
2012-09-04,longbyungi,LONG,SOXL,MOO_SELL,254203.72966210055,0.5057469823658467,-212.9433737842919,
2012-09-05,longbyungi,LONG,SOXL,STOP_BUY,254611.51894889993,0.5006451982263473,0.0,
2012-09-06,longbyungi,LONG,SOXL,MOO_SELL,254611.51894889993,0.4967515088170767,-1080.2602165108838,
2012-09-06,longbyungi,LONG,SOXL,STOP_BUY,254531.85675296263,0.5047072364582865,0.0,
2012-09-07,longbyungi,LONG,SOXL,MOO_SELL,254531.85675296263,0.5285685555636883,5981.41529441443,
2012-09-11,longbyungi,LONG,SOXL,STOP_BUY,282117.4376270553,0.511815788231939,0.0,
2012-09-12,longbyungi,LONG,SOXL,MOO_SELL,282117.4376270553,0.5114111796617509,-215.1816926659667,
2012-09-12,longbyungi,LONG,SOXL,STOP_BUY,275385.9263533338,0.5196016893750428,0.0,
2012-09-13,longbyungi,LONG,SOXL,MOO_SELL,275385.9263533338,0.5074131715595722,-3455.535173087468,
2012-09-13,longbyungi,LONG,SOXL,STOP_BUY,283182.58221342036,0.5155396511431037,0.0,
2012-09-14,longbyungi,LONG,SOXL,MOO_SELL,283182.58221342036,0.5334001944363117,4953.830246585014,
2012-09-14,longbyungi,LONG,SOXL,STOP_BUY,310743.892234242,0.5419428693862258,0.0,
2012-09-17,longbyungi,LONG,SOXL,MOO_SELL,310743.892234242,0.5520568308234215,3023.8679391700425,
2012-09-21,longbyungi,LONG,SOXL,STOP_BUY,331413.04684287775,0.5152004468299447,0.0,
2012-09-24,longbyungi,LONG,SOXL,MOO_SELL,331413.04684287775,0.4864236737042666,-9653.18101543939,
2012-09-27,yangbyungi,LONG,SOXL,STOP_BUY,211734.77729384153,0.44970023922845714,0.0,
2012-09-28,yangbyungi,LONG,SOXL,MOO_SELL,211734.77729384153,0.45627174380421637,1324.277036212181,
2012-10-01,yangbyungi,LONG,SOXL,STOP_BUY,220781.03862968663,0.4640869146678596,0.0,
2012-10-01,yangbyungi,LONG,SOXL,LOC_SELL,55195.25965742166,0.44527723641693595,-1055.7724817870876,loser
2012-10-02,yangbyungi,LONG,SOXL,MOO_SELL,165585.77897226496,0.45593892894685273,-1402.5106812641607,
2012-10-04,longbyungi,LONG,SOXL,STOP_BUY,322233.59872550523,0.4571479650507867,0.0,
2012-10-05,longbyungi,LONG,SOXL,MOO_SELL,322233.59872550523,0.4629354282319546,1761.1464643283398,
2012-10-05,longbyungi,LONG,SOXL,STOP_BUY,335218.32147139945,0.4703495741723477,0.0,
2012-10-08,longbyungi,LONG,SOXL,MOO_SELL,335218.32147139945,0.44644365225732324,-8121.267077855882,
2012-10-15,yangbyungi,LONG,SOXL,STOP_BUY,199702.8547732252,0.4089113442738353,0.0,
2012-10-16,yangbyungi,LONG,SOXL,MOO_SELL,199702.8547732252,0.41729123927652834,1615.74069964308,
2012-10-16,yangbyungi,LONG,SOXL,STOP_BUY,205377.76968990843,0.42397437035478636,0.0,
2012-10-17,yangbyungi,LONG,SOXL,MOO_SELL,205377.76968990843,0.42945216250419616,1063.6705412011943,
2012-10-17,longbyungi,LONG,SOXL,STOP_BUY,335617.38533855404,0.4363300569427012,0.0,
2012-10-18,longbyungi,LONG,SOXL,MOO_SELL,335617.38533855404,0.43245065368711944,-1404.0474459991965,
2012-10-23,yangbyungi,LONG,SOXL,STOP_BUY,173510.86996729567,0.38352368098542083,0.0,
2012-10-24,yangbyungi,LONG,SOXL,MOO_SELL,173510.86996729567,0.4057969883233309,3816.7264326444856,
2012-10-24,yangbyungi,SHORT,SOXS,STOP_BUY,4.004744278949862e-07,119760141401.94817,0.0,
2012-10-25,yangbyungi,SHORT,SOXS,MOO_SELL,4.004744278949862e-07,116437750976.51201,-1363.6393304074154,
2012-10-26,yangbyungi,LONG,SOXL,STOP_BUY,156164.91514787386,0.39604791047304855,0.0,
2012-10-26,yangbyungi,LONG,SOXL,LOC_SELL,39041.228786968466,0.39563506914675234,-26.9357293895755,loser
2012-10-31,yangbyungi,LONG,SOXL,MOO_SELL,117123.6863609054,0.3998000059574843,406.83483010096825,
2012-11-01,longbyungi,LONG,SOXL,STOP_BUY,297266.12773892056,0.40620300605289633,0.0,
2012-11-02,longbyungi,LONG,SOXL,MOO_SELL,297266.12773892056,0.4369484053552151,9051.841672078794,
2012-11-05,longbyungi,LONG,SOXL,STOP_BUY,320842.6138718307,0.4172039939019084,0.0,
2012-11-06,longbyungi,LONG,SOXL,MOO_SELL,320842.6138718307,0.43578198951482777,5864.826684568019,
2012-11-06,longbyungi,LONG,SOXL,STOP_BUY,297326.5261934575,0.4427612593469023,0.0,
2012-11-07,longbyungi,LONG,SOXL,MOO_SELL,297326.5261934575,0.42995190607011313,-3899.3787834153773,
2012-11-09,yangbyungi,LONG,SOXL,STOP_BUY,158911.43639558356,0.4046797341497987,0.0,
2012-11-09,yangbyungi,LONG,SOXL,LOC_SELL,39727.85909889589,0.4026315982192755,-92.5935184646678,loser
2012-11-12,yangbyungi,LONG,SOXL,MOO_SELL,119183.57729668767,0.41212684512138364,853.5008505919541,
2012-11-13,yangbyungi,LONG,SOXL,STOP_BUY,178022.97790139588,0.4019713656643777,0.0,
2012-11-13,yangbyungi,LONG,SOXL,LOC_SELL,44505.74447534897,0.39430273737013344,-353.70158145676396,loser
2012-11-14,yangbyungi,LONG,SOXL,MOO_SELL,133517.2334260469,0.4021318248659372,-16.152503016062838,
2012-11-14,yangbyungi,SHORT,SOXS,STOP_BUY,4.93474471454422e-07,116003318843.96544,0.0,
2012-11-15,yangbyungi,SHORT,SOXS,MOO_SELL,4.93474471454422e-07,116955889729.53601,429.83361646737467,
2012-11-16,yangbyungi,SHORT,SOXS,STOP_BUY,4.160763798770962e-07,127609754820.03456,0.0,
2012-11-16,yangbyungi,SHORT,SOXS,LOC_SELL,1.0401909496927405e-07,121878228353.024,-605.2712258662577,loser
2012-11-19,yangbyungi,SHORT,SOXS,MOO_SELL,3.1205728490782217e-07,115257538306.048,-3881.125125778257,
2012-11-19,yangbyungi,LONG,SOXL,STOP_BUY,186259.67020656145,0.38183080692574367,0.0,
2012-11-19,yangbyungi,LONG,SOXL,LOC_SELL,46564.91755164036,0.3806425834447146,-67.75610712231355,loser
2012-11-20,yangbyungi,LONG,SOXL,MOO_SELL,139694.7526549211,0.375811987131834,-877.8410953355851,
2012-11-23,yangbyungi,LONG,SOXL,STOP_BUY,192775.86761042435,0.3935091441442071,0.0,
2012-11-26,yangbyungi,LONG,SOXL,MOO_SELL,192775.86761042435,0.39880048903822896,966.5852408375504,
2012-11-26,longbyungi,LONG,SOXL,STOP_BUY,380533.85910135193,0.4051874813626706,0.0,
2012-11-27,longbyungi,LONG,SOXL,MOO_SELL,380533.85910135193,0.4081288370192051,1010.9623799142719,
2012-11-28,longbyungi,LONG,SOXL,STOP_BUY,366525.473038438,0.40214096782095726,0.0,
2012-11-29,longbyungi,LONG,SOXL,MOO_SELL,366525.473038438,0.4212892473787069,6912.699370577349,
2012-12-04,longbyungi,LONG,SOXL,STOP_BUY,347552.7363224129,0.42008193427942686,0.0,
2012-12-05,longbyungi,LONG,SOXL,MOO_SELL,347552.7363224129,0.4151253363043069,-1824.2766894037777,
2012-12-05,longbyungi,LONG,SOXL,STOP_BUY,333422.54500332277,0.4217737793467193,0.0,
2012-12-06,longbyungi,LONG,SOXL,MOO_SELL,333422.54500332277,0.41795791155099865,-1370.2912689700606,
2012-12-06,longbyungi,LONG,SOXL,STOP_BUY,342089.9363681892,0.42465171972423776,0.0,
2012-12-07,longbyungi,LONG,SOXL,MOO_SELL,342089.9363681892,0.4354491746574641,3590.7195199655253,
2012-12-10,longbyungi,LONG,SOXL,STOP_BUY,348973.69599983556,0.4386992513794451,0.0,
2012-12-11,longbyungi,LONG,SOXL,MOO_SELL,348973.69599983556,0.4479429127424955,3117.499492869538,
2012-12-11,longbyungi,LONG,SOXL,STOP_BUY,338360.8098196651,0.4551169459348171,0.0,
2012-12-12,longbyungi,LONG,SOXL,MOO_SELL,338360.8098196651,0.4774281703680754,7438.806115044601,
2012-12-13,longbyungi,LONG,SOXL,STOP_BUY,343575.44529668964,0.46730303036615245,0.0,
2012-12-14,longbyungi,LONG,SOXL,MOO_SELL,343575.44529668964,0.4436110770106315,-8249.51212609568,
2012-12-14,longbyungi,LONG,SOXL,STOP_BUY,329839.6342142235,0.4507157336542009,0.0,
2012-12-17,longbyungi,LONG,SOXL,MOO_SELL,329839.6342142235,0.4424456739425659,-2830.903481407062,
2012-12-17,longbyungi,LONG,SOXL,STOP_BUY,317705.20592922997,0.44953166606426226,0.0,
2012-12-18,longbyungi,LONG,SOXL,MOO_SELL,317705.20592922997,0.4567714873701334,2199.3508883739705,
2012-12-18,longbyungi,LONG,SOXL,STOP_BUY,323650.26977650315,0.4640869146678596,0.0,
2012-12-19,longbyungi,LONG,SOXL,MOO_SELL,323650.26977650315,0.4682657383233309,1246.8627377580851,
2012-12-19,longbyungi,LONG,SOXL,STOP_BUY,333337.90221513243,0.475765251886323,0.0,
2012-12-20,longbyungi,LONG,SOXL,MOO_SELL,333337.90221513243,0.4692652552425861,-2276.9503160001477,
2012-12-21,longbyungi,LONG,SOXL,STOP_BUY,304671.432573542,0.45359367403171946,0.0,
2012-12-24,longbyungi,LONG,SOXL,MOO_SELL,304671.432573542,0.46176901239156726,2393.182348519331,
2012-12-24,longbyungi,LONG,SOXL,STOP_BUY,295182.90747533244,0.4691644775900244,0.0,
2012-12-26,longbyungi,LONG,SOXL,MOO_SELL,295182.90747533244,0.4517739921361208,-5228.519911975629,
2012-12-26,longbyungi,LONG,SOXL,STOP_BUY,294054.17133787717,0.4590093820101767,0.0,
2012-12-27,longbyungi,LONG,SOXL,MOO_SELL,294054.17133787717,0.4387805104851723,-6040.783655391177,
2012-12-28,longbyungi,LONG,SOXL,STOP_BUY,279024.4475873237,0.4298978255461155,0.0,
2012-12-31,longbyungi,LONG,SOXL,MOO_SELL,279024.4475873237,0.42961807844042776,-161.99536423450627,
2012-12-31,longbyungi,LONG,SOXL,STOP_BUY,235299.35138228216,0.43649863010689605,0.0,
2013-01-02,longbyungi,LONG,SOXL,MOO_SELL,235299.35138228216,0.47509533868730064,9006.706380106727,
2013-01-02,longbyungi,LONG,SOXL,STOP_BUY,280693.49922604684,0.4827042317678778,0.0,
2013-01-03,longbyungi,LONG,SOXL,MOO_SELL,280693.49922604684,0.503081306040287,5622.866024278745,
2013-01-09,longbyungi,LONG,SOXL,STOP_BUY,380831.1462545659,0.48371972619362164,0.0,
2013-01-10,longbyungi,LONG,SOXL,MOO_SELL,380831.1462545659,0.503081306040287,7241.961047424091,
2013-01-11,longbyungi,LONG,SOXL,STOP_BUY,377976.4173594222,0.5091074197465181,0.0,
2013-01-14,longbyungi,LONG,SOXL,MOO_SELL,377976.4173594222,0.5005825584232807,-3355.7701916504884,
2013-01-14,longbyungi,LONG,SOXL,STOP_BUY,376111.0458265854,0.5085996422691642,0.0,
2013-01-15,longbyungi,LONG,SOXL,MOO_SELL,376111.0458265854,0.5050803398787975,-1457.0881859975343,
2013-01-16,longbyungi,LONG,SOXL,STOP_BUY,364419.6767220932,0.5140163792400061,0.0,
2013-01-17,longbyungi,LONG,SOXL,MOO_SELL,364419.6767220932,0.5320668498873711,6444.522018730349,
2013-01-17,longbyungi,LONG,SOXL,STOP_BUY,360519.9749591512,0.540588170647323,0.0,
2013-01-18,longbyungi,LONG,SOXL,MOO_SELL,360519.9749591512,0.540562579870224,-145.64774084521923,
2013-01-18,longbyungi,LONG,SOXL,STOP_BUY,350696.9785490839,0.5492199640595912,0.0,
2013-01-22,longbyungi,LONG,SOXL,MOO_SELL,350696.9785490839,0.5438948986828327,-2001.6575660553353,
2013-01-23,longbyungi,LONG,SOXL,STOP_BUY,375868.5046058401,0.5542974967172741,0.0,
2013-01-24,longbyungi,LONG,SOXL,MOO_SELL,375868.5046058401,0.5340658241510392,-7747.627036004647,
2013-01-24,longbyungi,LONG,SOXL,STOP_BUY,369287.290012204,0.5426191594988107,0.0,
2013-01-25,longbyungi,LONG,SOXL,MOO_SELL,369287.290012204,0.5475591089427472,1683.3544005145377,
2013-01-25,longbyungi,LONG,SOXL,STOP_BUY,356519.18898706033,0.5563285460977255,0.0,
2013-01-28,longbyungi,LONG,SOXL,MOO_SELL,356519.18898706033,0.5680488632321358,4038.216216699686,
2013-01-30,longbyungi,LONG,SOXL,STOP_BUY,343010.3000987888,0.5619137957037985,0.0,
2013-01-31,longbyungi,LONG,SOXL,MOO_SELL,343010.3000987888,0.5573881834745408,-1686.707846611127,
2013-01-31,longbyungi,LONG,SOXL,STOP_BUY,313844.8047326867,0.5663150382488966,0.0,
2013-02-01,longbyungi,LONG,SOXL,MOO_SELL,313844.8047326867,0.5670493165254593,105.95424221197027,
2013-02-01,longbyungi,LONG,SOXL,STOP_BUY,309516.28462345776,0.5761308992511034,0.0,
2013-02-04,longbyungi,LONG,SOXL,MOO_SELL,309516.28462345776,0.5697149928510189,-2109.957798592106,
2013-02-04,longbyungi,LONG,SOXL,STOP_BUY,337634.5376732634,0.5788392677365242,0.0,
2013-02-05,longbyungi,LONG,SOXL,MOO_SELL,337634.5376732634,0.5680488632321358,-3778.743401498592,
2013-02-05,longbyungi,LONG,SOXL,STOP_BUY,292414.4781514304,0.577146454205811,0.0,
2013-02-06,longbyungi,LONG,SOXL,MOO_SELL,292414.4781514304,0.5748794167935849,-780.8187272056821,
2013-02-06,longbyungi,LONG,SOXL,STOP_BUY,307778.05127887963,0.5840864025507866,0.0,
2013-02-07,longbyungi,LONG,SOXL,MOO_SELL,307778.05127887963,0.592370650112629,2422.9788902169676,
2013-02-08,longbyungi,LONG,SOXL,STOP_BUY,312049.44126668177,0.5923790521788596,0.0,
2013-02-11,longbyungi,LONG,SOXL,MOO_SELL,312049.44126668177,0.6028654139339924,3141.7219478697807,
2013-02-14,longbyungi,LONG,SOXL,STOP_BUY,318003.95982714806,0.613704677235335,0.0,
2013-02-15,longbyungi,LONG,SOXL,MOO_SELL,318003.95982714806,0.6338499320447445,6267.416244071035,
2013-02-19,longbyungi,LONG,SOXL,STOP_BUY,331863.1197521704,0.6307997514246403,0.0,
2013-02-20,longbyungi,LONG,SOXL,MOO_SELL,331863.1197521704,0.6413461748957634,3352.20658479337,
2013-02-22,longbyungi,LONG,SOXL,STOP_BUY,294689.96139327146,0.5905176049549876,0.0,
2013-02-25,longbyungi,LONG,SOXL,MOO_SELL,294689.96139327146,0.6146925095319749,6999.794533740234,
2013-02-26,longbyungi,LONG,SOXL,STOP_BUY,248954.37689160896,0.5779933754673598,0.0,
2013-02-27,longbyungi,LONG,SOXL,MOO_SELL,248954.37689160896,0.583208277642727,1197.0925397207611,
2013-02-27,longbyungi,LONG,SOXL,STOP_BUY,274792.44937225257,0.5925486543354391,0.0,
2013-02-28,longbyungi,LONG,SOXL,MOO_SELL,274792.44937225257,0.601698998093605,2399.585790755693,
2013-02-28,longbyungi,LONG,SOXL,STOP_BUY,308239.909209298,0.6113355130630731,0.0,
2013-03-01,longbyungi,LONG,SOXL,MOO_SELL,308239.909209298,0.592370650112629,-5975.588231469854,
2013-03-01,longbyungi,LONG,SOXL,STOP_BUY,289669.3709197778,0.6018577668526768,0.0,
2013-03-04,longbyungi,LONG,SOXL,MOO_SELL,289669.3709197778,0.6028654139339924,169.74450408504345,
2013-03-05,longbyungi,LONG,SOXL,STOP_BUY,309942.4856099592,0.623183452438116,0.0,
2013-03-06,longbyungi,LONG,SOXL,MOO_SELL,309942.4856099592,0.6446774809360505,6524.375229236903,
2013-03-07,longbyungi,LONG,SOXL,STOP_BUY,316057.19226683606,0.6511098820553719,0.0,
2013-03-08,longbyungi,LONG,SOXL,MOO_SELL,316057.19226683606,0.6580038370192052,2034.0698672401195,
2013-03-12,longbyungi,LONG,SOXL,STOP_BUY,361167.2566046849,0.6480633987781405,0.0,
2013-03-13,longbyungi,LONG,SOXL,MOO_SELL,361167.2566046849,0.6546724714040757,2222.3036899001454,
2013-03-13,longbyungi,LONG,SOXL,STOP_BUY,347408.70354732935,0.6651573834460973,0.0,
2013-03-14,longbyungi,LONG,SOXL,MOO_SELL,347408.70354732935,0.6694980879724026,1345.7137075130013,
2013-03-14,longbyungi,LONG,SOXL,STOP_BUY,349336.8251969734,0.6802204397915302,0.0,
2013-03-15,longbyungi,LONG,SOXL,MOO_SELL,349336.8251969734,0.6714970622360706,-3212.6686654713412,
2013-03-18,longbyungi,LONG,SOXL,STOP_BUY,376770.4543880546,0.6221679580123721,0.0,
2013-03-19,longbyungi,LONG,SOXL,MOO_SELL,376770.4543880546,0.6228553948700428,94.82509219145868,
2013-03-20,longbyungi,LONG,SOXL,STOP_BUY,310603.0220317919,0.629614654842317,0.0,
2013-03-21,longbyungi,LONG,SOXL,MOO_SELL,310603.0220317919,0.6278528901040554,-683.9100786616618,
2013-03-22,longbyungi,LONG,SOXL,STOP_BUY,323774.5159619494,0.6194595895269512,0.0,
2013-03-25,longbyungi,LONG,SOXL,MOO_SELL,323774.5159619494,0.6316840290725232,3816.181049944833,
2013-03-25,longbyungi,LONG,SOXL,STOP_BUY,327432.34582825564,0.6418007695381343,0.0,
2013-03-26,longbyungi,LONG,SOXL,MOO_SELL,327432.34582825564,0.6205225631892681,-7111.836941336951,
2013-03-26,longbyungi,LONG,SOXL,STOP_BUY,319349.44892642915,0.6304605471114814,0.0,
2013-03-27,longbyungi,LONG,SOXL,MOO_SELL,319349.44892642915,0.6221887523829938,-2781.6045903971244,
2013-03-27,longbyungi,LONG,SOXL,STOP_BUY,338553.38688938844,0.6321534211711585,0.0,
2013-03-28,longbyungi,LONG,SOXL,MOO_SELL,338553.38688938844,0.645344182997942,4314.401692886779,
2013-04-04,yangbyungi,LONG,SOXL,STOP_BUY,242088.6734378828,0.5666532135696709,0.0,
2013-04-05,yangbyungi,LONG,SOXL,MOO_SELL,242088.6734378828,0.5505575703382493,-3991.235344843677,
2013-04-05,longbyungi,LONG,SOXL,STOP_BUY,352249.8574569431,0.559375029374957,0.0,
2013-04-08,longbyungi,LONG,SOXL,MOO_SELL,352249.8574569431,0.5638849391937256,1450.1312334694958,
2013-04-08,yangbyungi,LONG,SOXL,STOP_BUY,207218.70586812522,0.572915842809677,0.0,
2013-04-09,yangbyungi,LONG,SOXL,MOO_SELL,207218.70586812522,0.5855400965511799,2531.9627136691997,
2013-04-09,longbyungi,LONG,SOXL,STOP_BUY,354869.7702123509,0.594917818507701,0.0,
2013-04-10,longbyungi,LONG,SOXL,MOO_SELL,354869.7702123509,0.6130263203382492,6276.127882853005,
2013-04-10,longbyungi,LONG,SOXL,STOP_BUY,357612.0550224182,0.622844248124957,0.0,
2013-04-11,longbyungi,LONG,SOXL,MOO_SELL,357612.0550224182,0.6393471410572529,5743.652255552297,
2013-04-11,longbyungi,LONG,SOXL,STOP_BUY,364787.37865760556,0.6495866101522744,0.0,
2013-04-12,longbyungi,LONG,SOXL,MOO_SELL,364787.37865760556,0.6245205712914467,-9306.44698596769,
2013-04-12,longbyungi,LONG,SOXL,STOP_BUY,362734.7101067253,0.6345225853434204,0.0,
2013-04-15,longbyungi,LONG,SOXL,MOO_SELL,362734.7101067253,0.6136930224001408,-7714.075370199309,
2013-04-15,longbyungi,LONG,SOXL,STOP_BUY,362338.05942234554,0.6235216277588903,0.0,
2013-04-16,longbyungi,LONG,SOXL,MOO_SELL,362338.05942234554,0.5998668929636479,-8726.158779739751,
2013-04-16,longbyungi,LONG,SOXL,STOP_BUY,248915.16233453402,0.6094740658392012,0.0,
2013-04-17,longbyungi,LONG,SOXL,MOO_SELL,248915.16233453402,0.5963686582148076,-3367.188054378901,
2013-04-18,yangbyungi,LONG,SOXL,STOP_BUY,187523.34608486725,0.5832394812892376,0.0,
2013-04-18,yangbyungi,LONG,SOXL,LOC_SELL,46880.836521216814,0.5442277433276177,-1847.4027221113574,loser
2013-04-19,yangbyungi,LONG,SOXL,MOO_SELL,140642.50956365044,0.5500578565597535,-4722.533396940853,
2013-04-19,yangbyungi,LONG,SOXL,STOP_BUY,178377.74378526062,0.5588673124265671,0.0,
2013-04-19,yangbyungi,LONG,SOXL,LOC_SELL,44594.435946315156,0.5572212547659874,-90.82498195068911,loser
2013-04-22,yangbyungi,LONG,SOXL,MOO_SELL,133783.30783894547,0.5613861915767193,284.5290579696011,
2013-04-22,yangbyungi,LONG,SOXL,STOP_BUY,175892.19006952376,0.5703770764808356,0.0,
2013-04-23,yangbyungi,LONG,SOXL,MOO_SELL,175892.19006952376,0.5830413489341736,2156.5395649352868,
2013-04-23,longbyungi,LONG,SOXL,STOP_BUY,296677.115588839,0.5923790521788596,0.0,
2013-04-24,longbyungi,LONG,SOXL,MOO_SELL,296677.115588839,0.6001997376084328,2196.3846027601394,
2013-04-24,longbyungi,LONG,SOXL,STOP_BUY,310856.314704298,0.6098122411599755,0.0,
2013-04-25,longbyungi,LONG,SOXL,MOO_SELL,310856.314704298,0.6398469144105912,9200.505286126165,
2013-04-25,longbyungi,LONG,SOXL,STOP_BUY,301283.3225138223,0.6500943876296281,0.0,
2013-04-26,longbyungi,LONG,SOXL,MOO_SELL,301283.3225138223,0.6336830033361912,-5079.849638179265,
2013-04-29,longbyungi,LONG,SOXL,STOP_BUY,297572.7529583246,0.6431544392846524,0.0,
2013-04-30,longbyungi,LONG,SOXL,MOO_SELL,297572.7529583246,0.6620018451213837,5472.541808951879,
2013-04-30,longbyungi,LONG,SOXL,STOP_BUY,289587.23472014425,0.6726041408050059,0.0,
2013-05-01,longbyungi,LONG,SOXL,MOO_SELL,289587.23472014425,0.6783276753723622,1520.5381350560638,
2013-05-02,longbyungi,LONG,SOXL,STOP_BUY,272036.5396618616,0.6820828554788231,0.0,
2013-05-03,longbyungi,LONG,SOXL,MOO_SELL,272036.5396618616,0.7071462309360504,6685.881555917091,
2013-05-08,longbyungi,LONG,SOXL,STOP_BUY,296531.71902718884,0.727780709926933,0.0,
2013-05-09,longbyungi,LONG,SOXL,MOO_SELL,296531.71902718884,0.7444605760574341,4793.311193046335,
2013-05-09,longbyungi,LONG,SOXL,STOP_BUY,295154.27825973864,0.7563834901857376,0.0,
2013-05-10,longbyungi,LONG,SOXL,MOO_SELL,295154.27825973864,0.7632851539254188,1880.0677342307172,
2013-05-10,longbyungi,LONG,SOXL,STOP_BUY,279785.14971581596,0.7755095532265304,0.0,
2013-05-13,longbyungi,LONG,SOXL,MOO_SELL,279785.14971581596,0.778777412980795,762.0953865576303,
2013-05-15,longbyungi,LONG,SOXL,STOP_BUY,287967.48307480116,0.7772013982938228,0.0,
2013-05-16,longbyungi,LONG,SOXL,MOO_SELL,287967.48307480116,0.7917709244191647,4037.4152141322847,
2013-05-17,longbyungi,LONG,SOXL,STOP_BUY,277777.69479963323,0.8005580727307497,0.0,
2013-05-20,longbyungi,LONG,SOXL,MOO_SELL,277777.69479963323,0.803764889150858,734.8062759003078,
2013-05-22,longbyungi,LONG,SOXL,STOP,268284.5264165797,0.7473507901062255,-17690.528900633333,
2013-05-23,longbyungi,LONG,SOXL,STOP_BUY,262225.34950904327,0.7458902495495975,0.0,
2013-05-24,longbyungi,LONG,SOXL,MOO_SELL,262225.34950904327,0.741296139150858,-1341.1844946893107,
2013-05-24,longbyungi,LONG,SOXL,STOP_BUY,253558.89227153777,0.7531683732153474,0.0,
2013-05-28,longbyungi,LONG,SOXL,MOO_SELL,253558.89227153777,0.7957689325213433,10664.28923817203,
2013-05-29,longbyungi,LONG,SOXL,STOP_BUY,253607.4462839274,0.7665385555011033,0.0,
2013-05-30,longbyungi,LONG,SOXL,MOO_SELL,253607.4462839274,0.790437579870224,5922.769279364293,
2013-05-30,longbyungi,LONG,SOXL,STOP_BUY,242315.4101056757,0.8030968390595912,0.0,
2013-05-31,longbyungi,LONG,SOXL,MOO_SELL,242315.4101056757,0.8022656882405281,-337.5520792907919,
2013-05-31,longbyungi,LONG,SOXL,STOP_BUY,243330.2843288544,0.8151143805912137,0.0,
2013-06-03,longbyungi,LONG,SOXL,MOO_SELL,243330.2843288544,0.7944355879724027,-5168.854775534943,
2013-06-03,longbyungi,LONG,SOXL,STOP_BUY,214332.40814498393,0.8071588772915302,0.0,
2013-06-04,longbyungi,LONG,SOXL,MOO_SELL,214332.40814498393,0.8062636367678643,-312.9121137841139,
2013-06-04,longbyungi,LONG,SOXL,STOP_BUY,211166.07285820972,0.8191763582941889,0.0,
2013-06-05,longbyungi,LONG,SOXL,MOO_SELL,211166.07285820972,0.8052641496360302,-3057.8458200553723,
2013-06-06,longbyungi,LONG,SOXL,STOP_BUY,202636.39412363168,0.7838022028546033,0.0,
2013-06-07,longbyungi,LONG,SOXL,MOO_SELL,202636.39412363168,0.781109231889248,-656.6817294900247,
2013-06-07,longbyungi,LONG,SOXL,STOP_BUY,210002.77846601987,0.7936190928491949,0.0,
2013-06-10,longbyungi,LONG,SOXL,MOO_SELL,210002.77846601987,0.8160917581021786,4601.006829733989,
2013-06-13,longbyungi,LONG,SOXL,STOP_BUY,204559.29169954802,0.743351483220756,0.0,
2013-06-14,longbyungi,LONG,SOXL,MOO_SELL,204559.29169954802,0.796934335589409,10850.592406134383,
2013-06-17,longbyungi,LONG,SOXL,STOP_BUY,214148.26462213963,0.8051278279110788,0.0,
2013-06-18,longbyungi,LONG,SOXL,MOO_SELL,214148.26462213963,0.8224215851128102,3581.440184712381,
2013-06-18,longbyungi,LONG,SOXL,STOP_BUY,213699.7377547509,0.83559308438614,0.0,
2013-06-19,longbyungi,LONG,SOXL,MOO_SELL,213699.7377547509,0.8454100870192052,1972.160410310753,
2013-06-21,longbyungi,LONG,SOXL,STOP_BUY,195659.2236964591,0.754183928170055,0.0,
2013-06-24,longbyungi,LONG,SOXL,MOO_SELL,195659.2236964591,0.7171412214040757,-7348.50466724686,
2013-06-24,longbyungi,LONG,SOXL,STOP_BUY,213158.5528923674,0.7286266021960973,0.0,
2013-06-25,longbyungi,LONG,SOXL,MOO_SELL,213158.5528923674,0.7186404818892479,-2236.60102866948,
2013-06-25,longbyungi,LONG,SOXL,STOP_BUY,198087.8150535925,0.730149874099195,0.0,
2013-06-26,longbyungi,LONG,SOXL,MOO_SELL,198087.8150535925,0.7734460603296757,8472.2015188683,
2013-06-28,longbyungi,LONG,SOXL,STOP_BUY,227249.50859389344,0.7856646185418962,0.0,
2013-07-01,longbyungi,LONG,SOXL,MOO_SELL,227249.50859389344,0.7874390588998795,278.12023619780666,
2013-07-01,longbyungi,LONG,SOXL,STOP_BUY,223410.67883381926,0.8000502952533959,0.0,
2013-07-02,longbyungi,LONG,SOXL,MOO_SELL,223410.67883381926,0.7757788920104504,-5545.710648714303,
2013-07-02,longbyungi,LONG,SOXL,STOP_BUY,228400.57786945585,0.7882033848707377,0.0,
2013-07-03,longbyungi,LONG,SOXL,MOO_SELL,228400.57786945585,0.7546224952340126,-7793.228411297168,
2013-07-03,longbyungi,LONG,SOXL,STOP_BUY,226387.4177652855,0.7667081576576827,0.0,
2013-07-05,longbyungi,LONG,SOXL,MOO_SELL,226387.4177652855,0.8045975071489812,8453.168650950043,
2013-07-05,longbyungi,LONG,SOXL,STOP_BUY,223128.58398369333,0.8174835447634755,0.0,
2013-07-08,longbyungi,LONG,SOXL,MOO_SELL,223128.58398369333,0.8414120789170265,5209.588481466257,
2013-07-10,longbyungi,LONG,SOXL,STOP_BUY,260675.73362307562,0.8066510998141765,0.0,
2013-07-11,longbyungi,LONG,SOXL,MOO_SELL,260675.73362307562,0.85807075381279,13251.972622067871,
2013-07-11,longbyungi,LONG,SOXL,STOP_BUY,256400.22022000497,0.8718131926238535,0.0,
2013-07-12,longbyungi,LONG,SOXL,MOO_SELL,256400.22022000497,0.8828913608491421,2682.9774507222464,
2013-07-16,longbyungi,LONG,SOXL,STOP_BUY,258699.93245354397,0.899401507449299,0.0,
2013-07-17,longbyungi,LONG,SOXL,MOO_SELL,258699.93245354397,0.9105445133447647,2718.8133528230537,
2013-07-23,longbyungi,LONG,SOXL,STOP_BUY,299538.23918367067,0.8804449860361218,0.0,
2013-07-24,longbyungi,LONG,SOXL,MOO_SELL,299538.23918367067,0.8662336391508579,-4439.960786373209,
2013-07-25,longbyungi,LONG,SOXL,STOP_BUY,297791.7771968033,0.8122364099492132,0.0,
2013-07-26,longbyungi,LONG,SOXL,MOO_SELL,297791.7771968033,0.8225885138213634,2912.3783130041556,
2013-07-30,longbyungi,LONG,SOXL,STOP_BUY,297324.7299208409,0.809529070456177,0.0,
2013-07-31,longbyungi,LONG,SOXL,MOO_SELL,297324.7299208409,0.8229213584661484,3811.979656575917,
2013-07-31,longbyungi,LONG,SOXL,STOP_BUY,291960.085899496,0.8361008618634939,0.0,
2013-08-01,longbyungi,LONG,SOXL,MOO_SELL,291960.085899496,0.8542396744191647,5123.080083008157,
2013-08-01,longbyungi,LONG,SOXL,STOP_BUY,285266.03138115903,0.867920756548494,0.0,
2013-08-02,longbyungi,LONG,SOXL,MOO_SELL,285266.03138115903,0.8632351777553559,-1509.4804611205182,
2013-08-12,longbyungi,LONG,SOXL,STOP_BUY,309093.58934590704,0.7990348008276521,0.0,
2013-08-13,longbyungi,LONG,SOXL,MOO_SELL,309093.58934590704,0.8145924976170064,4634.2176938367775,
2013-08-13,longbyungi,LONG,SOXL,STOP_BUY,317631.60401876824,0.8276386100788413,0.0,
2013-08-14,longbyungi,LONG,SOXL,MOO_SELL,317631.60401876824,0.8160917581021786,-3850.3803644115105,
2013-08-16,yangbyungi,LONG,SOXL,STOP_BUY,209329.96706317118,0.7540143260134755,0.0,
2013-08-16,yangbyungi,LONG,SOXL,LOC_SELL,52332.491765792794,0.749625,-257.2455848841564,loser
2013-08-19,yangbyungi,LONG,SOXL,MOO_SELL,156997.47529737838,0.7394630808234215,-2366.5740210720833,
2013-08-19,yangbyungi,LONG,SOXL,STOP_BUY,213306.910809279,0.7513059575280546,0.0,
2013-08-19,yangbyungi,LONG,SOXL,LOC_SELL,53326.72770231975,0.7344655855894089,-925.77289585564,loser
2013-08-20,yangbyungi,LONG,SOXL,MOO_SELL,159980.18310695927,0.7361317747831345,-2510.8547303021624,
2013-08-20,yangbyungi,LONG,SOXL,STOP_BUY,201358.14023365133,0.7479212989300489,0.0,
2013-08-21,yangbyungi,LONG,SOXL,MOO_SELL,201358.14023365133,0.7419618284404278,-1304.9879280599125,
2013-08-22,yangbyungi,LONG,SOXL,STOP_BUY,188675.10551869118,0.752491054110378,0.0,
2013-08-23,yangbyungi,LONG,SOXL,MOO_SELL,188675.10551869118,0.7656169728338719,2376.2838829246175,
2013-08-26,longbyungi,LONG,SOXL,STOP_BUY,304218.2789432193,0.7668777598142622,0.0,
2013-08-27,longbyungi,LONG,SOXL,MOO_SELL,304218.2789432193,0.7246375238299371,-13009.063067719573,
2013-08-28,yangbyungi,LONG,SOXL,STOP_BUY,181659.25137430325,0.7135636063796281,0.0,
2013-08-29,yangbyungi,LONG,SOXL,MOO_SELL,181659.25137430325,0.7241377504765988,1829.4809873144986,
2013-08-29,longbyungi,LONG,SOXL,STOP_BUY,257775.36722586348,0.7357351842342317,0.0,
2013-08-30,longbyungi,LONG,SOXL,MOO_SELL,257775.36722586348,0.7456269918978214,2416.213815377996,
2013-09-03,longbyungi,LONG,SOXL,STOP_BUY,240272.11213870786,0.7722934677927195,0.0,
2013-09-04,longbyungi,LONG,SOXL,MOO_SELL,240272.11213870786,0.7586205033361912,-3413.974625838542,
2013-09-04,longbyungi,LONG,SOXL,STOP_BUY,243345.7365766882,0.7707701958896218,0.0,
2013-09-05,longbyungi,LONG,SOXL,MOO_SELL,243345.7365766882,0.8080957418978215,8948.538883387053,
2013-09-05,longbyungi,LONG,SOXL,STOP_BUY,247181.86865460651,0.8210378055180608,0.0,
2013-09-06,longbyungi,LONG,SOXL,MOO_SELL,247181.86865460651,0.8285854961872101,1722.937344025151,
2013-09-09,longbyungi,LONG,SOXL,STOP_BUY,247503.09367654088,0.826792717809677,0.0,
2013-09-10,longbyungi,LONG,SOXL,MOO_SELL,247503.09367654088,0.8619018332064152,8543.329682961456,
2013-09-10,longbyungi,LONG,SOXL,STOP_BUY,244455.393254364,0.8757056286992131,0.0,
2013-09-11,longbyungi,LONG,SOXL,MOO_SELL,244455.393254364,0.8785605081021787,547.7967307251238,
2013-09-13,longbyungi,LONG,SOXL,STOP_BUY,267180.4016218278,0.8780758218638598,0.0,
2013-09-16,longbyungi,LONG,SOXL,MOO_SELL,267180.4016218278,0.9097118953466415,8285.3571747627,
2013-09-17,longbyungi,LONG,SOXL,STOP_BUY,264360.3243271145,0.9080333008615672,0.0,
2013-09-18,longbyungi,LONG,SOXL,MOO_SELL,264360.3243271145,0.9053800894021988,-869.1919351032993,
2013-09-18,longbyungi,LONG,SOXL,STOP_BUY,257481.6357403623,0.9198802112442254,0.0,
2013-09-19,longbyungi,LONG,SOXL,MOO_SELL,257481.6357403623,0.9345325023829938,3605.5788631592877,
2013-09-20,longbyungi,LONG,SOXL,STOP_BUY,283683.3473908462,0.9334209641499814,0.0,
2013-09-23,longbyungi,LONG,SOXL,MOO_SELL,283683.3473908462,0.9087124082148076,-7192.309753378591,
2013-09-24,longbyungi,LONG,SOXL,STOP_BUY,258409.18771054188,0.9190342584460972,0.0,
2013-09-25,longbyungi,LONG,SOXL,MOO_SELL,258409.18771054188,0.9172081381976604,-637.9619172150269,
2013-09-30,longbyungi,LONG,SOXL,STOP_BUY,248916.96759003447,0.881122365670055,0.0,
2013-10-01,longbyungi,LONG,SOXL,MOO_SELL,248916.96759003447,0.8993831070363522,4390.289058779366,
2013-10-01,longbyungi,LONG,SOXL,STOP_BUY,227007.70059311137,0.9137871841607986,0.0,
2013-10-02,longbyungi,LONG,SOXL,MOO_SELL,227007.70059311137,0.8950522542893887,-4396.69051946461,
2013-10-02,longbyungi,LONG,SOXL,STOP_BUY,239933.3628277243,0.9093869706080853,0.0,
2013-10-03,longbyungi,LONG,SOXL,MOO_SELL,239933.3628277243,0.9092121815681458,-194.65763571418938,
2013-10-03,longbyungi,LONG,SOXL,STOP_BUY,220961.95985985544,0.9237736763119697,0.0,
2013-10-04,longbyungi,LONG,SOXL,MOO_SELL,220961.95985985544,0.9077129210829734,-3690.457056034589,
2013-10-04,longbyungi,LONG,SOXL,STOP_BUY,205207.96904436644,0.922250404408872,0.0,
2013-10-07,longbyungi,LONG,SOXL,MOO_SELL,205207.96904436644,0.9063795765340328,-3388.1576608315227,
2013-10-07,longbyungi,LONG,SOXL,STOP_BUY,214290.56582889167,0.9208957056699691,0.0,
2013-10-08,longbyungi,LONG,SOXL,MOO_SELL,214290.56582889167,0.9160417223572731,-1177.936256897112,
2013-10-10,longbyungi,LONG,SOXL,STOP_BUY,186593.97259076656,0.899401507449299,0.0,
2013-10-11,longbyungi,LONG,SOXL,MOO_SELL,186593.97259076656,0.9078788370192051,1463.7889347391028,
2013-10-11,longbyungi,LONG,SOXL,STOP_BUY,217537.4791913467,0.9224189775730669,0.0,
2013-10-14,longbyungi,LONG,SOXL,MOO_SELL,217537.4791913467,0.9010492366552353,-4787.555007785355,
2013-10-14,longbyungi,LONG,SOXL,STOP_BUY,225792.4806949932,0.915479997691512,0.0,
2013-10-15,longbyungi,LONG,SOXL,MOO_SELL,225792.4806949932,0.9458598246276381,6712.439699428243,
2013-10-16,longbyungi,LONG,SOXL,STOP_BUY,189568.84553222562,0.9413754384572802,0.0,
2013-10-17,longbyungi,LONG,SOXL,MOO_SELL,189568.84553222562,0.9320337547659875,-1895.191198974644,
2013-10-17,longbyungi,LONG,SOXL,STOP_BUY,237422.37309623326,0.9469607485923169,0.0,
2013-10-18,longbyungi,LONG,SOXL,MOO_SELL,237422.37309623326,0.9773440565168859,7053.771515278437,
2013-10-24,longbyungi,LONG,SOXL,STOP_BUY,277363.06107400736,0.9112484178319572,0.0,
2013-10-25,longbyungi,LONG,SOXL,MOO_SELL,277363.06107400736,0.9113770717680454,-141.25129521280178,
2013-10-28,longbyungi,LONG,SOXL,STOP_BUY,279234.4406962909,0.9274965102307497,0.0,
2013-10-29,longbyungi,LONG,SOXL,MOO_SELL,279234.4406962909,0.941196186810732,3642.7903514993377,
2013-10-29,longbyungi,LONG,SOXL,STOP_BUY,269789.16574801883,0.9562699216385185,0.0,
2013-10-30,longbyungi,LONG,SOXL,MOO_SELL,269789.16574801883,0.9780107585787774,5682.795470912737,
2013-10-31,longbyungi,LONG,SOXL,STOP_BUY,262757.57252861984,0.9764104501126705,0.0,
2013-11-01,longbyungi,LONG,SOXL,MOO_SELL,262757.57252861984,0.982675409168005,1465.997807704989,
2013-11-05,longbyungi,LONG,SOXL,STOP_BUY,284754.59663718136,0.9559307173253594,0.0,
2013-11-06,longbyungi,LONG,SOXL,MOO_SELL,284754.59663718136,0.9676829234659673,3154.77947993658,
2013-11-08,longbyungi,LONG,SOXL,STOP_BUY,278177.40007273847,0.9193724337668716,0.0,
2013-11-11,longbyungi,LONG,SOXL,MOO_SELL,278177.40007273847,0.9300347209274769,2785.945175277011,
2013-11-12,longbyungi,LONG,SOXL,STOP_BUY,303447.88697357697,0.9444219822634755,0.0,
2013-11-13,longbyungi,LONG,SOXL,MOO_SELL,303447.88697357697,0.9428613632321358,-674.0087975896895,
2013-11-13,longbyungi,LONG,SOXL,STOP_BUY,291733.37089544436,0.9579617667058108,0.0,
2013-11-14,longbyungi,LONG,SOXL,MOO_SELL,291733.37089544436,0.9803425774872303,6331.3155515831895,
2013-11-15,longbyungi,LONG,SOXL,STOP_BUY,299443.8370687139,0.9877506120103596,0.0,
2013-11-18,longbyungi,LONG,SOXL,MOO_SELL,299443.8370687139,0.9895050095319748,318.1165720531135,
2013-11-21,longbyungi,LONG,SOXL,STOP_BUY,291974.519169572,0.9361283036430178,0.0,
2013-11-22,longbyungi,LONG,SOXL,MOO_SELL,291974.519169572,0.9568543618023396,5858.034919109661,
2013-11-26,longbyungi,LONG,SOXL,STOP_BUY,294969.8979903713,0.989442457077652,0.0,
2013-11-27,longbyungi,LONG,SOXL,MOO_SELL,294969.8979903713,0.9733461079895496,-4950.575688520097,
2013-11-27,longbyungi,LONG,SOXL,STOP_BUY,289972.7667276134,0.988934740129262,0.0,
2013-11-29,longbyungi,LONG,SOXL,MOO_SELL,289972.7667276134,0.9995,2861.830462845741,
2013-12-03,longbyungi,LONG,SOXL,STOP_BUY,260621.3991262437,0.9997671245495974,0.0,
2013-12-04,longbyungi,LONG,SOXL,MOO_SELL,260621.3991262437,0.9966684077382088,-989.701748471678,
2013-12-05,longbyungi,LONG,SOXL,STOP_BUY,250083.6558630831,1.005352434684634,0.0,
2013-12-06,longbyungi,LONG,SOXL,MOO_SELL,250083.6558630831,1.0396468905806542,8397.485588687006,
2013-12-16,longbyungi,LONG,SOXL,STOP_BUY,239863.34297783492,1.0043369402588902,0.0,
2013-12-17,longbyungi,LONG,SOXL,MOO_SELL,239863.34297783492,1.006496469497681,349.17807413224364,
2013-12-17,longbyungi,LONG,SOXL,STOP_BUY,231863.44219749942,1.0226160215091706,0.0,
2013-12-18,longbyungi,LONG,SOXL,MOO_SELL,231863.44219749942,1.0399797948002816,3858.6400467728963,
2013-12-18,longbyungi,LONG,SOXL,STOP_BUY,224609.0171695569,1.0566355992677807,0.0,
2013-12-19,longbyungi,LONG,SOXL,MOO_SELL,224609.0171695569,1.0568043260574342,-128.24662417170475,
2013-12-20,longbyungi,LONG,SOXL,STOP_BUY,257329.05497862946,1.0561277612614628,0.0,
2013-12-23,longbyungi,LONG,SOXL,MOO_SELL,257329.05497862946,1.085456965684891,7354.374266676197,
2013-12-30,longbyungi,LONG,SOXL,STOP_BUY,280631.76720049756,1.125012748518884,0.0,
2013-12-31,longbyungi,LONG,SOXL,MOO_SELL,280631.76720049756,1.1286023772358895,786.0112520812545,
2013-12-31,longbyungi,LONG,SOXL,STOP_BUY,253601.03579590202,1.1466775173595547,0.0,
2014-01-02,longbyungi,LONG,SOXL,MOO_SELL,253601.03579590202,1.1281026634573936,-4912.5125028677285,
2014-01-07,longbyungi,LONG,SOXL,STOP_BUY,260492.0238856586,1.1004720064920186,0.0,
2014-01-08,longbyungi,LONG,SOXL,MOO_SELL,260492.0238856586,1.1234379532933236,5779.687180494948,
2014-01-08,longbyungi,LONG,SOXL,STOP_BUY,268092.2521024549,1.1414303825452923,0.0,
2014-01-09,longbyungi,LONG,SOXL,MOO_SELL,268092.2521024549,1.1584205390810967,4339.129054679477,
2014-01-10,longbyungi,LONG,SOXL,STOP_BUY,272415.6197028672,1.1407530634403231,0.0,
2014-01-13,longbyungi,LONG,SOXL,MOO_SELL,272415.6197028672,1.1304345419406892,-3027.4738713836414,
2014-01-14,longbyungi,LONG,SOXL,STOP_BUY,267252.1982340776,1.1184119439581035,0.0,
2014-01-15,longbyungi,LONG,SOXL,MOO_SELL,267252.1982340776,1.184240633249283,17377.47578287596,
2014-01-15,longbyungi,LONG,SOXL,STOP_BUY,282755.6952499679,1.2032068482935425,0.0,
2014-01-16,longbyungi,LONG,SOXL,MOO_SELL,282755.6952499679,1.1977338584661485,-1785.1269243186107,
2014-01-17,longbyungi,LONG,SOXL,STOP_BUY,279906.6246127352,1.1850973086708783,0.0,
2014-01-21,longbyungi,LONG,SOXL,MOO_SELL,279906.6246127352,1.1754119990468026,-2942.2350926458603,
2014-01-22,longbyungi,LONG,SOXL,STOP_BUY,266356.0323261273,1.202191293338835,0.0,
2014-01-23,longbyungi,LONG,SOXL,MOO_SELL,266356.0323261273,1.1890721529722215,-3717.2867809128365,
2014-01-28,longbyungi,LONG,SOXL,STOP_BUY,215230.65236292992,1.0872703973704576,0.0,
2014-01-29,longbyungi,LONG,SOXL,MOO_SELL,215230.65236292992,1.070464479982853,-3779.692302739277,
2014-01-29,longbyungi,LONG,SOXL,STOP_BUY,234586.3388350885,1.087608512162268,0.0,
2014-01-30,longbyungi,LONG,SOXL,MOO_SELL,234586.3388350885,1.1017817831635475,3145.095384726097,
2014-01-30,longbyungi,LONG,SOXL,STOP_BUY,209499.3432110178,1.1194273778548836,0.0,
2014-01-31,longbyungi,LONG,SOXL,MOO_SELL,209499.3432110178,1.0842906094193459,-7522.7170246374735,
2014-01-31,longbyungi,LONG,SOXL,STOP_BUY,208879.9491548429,1.1016560740819572,0.0,
2014-02-03,longbyungi,LONG,SOXL,MOO_SELL,208879.9491548429,1.0979507633447647,-934.7739359144762,
2014-02-05,longbyungi,LONG,SOXL,STOP_BUY,198969.44617345923,1.0434339901462195,0.0,
2014-02-06,longbyungi,LONG,SOXL,MOO_SELL,198969.44617345923,1.0539727337956428,1950.8260382977023,
2014-02-06,longbyungi,LONG,SOXL,STOP_BUY,186807.18191041888,1.0708526422861218,0.0,
2014-02-07,longbyungi,LONG,SOXL,MOO_SELL,186807.18191041888,1.1009492843151094,5480.271013250225,
2014-02-07,longbyungi,LONG,SOXL,STOP_BUY,210479.11364106662,1.118581546114683,0.0,
2014-02-10,longbyungi,LONG,SOXL,MOO_SELL,210479.11364106662,1.131766873717308,2609.458097591152,
2014-02-10,longbyungi,LONG,SOXL,STOP_BUY,232506.69995251193,1.1498926948589085,0.0,
2014-02-11,longbyungi,LONG,SOXL,MOO_SELL,232506.69995251193,1.1617518451213837,2569.2163965601358,
2014-02-11,longbyungi,LONG,SOXL,STOP_BUY,228662.00579429275,1.1803578908050059,0.0,
2014-02-12,longbyungi,LONG,SOXL,MOO_SELL,228662.00579429275,1.2193900285959245,8733.11100728286,
2014-02-12,longbyungi,LONG,SOXL,STOP_BUY,234941.6980348971,1.2389191790539025,0.0,
2014-02-13,longbyungi,LONG,SOXL,MOO_SELL,234941.6980348971,1.2123935590982438,-6433.544645801478,
2014-02-13,longbyungi,LONG,SOXL,STOP_BUY,235386.33543252983,1.2318106575447318,0.0,
2014-02-14,longbyungi,LONG,SOXL,MOO_SELL,235386.33543252983,1.2781936151385307,10711.127166843333,
2014-02-14,longbyungi,LONG,SOXL,STOP_BUY,232792.37338769258,1.2986645348927377,0.0,
2014-02-18,longbyungi,LONG,SOXL,MOO_SELL,232792.37338769258,1.317008173942566,4057.141240713361,
2014-02-19,longbyungi,LONG,SOXL,STOP_BUY,235183.04378055193,1.3254068363910911,0.0,
2014-02-20,longbyungi,LONG,SOXL,MOO_SELL,235183.04378055193,1.3096778470277788,-3916.0961268187966,
2014-02-20,longbyungi,LONG,SOXL,STOP_BUY,207343.53116119312,1.3306530027419328,0.0,
2014-02-21,longbyungi,LONG,SOXL,MOO_SELL,207343.53116119312,1.3431610531806943,2399.4240291069727,
2014-02-24,longbyungi,LONG,SOXL,STOP_BUY,215922.18353473724,1.3582412570384141,0.0,
2014-02-25,longbyungi,LONG,SOXL,MOO_SELL,215922.18353473724,1.3275028781890872,-6840.0669877975015,
2014-02-26,longbyungi,LONG,SOXL,STOP_BUY,230007.06189750633,1.3431782612219452,0.0,
2014-02-27,longbyungi,LONG,SOXL,MOO_SELL,230007.06189750633,1.3326663489341735,-2633.2261651414447,
2014-03-03,longbyungi,LONG,SOXL,STOP_BUY,227931.9625018095,1.3135588970160486,0.0,
2014-03-04,longbyungi,LONG,SOXL,MOO_SELL,227931.9625018095,1.3511570693850519,8357.244335642143,
2014-03-04,longbyungi,LONG,SOXL,STOP_BUY,195398.61394447417,1.3727965359064933,0.0,
2014-03-05,longbyungi,LONG,SOXL,MOO_SELL,195398.61394447417,1.378810281455517,986.8964895125246,
2014-03-06,longbyungi,LONG,SOXL,STOP_BUY,217936.77185912177,1.4217104757884143,0.0,
2014-03-07,longbyungi,LONG,SOXL,MOO_SELL,217936.77185912177,1.4324503972530365,2122.914501557185,
2014-03-12,longbyungi,LONG,SOXL,STOP_BUY,211772.26353075771,1.3812598166835306,0.0,
2014-03-13,longbyungi,LONG,SOXL,MOO_SELL,211772.26353075771,1.4309511367678642,10314.801434392284,
2014-03-14,longbyungi,LONG,SOXL,STOP_BUY,202755.3194087203,1.3540096771788592,0.0,
2014-03-17,longbyungi,LONG,SOXL,MOO_SELL,202755.3194087203,1.3516567831635475,-669.0676711924607,
2014-03-17,longbyungi,LONG,SOXL,STOP_BUY,181629.7206375089,1.3733042528548833,0.0,
2014-03-18,longbyungi,LONG,SOXL,MOO_SELL,181629.7206375089,1.3871390827298165,2337.333792094316,
2014-03-18,longbyungi,LONG,SOXL,STOP_BUY,202924.82269313617,1.4093548194649814,0.0,
2014-03-19,longbyungi,LONG,SOXL,MOO_SELL,202924.82269313617,1.43211653983593,4417.106295344653,
2014-03-19,longbyungi,LONG,SOXL,STOP_BUY,214220.68645884402,1.4550526133841275,0.0,
2014-03-20,longbyungi,LONG,SOXL,MOO_SELL,214220.68645884402,1.4039646863341333,-11158.452029399283,
2014-03-20,longbyungi,LONG,SOXL,STOP_BUY,203638.7153333799,1.4264498936542866,0.0,
2014-03-21,longbyungi,LONG,SOXL,MOO_SELL,203638.7153333799,1.524737309098244,19804.781424708723,
2014-03-25,longbyungi,LONG,SOXL,STOP_BUY,206787.58811393424,1.4836564226353166,0.0,
2014-03-26,longbyungi,LONG,SOXL,MOO_SELL,206787.58811393424,1.5092449904680252,5074.7850227781455,
2014-03-26,longbyungi,LONG,SOXL,STOP_BUY,218178.70422550756,1.5334163153153655,0.0,
2014-03-27,longbyungi,LONG,SOXL,MOO_SELL,218178.70422550756,1.4221215493679047,-24507.84021906031,
2014-03-27,longbyungi,LONG,SOXL,STOP_BUY,203803.90051826494,1.4448975480687616,0.0,
2014-03-28,longbyungi,LONG,SOXL,MOO_SELL,203803.90051826494,1.4142924618721007,-6441.385869299294,
2014-03-28,longbyungi,LONG,SOXL,STOP_BUY,205599.3633811141,1.4369430737614628,0.0,
2014-03-31,longbyungi,LONG,SOXL,MOO_SELL,205599.3633811141,1.462435368657112,5032.560974982276,
2014-03-31,longbyungi,LONG,SOXL,STOP_BUY,204548.24019258417,1.4858570136433837,0.0,
2014-04-01,longbyungi,LONG,SOXL,MOO_SELL,204548.24019258417,1.530067589402199,8827.279744829284,
2014-04-01,longbyungi,LONG,SOXL,STOP_BUY,207879.53662085565,1.5545723987442253,0.0,
2014-04-02,longbyungi,LONG,SOXL,MOO_SELL,207879.53662085565,1.5825413489341735,5585.922791990219,
2014-04-03,longbyungi,LONG,SOXL,STOP_BUY,218601.1750583532,1.5909620486095546,0.0,
2014-04-04,longbyungi,LONG,SOXL,MOO_SELL,218601.1750583532,1.6100276322960854,3922.849960090476,
2014-04-07,longbyungi,LONG,SOXL,STOP_BUY,229835.57350973095,1.4335584151634573,0.0,
2014-04-08,longbyungi,LONG,SOXL,MOO_SELL,229835.57350973095,1.4076287774443628,-6188.105216819153,
2014-04-08,longbyungi,LONG,SOXL,STOP_BUY,203223.9354608487,1.4301726670441028,0.0,
2014-04-09,longbyungi,LONG,SOXL,MOO_SELL,203223.9354608487,1.4779276872873308,9498.11469228845,
2014-04-11,longbyungi,LONG,SOXL,STOP_BUY,218357.4801263327,1.3370851736095544,0.0,
2014-04-14,longbyungi,LONG,SOXL,MOO_SELL,218357.4801263327,1.3221715255379678,-3459.740619544813,
2014-04-14,longbyungi,LONG,SOXL,STOP_BUY,200976.66467014997,1.343346773857176,0.0,
2014-04-15,longbyungi,LONG,SOXL,MOO_SELL,200976.66467014997,1.336831226170063,-1498.0016749640345,
2014-04-15,longbyungi,LONG,SOXL,STOP_BUY,209302.90803802494,1.3582412570384141,0.0,
2014-04-16,longbyungi,LONG,SOXL,MOO_SELL,209302.90803802494,1.3769781167507171,3721.307946115907,
2014-04-17,longbyungi,LONG,SOXL,STOP_BUY,239719.93198635083,1.3604418480464813,0.0,
2014-04-21,longbyungi,LONG,SOXL,MOO_SELL,239719.93198635083,1.42495421397686,15231.199739018804,
2014-04-21,longbyungi,LONG,SOXL,STOP_BUY,248531.3585609192,1.447775579239726,0.0,
2014-04-22,longbyungi,LONG,SOXL,MOO_SELL,248531.3585609192,1.4659337225556375,4259.416181317938,
2014-04-22,longbyungi,LONG,SOXL,STOP_BUY,246178.4725311871,1.4894113954558967,0.0,
2014-04-23,longbyungi,LONG,SOXL,MOO_SELL,246178.4725311871,1.5032479485273362,3148.4065930858487,
2014-04-28,longbyungi,LONG,SOXL,STOP_BUY,248632.7996185768,1.4005543923595545,0.0,
2014-04-29,longbyungi,LONG,SOXL,MOO_SELL,248632.7996185768,1.3629851777553559,-9581.426309574046,
2014-04-29,longbyungi,LONG,SOXL,STOP_BUY,247137.68425458352,1.384814077438116,0.0,
2014-04-30,longbyungi,LONG,SOXL,MOO_SELL,247137.68425458352,1.353822805285454,-7895.998363936087,
2014-04-30,longbyungi,LONG,SOXL,STOP_BUY,248506.06997710446,1.3755049649208781,0.0,
2014-05-01,longbyungi,LONG,SOXL,MOO_SELL,248506.06997710446,1.3983005486130713,5423.583288713824,
2014-05-01,longbyungi,LONG,SOXL,STOP_BUY,249399.03189857522,1.420695041891634,0.0,
2014-05-02,longbyungi,LONG,SOXL,MOO_SELL,249399.03189857522,1.3691480760574342,-13099.287836826232,
2014-05-02,longbyungi,LONG,SOXL,STOP_BUY,249259.75998859017,1.3910756776857374,0.0,
2014-05-05,longbyungi,LONG,SOXL,MOO_SELL,249259.75998859017,1.375644831776619,-4087.660179278173,
2014-05-05,longbyungi,LONG,SOXL,STOP_BUY,251898.62016964352,1.397676482246518,0.0,
2014-05-06,longbyungi,LONG,SOXL,MOO_SELL,251898.62016964352,1.4034649725556374,1211.1514381548623,
2014-05-08,longbyungi,LONG,SOXL,STOP_BUY,244321.0778044356,1.3927685517454145,0.0,
2014-05-09,longbyungi,LONG,SOXL,MOO_SELL,244321.0778044356,1.4072959923744204,3309.919776649156,
2014-05-12,longbyungi,LONG,SOXL,STOP_BUY,248742.9197689556,1.4311882219988106,0.0,
2014-05-13,longbyungi,LONG,SOXL,MOO_SELL,248742.9197689556,1.4872560352683069,13692.391756707686,
2014-05-16,longbyungi,LONG,SOXL,STOP_BUY,262772.5764087466,1.3765203988176582,0.0,
2014-05-19,longbyungi,LONG,SOXL,MOO_SELL,262772.5764087466,1.392136577963829,3848.869133456552,
2014-05-19,longbyungi,LONG,SOXL,STOP_BUY,273359.9219171899,1.4144323521226643,0.0,
2014-05-20,longbyungi,LONG,SOXL,MOO_SELL,273359.9219171899,1.443444934427738,7657.447044365865,
2014-05-22,longbyungi,LONG,SOXL,STOP_BUY,276868.1628507111,1.4753628650727864,0.0,
2014-05-23,longbyungi,LONG,SOXL,MOO_SELL,276868.1628507111,1.4621016303896905,-3956.265323245141,
2014-05-23,longbyungi,LONG,SOXL,STOP_BUY,271634.1097266616,1.4855179303881525,0.0,
2014-05-27,longbyungi,LONG,SOXL,MOO_SELL,271634.1097266616,1.5448942187428476,15840.51806891925,
2014-05-29,longbyungi,LONG,SOXL,STOP_BUY,263713.19621704397,1.5940085924157497,0.0,
2014-05-30,longbyungi,LONG,SOXL,MOO_SELL,263713.19621704397,1.5733799296617508,-5732.399341326905,
2014-06-03,longbyungi,LONG,SOXL,STOP_BUY,253733.1521394209,1.6341211367288233,0.0,
2014-06-04,longbyungi,LONG,SOXL,MOO_SELL,253733.1521394209,1.6526732109189035,4415.387221381476,
2014-06-04,longbyungi,LONG,SOXL,STOP_BUY,249558.7903341509,1.6791416115429996,0.0,
2014-06-05,longbyungi,LONG,SOXL,MOO_SELL,249558.7903341509,1.6849900608062747,1165.6899027368636,
2014-06-05,longbyungi,LONG,SOXL,STOP_BUY,243827.58850131428,1.7119760321903228,0.0,
2014-06-06,longbyungi,LONG,SOXL,MOO_SELL,243827.58850131428,1.7099775369763375,-779.3166090141749,
2014-06-09,longbyungi,LONG,SOXL,STOP_BUY,238329.93681562855,1.7598745381754635,0.0,
2014-06-10,longbyungi,LONG,SOXL,MOO_SELL,238329.93681562855,1.7389630808234213,-5275.683521467319,
2014-06-11,longbyungi,LONG,SOXL,STOP_BUY,234678.7534211474,1.7647824686765667,0.0,
2014-06-12,longbyungi,LONG,SOXL,MOO_SELL,234678.7534211474,1.7779436151385308,2797.6505559150246,
2014-06-16,longbyungi,LONG,SOXL,STOP_BUY,222732.0849817255,1.844331206661165,0.0,
2014-06-17,longbyungi,LONG,SOXL,MOO_SELL,222732.0849817255,1.8499076418280602,954.0620990874013,
2014-06-17,longbyungi,LONG,SOXL,STOP_BUY,210921.2612715334,1.8795348520097133,0.0,
2014-06-18,longbyungi,LONG,SOXL,MOO_SELL,210921.2612715334,1.8902214611172679,1975.7404569934006,
2014-06-24,longbyungi,LONG,SOXL,STOP_BUY,223055.43580133567,1.8824127621227498,0.0,
2014-06-25,longbyungi,LONG,SOXL,MOO_SELL,223055.43580133567,1.8074288727641106,-17013.627850838122,
2014-06-25,longbyungi,LONG,SOXL,STOP_BUY,217034.56713249092,1.836375763890445,0.0,
2014-06-26,longbyungi,LONG,SOXL,MOO_SELL,217034.56713249092,1.829917541742325,-1680.1567815618473,
2014-06-30,longbyungi,LONG,SOXL,STOP_BUY,215982.8087598359,1.8575328157827256,0.0,
2014-07-01,longbyungi,LONG,SOXL,MOO_SELL,215982.8087598359,1.8973837869763375,8323.275588120625,
2014-07-01,longbyungi,LONG,SOXL,STOP_BUY,212429.50727014098,1.927771351728737,0.0,
2014-07-02,longbyungi,LONG,SOXL,MOO_SELL,212429.50727014098,1.9778435436487196,10346.427310763684,
2014-07-03,longbyungi,LONG,SOXL,STOP_BUY,208635.8559466615,2.012397743428945,0.0,
2014-07-07,longbyungi,LONG,SOXL,MOO_SELL,208635.8559466615,2.015991459965706,455.6148753390298,
2014-07-10,longbyungi,LONG,SOXL,STOP_BUY,218722.22969986533,1.9216783851742745,0.0,
2014-07-11,longbyungi,LONG,SOXL,MOO_SELL,218722.22969986533,1.9596866806149484,8016.129838361405,
2014-07-18,longbyungi,LONG,SOXL,STOP_BUY,183212.73975845432,1.9294642257884143,0.0,
2014-07-21,longbyungi,LONG,SOXL,MOO_SELL,183212.73975845432,1.948192429661751,3182.5929074982414,
2014-07-29,longbyungi,LONG,SOXL,STOP_BUY,236926.57899196591,1.7400721244931219,0.0,
2014-07-30,longbyungi,LONG,SOXL,MOO_SELL,236926.57899196591,1.7229710484147074,-4338.8698924906785,
2014-07-30,yangbyungi,LONG,SOXL,STOP_BUY,154349.3846121926,1.750565304600298,0.0,
2014-07-30,yangbyungi,LONG,SOXL,LOC_SELL,38587.34615304815,1.743794719696045,-308.45223130332306,loser
2014-07-31,yangbyungi,LONG,SOXL,MOO_SELL,115762.03845914445,1.6903214134573938,-7113.369064619648,
2014-08-01,yangbyungi,LONG,SOXL,STOP_BUY,126706.42292771689,1.6417374962443112,0.0,
2014-08-04,yangbyungi,LONG,SOXL,MOO_SELL,126706.42292771689,1.663667748093605,2632.1181395351596,
2014-08-05,longbyungi,LONG,SOXL,STOP_BUY,200448.7811608918,1.6723712048256396,0.0,
2014-08-06,longbyungi,LONG,SOXL,MOO_SELL,200448.7811608918,1.5962015028595926,-15497.4374158695,
2014-08-06,longbyungi,LONG,SOXL,STOP_BUY,178466.36489882192,1.62176548040539,0.0,
2014-08-07,longbyungi,LONG,SOXL,MOO_SELL,178466.36489882192,1.6698317187428475,8372.603045051335,
2014-08-08,longbyungi,LONG,SOXL,STOP_BUY,185536.94211025827,1.6121181320384144,0.0,
2014-08-11,longbyungi,LONG,SOXL,MOO_SELL,185536.94211025827,1.6473429306149483,6323.8387608675985,
2014-08-11,longbyungi,LONG,SOXL,STOP_BUY,191667.1798020177,1.6737259640935063,0.0,
2014-08-12,longbyungi,LONG,SOXL,MOO_SELL,191667.1798020177,1.6630011056065561,-2279.4427534958813,
2014-08-13,longbyungi,LONG,SOXL,STOP_BUY,208456.60897606757,1.7082532588005062,0.0,
2014-08-14,longbyungi,LONG,SOXL,MOO_SELL,208456.60897606757,1.7158087225556375,1325.1674312911928,
2014-08-15,longbyungi,LONG,SOXL,STOP_BUY,227450.02098546212,1.7867854733669755,0.0,
2014-08-18,longbyungi,LONG,SOXL,MOO_SELL,227450.02098546212,1.7976006918549539,2174.5776240781415,
2014-08-19,longbyungi,LONG,SOXL,STOP_BUY,224567.67490574447,1.8338369370326395,0.0,
2014-08-20,longbyungi,LONG,SOXL,MOO_SELL,224567.67490574447,1.8374138441681862,514.7022306079161,
2014-08-20,longbyungi,LONG,SOXL,STOP_BUY,222855.75574173103,1.8668409598365425,0.0,
2014-08-21,longbyungi,LONG,SOXL,MOO_SELL,222855.75574173103,1.8888880569934847,4620.377458879317,
2014-08-28,longbyungi,LONG,SOXL,STOP_BUY,223732.82799389056,1.912708355912268,0.0,
2014-08-29,longbyungi,LONG,SOXL,MOO_SELL,223732.82799389056,1.9515237357020379,8381.680239163514,
2014-09-04,longbyungi,LONG,SOXL,STOP_BUY,212265.65163080342,1.9956418735527988,0.0,
2014-09-05,longbyungi,LONG,SOXL,MOO_SELL,212265.65163080342,1.9655167938470839,-6688.805948175432,
2014-09-05,longbyungi,LONG,SOXL,STOP_BUY,204244.125073954,1.996995543299317,0.0,
2014-09-08,longbyungi,LONG,SOXL,MOO_SELL,204244.125073954,2.0176576491594314,3933.124468515278,
2014-09-08,longbyungi,LONG,SOXL,STOP_BUY,209921.06051752553,2.0499714608842132,0.0,
2014-09-09,longbyungi,LONG,SOXL,MOO_SELL,209921.06051752553,2.030317303180695,-4425.610119300836,
2014-09-11,longbyungi,LONG,SOXL,STOP_BUY,201129.16004415049,1.9878559118807313,0.0,
2014-09-12,longbyungi,LONG,SOXL,MOO_SELL,201129.16004415049,1.974679166316986,-2929.171240524738,
2014-09-16,longbyungi,LONG,SOXL,STOP_BUY,194219.81339682383,1.8649795731416339,0.0,
2014-09-17,longbyungi,LONG,SOXL,MOO_SELL,194219.81339682383,1.9455266937613491,15384.820200775692,
2014-09-17,longbyungi,LONG,SOXL,STOP_BUY,210586.98056463175,1.976685291610658,0.0,
2014-09-18,longbyungi,LONG,SOXL,MOO_SELL,210586.98056463175,2.012493225216866,7246.66044781293,
2014-09-18,longbyungi,LONG,SOXL,STOP_BUY,208227.86595695827,2.0447243260699515,0.0,
2014-09-19,longbyungi,LONG,SOXL,MOO_SELL,208227.86595695827,2.0864563453197484,8388.689883179788,
2014-09-23,longbyungi,LONG,SOXL,STOP_BUY,208499.27433515416,1.9221861021226645,0.0,
2014-09-24,longbyungi,LONG,SOXL,MOO_SELL,208499.27433515416,1.9212058600783346,-484.8503072021995,
2014-09-24,longbyungi,LONG,SOXL,STOP_BUY,188065.32714421506,1.9519749474272128,0.0,
2014-09-25,longbyungi,LONG,SOXL,MOO_SELL,188065.32714421506,1.9713467879295352,3384.927246476698,
2014-09-26,longbyungi,LONG,SOXL,STOP_BUY,183160.71887454763,1.9274332369369267,0.0,
2014-09-29,longbyungi,LONG,SOXL,MOO_SELL,183160.71887454763,1.873895571291447,-10049.686267509009,
2014-09-29,longbyungi,LONG,SOXL,STOP_BUY,191024.38826086363,1.9039069603434204,0.0,
2014-09-30,longbyungi,LONG,SOXL,MOO_SELL,191024.38826086363,1.9451939086914063,7629.468802730262,
2014-10-08,yangbyungi,LONG,SOXL,STOP_BUY,135886.09469266605,1.6449525526857374,0.0,
2014-10-09,yangbyungi,LONG,SOXL,MOO_SELL,135886.09469266605,1.7158087225556375,9468.529954790458,
2014-10-13,yangbyungi,LONG,SOXL,STOP_BUY,103122.33355622028,1.2797090424719453,0.0,
2014-10-13,yangbyungi,LONG,SOXL,LOC_SELL,25780.58338905507,1.1735799534916878,-2758.2063559982344,loser
2014-10-13,yangbyungi,SHORT,SOXS,STOP_BUY,5.223295298570679e-06,20212004137.512962,0.0,
2014-10-14,yangbyungi,LONG,SOXL,MOO_SELL,77341.75016716521,1.2360487034916878,-3444.8676170991093,
2014-10-14,yangbyungi,SHORT,SOXS,MOO_SELL,5.223295298570679e-06,19257565376.512,-5057.471919017669,
2014-10-14,yangbyungi,LONG,SOXL,STOP_BUY,88399.35171921155,1.2558446510866283,0.0,
2014-10-14,yangbyungi,LONG,SOXL,LOC_SELL,22099.83792980289,1.2398797233104706,-372.12660288116604,loser
2014-10-15,yangbyungi,LONG,SOXL,MOO_SELL,66299.51378940867,1.1734130247831345,-5521.547255764643,
2014-10-16,yangbyungi,LONG,SOXL,STOP_BUY,87499.04411201712,1.2211477542230484,0.0,
2014-10-17,yangbyungi,LONG,SOXL,MOO_SELL,87499.04411201712,1.386806297659874,14415.096479391563,
2014-10-17,yangbyungi,LONG,SOXL,STOP_BUY,78478.15283846062,1.4090167046731708,0.0,
2014-10-17,yangbyungi,LONG,SOXL,LOC_SELL,19619.538209615155,1.342661339402199,-1320.756952731008,loser
2014-10-20,yangbyungi,LONG,SOXL,MOO_SELL,58858.61462884546,1.3353319656848908,-4393.516652416773,
2014-10-20,longbyungi,LONG,SOXL,STOP_BUY,184504.02235017714,1.3567179851353166,0.0,
2014-10-21,longbyungi,LONG,SOXL,MOO_SELL,184504.02235017714,1.458937133908272,18678.019216566376,
2014-10-21,longbyungi,LONG,SOXL,STOP_BUY,208112.97122003147,1.4823027528887986,0.0,
2014-10-22,longbyungi,LONG,SOXL,MOO_SELL,208112.97122003147,1.5888721291422845,21954.766567735875,
2014-10-23,longbyungi,LONG,SOXL,STOP_BUY,213322.64292284727,1.5718359855687616,0.0,
2014-10-24,longbyungi,LONG,SOXL,MOO_SELL,213322.64292284727,1.5575538727641107,-3280.3474503707257,
2014-10-24,longbyungi,LONG,SOXL,STOP_BUY,227557.400838723,1.582498888890445,0.0,
2014-10-27,longbyungi,LONG,SOXL,MOO_SELL,227557.400838723,1.582708277642727,-204.4452503421926,
2014-10-27,longbyungi,LONG,SOXL,STOP_BUY,229684.4086840661,1.608056154335439,0.0,
2014-10-28,longbyungi,LONG,SOXL,MOO_SELL,229684.4086840661,1.6451770276427269,8264.55990652059,
2014-10-28,longbyungi,LONG,SOXL,STOP_BUY,225625.0975218129,1.6715253730854391,0.0,
2014-10-29,longbyungi,LONG,SOXL,MOO_SELL,225625.0975218129,1.6891550571918488,3712.310348350089,
2014-10-29,longbyungi,LONG,SOXL,STOP_BUY,246751.3156316026,1.716207733107805,0.0,
2014-10-30,longbyungi,LONG,SOXL,MOO_SELL,246751.3156316026,1.6928202206492424,-6065.313214915921,
2014-10-31,longbyungi,LONG,SOXL,STOP_BUY,229512.90215424536,1.8067574892058966,0.0,
2014-11-03,longbyungi,LONG,SOXL,MOO_SELL,229512.90215424536,1.8722304544448853,14731.358944666048,
2014-11-03,longbyungi,LONG,SOXL,STOP_BUY,232230.40941488737,1.9022151758050916,0.0,
2014-11-04,longbyungi,LONG,SOXL,MOO_SELL,232230.40941488737,1.8580704675912854,-10557.382098061964,
2014-11-04,longbyungi,LONG,SOXL,STOP_BUY,218325.7364375911,1.8878284095722428,0.0,
2014-11-05,longbyungi,LONG,SOXL,MOO_SELL,218325.7364375911,1.8990499761700632,2160.5862371242256,
2014-11-10,longbyungi,LONG,SOXL,STOP_BUY,250361.0515793807,1.8561781775727864,0.0,
2014-11-11,longbyungi,LONG,SOXL,MOO_SELL,250361.0515793807,1.8647341520190241,1816.0327263614745,
2014-11-12,longbyungi,LONG,SOXL,STOP_BUY,257421.73401007373,1.8397613909518717,0.0,
2014-11-13,longbyungi,LONG,SOXL,MOO_SELL,257421.73401007373,1.8462434315681462,1336.517921821156,
2014-11-13,longbyungi,LONG,SOXL,STOP_BUY,251191.75481738662,1.8758119575619698,0.0,
2014-11-14,longbyungi,LONG,SOXL,MOO_SELL,251191.75481738662,1.818257434427738,-14781.99358431244,
2014-11-14,longbyungi,LONG,SOXL,STOP_BUY,233855.67372306364,1.8473777504673596,0.0,
2014-11-17,longbyungi,LONG,SOXL,MOO_SELL,233855.67372306364,1.8574038251042368,2041.4199720314355,
2014-11-18,longbyungi,LONG,SOXL,STOP_BUY,225771.8068337253,1.8939214971846339,0.0,
2014-11-19,longbyungi,LONG,SOXL,MOO_SELL,225771.8068337253,1.9676826968193057,16348.054841088073,
2014-11-20,longbyungi,LONG,SOXL,STOP_BUY,231317.74156813012,1.913216072860658,0.0,
2014-11-21,longbyungi,LONG,SOXL,MOO_SELL,231317.74156813012,2.0446440995931625,30081.201175731723,
2014-11-24,longbyungi,LONG,SOXL,STOP_BUY,243017.69662821043,2.085852304279804,0.0,
2014-11-25,longbyungi,LONG,SOXL,MOO_SELL,243017.69662821043,2.1156086987257003,6873.970156803902,
2014-11-26,longbyungi,LONG,SOXL,STOP_BUY,251963.4604575879,2.1452595453268284,0.0,
2014-11-28,longbyungi,LONG,SOXL,MOO_SELL,251963.4604575879,2.2550388514995574,27272.32382602524,
2014-12-03,longbyungi,LONG,SOXL,STOP_BUY,238446.21483262512,2.2677977692741154,0.0,
2014-12-04,longbyungi,LONG,SOXL,MOO_SELL,238446.21483262512,2.380976017355919,26598.95597693161,
2014-12-05,longbyungi,LONG,SOXL,STOP_BUY,243097.48559444136,2.414876856306195,0.0,
2014-12-08,longbyungi,LONG,SOXL,MOO_SELL,243097.48559444136,2.427618591308594,2685.4642776327673,
2014-12-11,longbyungi,LONG,SOXL,STOP_BUY,174013.67446077833,2.2639043042063713,0.0,
2014-12-12,longbyungi,LONG,SOXL,MOO_SELL,174013.67446077833,2.165583651065826,-17378.91514464683,
2014-12-12,longbyungi,LONG,SOXL,STOP_BUY,160507.20533418885,2.2002665728211395,0.0,
2014-12-15,longbyungi,LONG,SOXL,MOO_SELL,160507.20533418885,2.1497574750185016,-8351.447703321988,
2014-12-15,longbyungi,LONG,SOXL,STOP_BUY,151842.72739767155,2.1841869325286143,0.0,
2014-12-16,longbyungi,LONG,SOXL,MOO_SELL,151842.72739767155,2.0266532120704652,-24144.134679734765,
2014-12-16,longbyungi,LONG,SOXL,STOP_BUY,159383.71644108897,2.059111092302799,0.0,
2014-12-17,longbyungi,LONG,SOXL,MOO_SELL,159383.71644108897,2.022655263543129,-6038.16395565978,
2014-12-17,longbyungi,LONG,SOXL,STOP_BUY,136860.5172954316,2.0550491145998238,0.0,
2014-12-18,longbyungi,LONG,SOXL,MOO_SELL,136860.5172954316,2.248208238363266,26229.726489013352,
2014-12-22,longbyungi,LONG,SOXL,STOP_BUY,181816.51630008678,2.316034511108994,0.0,
2014-12-23,longbyungi,LONG,SOXL,MOO_SELL,181816.51630008678,2.3988000953197486,14748.11800966569,
2014-12-30,longbyungi,LONG,SOXL,STOP_BUY,203840.00075993568,2.3195887718635797,0.0,
2014-12-31,longbyungi,LONG,SOXL,MOO_SELL,203840.00075993568,2.297017906785012,-4930.212342877116,
2014-12-31,longbyungi,LONG,SOXL,STOP_BUY,190062.08293713906,2.333805814881921,0.0,
2015-01-02,longbyungi,LONG,SOXL,MOO_SELL,190062.08293713906,2.286023488759995,-9388.927463407395,
2015-01-02,longbyungi,LONG,SOXL,STOP_BUY,155825.4770763187,2.3226353156697748,0.0,
2015-01-05,longbyungi,LONG,SOXL,MOO_SELL,155825.4770763187,2.184407156586647,-21785.27804971463,
2015-01-05,longbyungi,LONG,SOXL,STOP_BUY,169380.40956029872,2.219391546340584,0.0,
2015-01-06,longbyungi,LONG,SOXL,MOO_SELL,169380.40956029872,2.1164413167238236,-17694.793857959565,
2015-01-07,longbyungi,LONG,SOXL,STOP_BUY,150182.78630204467,2.0415083011651034,0.0,
2015-01-08,longbyungi,LONG,SOXL,MOO_SELL,150182.78630204467,2.1156086987257003,10910.089576830156,
2015-01-08,longbyungi,LONG,SOXL,STOP_BUY,159161.26712348108,2.149491246244311,0.0,
2015-01-09,longbyungi,LONG,SOXL,MOO_SELL,159161.26712348108,2.2447100036144256,14910.352753327694,
2015-01-13,longbyungi,LONG,SOXL,STOP,159519.41942378218,1.9955301794849452,-28086.17224570189,
2015-01-14,longbyungi,LONG,SOXL,STOP_BUY,157410.35162620223,1.992425727590024,0.0,
2015-01-15,longbyungi,LONG,SOXL,MOO_SELL,157410.35162620223,2.0333158241510394,6214.731790073274,
2015-01-15,longbyungi,LONG,SOXL,STOP_BUY,146991.20960088685,2.0658804094988104,0.0,
2015-01-16,longbyungi,LONG,SOXL,MOO_SELL,146991.20960088685,1.9280355200171473,-20467.46172894357,
2015-01-16,yangbyungi,LONG,SOXL,STOP_BUY,85871.62307271267,1.9589139878377317,0.0,
2015-01-20,yangbyungi,LONG,SOXL,MOO_SELL,85871.62307271267,2.0289849714040757,5897.25251444531,
2015-01-20,longbyungi,LONG,SOXL,STOP_BUY,146984.53455361343,2.061480195946097,0.0,
2015-01-21,longbyungi,LONG,SOXL,MOO_SELL,146984.53455361343,2.0591369906663894,-556.3983871380915,
2015-01-21,longbyungi,LONG,SOXL,STOP_BUY,152390.40885653722,2.0921151151067017,0.0,
2015-01-22,longbyungi,LONG,SOXL,MOO_SELL,152390.40885653722,2.1505912845134736,8684.91564724833,
2015-01-22,longbyungi,LONG,SOXL,STOP_BUY,156489.62158231926,2.185034095906019,0.0,
2015-01-23,longbyungi,LONG,SOXL,MOO_SELL,156489.62158231926,2.1600863229036333,-4142.055743989185,
2015-01-23,longbyungi,LONG,SOXL,STOP_BUY,177696.53293232177,2.194681202157139,0.0,
2015-01-26,longbyungi,LONG,SOXL,MOO_SELL,177696.53293232177,2.163084843873978,-5885.589291403769,
2015-01-28,longbyungi,LONG,SOXL,STOP_BUY,169550.2929932636,2.166415628755688,0.0,
2015-01-29,longbyungi,LONG,SOXL,MOO_SELL,169550.2929932636,2.0009990934133532,-28293.72726873227,
2015-01-29,yangbyungi,LONG,SOXL,STOP_BUY,100830.24588598748,2.033046109909415,0.0,
2015-01-30,yangbyungi,LONG,SOXL,MOO_SELL,100830.24588598748,1.983340871810913,-5153.532029722555,
2015-01-30,yangbyungi,LONG,SOXL,STOP_BUY,109693.20691888295,2.015105082921981,0.0,
2015-01-30,yangbyungi,LONG,SOXL,LOC_SELL,27423.301729720737,1.9120434876084327,-2863.9826080952917,loser
2015-02-02,yangbyungi,LONG,SOXL,MOO_SELL,82269.90518916221,1.9310340409874922,-7030.143621160038,
2015-02-02,yangbyungi,SHORT,SOXS,STOP_BUY,9.584950926057584e-06,11552989336.50432,0.0,
2015-02-02,yangbyungi,SHORT,SOXS,LOC_SELL,2.396237731514396e-06,10873760655.872,-1646.4023314423503,loser
2015-02-03,yangbyungi,SHORT,SOXS,MOO_SELL,7.188713194543188e-06,10715439344.128,-6076.9351527625695,
2015-02-03,yangbyungi,LONG,SOXL,STOP_BUY,88651.44903069871,1.9898869007322189,0.0,
2015-02-04,yangbyungi,LONG,SOXL,MOO_SELL,88651.44903069871,2.019322885155678,2485.1448828392604,
2015-02-04,longbyungi,LONG,SOXL,STOP_BUY,161507.09074615894,2.051663366480469,0.0,
2015-02-05,longbyungi,LONG,SOXL,MOO_SELL,161507.09074615894,2.0681323152780533,2426.970332684985,
2015-02-05,longbyungi,LONG,SOXL,STOP_BUY,149848.15344228892,2.1012545044094324,0.0,
2015-02-06,longbyungi,LONG,SOXL,MOO_SELL,149848.15344228892,2.1274357347488406,3701.427522871527,
2015-02-06,longbyungi,LONG,SOXL,STOP_BUY,159685.0044101661,2.1615076982545847,0.0,
2015-02-09,longbyungi,LONG,SOXL,MOO_SELL,159685.0044101661,2.046809049367905,-18550.856030750787,
2015-02-10,longbyungi,LONG,SOXL,STOP_BUY,142138.57465784292,2.121395153941512,0.0,
2015-02-11,longbyungi,LONG,SOXL,MOO_SELL,142138.57465784292,2.215224745988846,13121.064134341781,
2015-02-11,longbyungi,LONG,SOXL,STOP_BUY,148294.89341590487,2.25070269508481,0.0,
2015-02-12,longbyungi,LONG,SOXL,MOO_SELL,148294.89341590487,2.282025301933289,4409.719498783059,
2015-02-12,longbyungi,LONG,SOXL,STOP_BUY,147590.87747819093,2.3185730958509447,0.0,
2015-02-13,longbyungi,LONG,SOXL,MOO_SELL,147590.87747819093,2.387805438995362,9974.945786359895,
2015-02-19,longbyungi,LONG,SOXL,STOP_BUY,158373.19072755123,2.4208002207040784,0.0,
2015-02-20,longbyungi,LONG,SOXL,MOO_SELL,158373.19072755123,2.402630995988846,-3144.883858412213,
2015-02-20,longbyungi,LONG,SOXL,STOP_BUY,157688.26414440916,2.4411103513348102,0.0,
2015-02-23,longbyungi,LONG,SOXL,MOO_SELL,157688.26414440916,2.4619353686571124,3013.257363318873,
2015-02-24,longbyungi,LONG,SOXL,STOP_BUY,166357.53946846738,2.444834335303902,0.0,
2015-02-25,longbyungi,LONG,SOXL,MOO_SELL,166357.53946846738,2.5120764156579973,10897.610219884955,
2015-02-26,longbyungi,LONG,SOXL,STOP_BUY,171901.7526342821,2.5440158848142618,0.0,
2015-02-27,longbyungi,LONG,SOXL,MOO_SELL,171901.7526342821,2.526236164212227,-3361.4199575714883,
2015-03-02,longbyungi,LONG,SOXL,STOP_BUY,173452.46034811536,2.5983454721456765,0.0,
2015-03-03,longbyungi,LONG,SOXL,MOO_SELL,173452.46034811536,2.684823918223381,14679.166684041324,
2015-03-09,longbyungi,LONG,SOXL,STOP_BUY,162310.51181740547,2.508303554053902,0.0,
2015-03-10,longbyungi,LONG,SOXL,MOO_SELL,162310.51181740547,2.441611530303956,-11106.014646770549,
2015-03-11,longbyungi,LONG,SOXL,STOP_BUY,149625.35589872664,2.4246936857718224,0.0,
2015-03-12,longbyungi,LONG,SOXL,MOO_SELL,149625.35589872664,2.3043472805023195,-18254.52827275527,
2015-03-12,longbyungi,LONG,SOXL,STOP_BUY,147760.3846064829,2.3412525722408293,0.0,
2015-03-13,longbyungi,LONG,SOXL,MOO_SELL,147760.3846064829,2.3879724868535996,6658.775312197104,
2015-03-13,longbyungi,LONG,SOXL,STOP_BUY,158128.86322485004,2.426217078732848,0.0,
2015-03-16,longbyungi,LONG,SOXL,MOO_SELL,158128.86322485004,2.4389468667507175,1743.6839129233267,
2015-03-16,longbyungi,LONG,SOXL,STOP_BUY,149739.1404686411,2.478007839206457,0.0,
2015-03-17,longbyungi,LONG,SOXL,MOO_SELL,149739.1404686411,2.4805920646190645,127.08592142671114,
2015-03-18,longbyungi,LONG,SOXL,STOP_BUY,150824.97947584477,2.5142269184517856,0.0,
2015-03-19,longbyungi,LONG,SOXL,MOO_SELL,150824.97947584477,2.528734971404076,1921.9651705264114,
2015-03-20,longbyungi,LONG,SOXL,STOP_BUY,160021.61325022564,2.647766160512566,0.0,
2015-03-23,longbyungi,LONG,SOXL,MOO_SELL,160021.61325022564,2.658836895346642,1474.3469343572506,
2015-03-27,yangbyungi,LONG,SOXL,STOP_BUY,125864.18211064566,2.1046392840653656,0.0,
2015-03-30,yangbyungi,LONG,SOXL,MOO_SELL,125864.18211064566,2.298849952340126,24250.18236965401,
2015-03-30,longbyungi,LONG,SOXL,STOP_BUY,178133.78024636302,2.3356672015768285,0.0,
2015-03-31,longbyungi,LONG,SOXL,MOO_SELL,178133.78024636302,2.306013469696045,-5571.7254019707325,
2015-04-02,longbyungi,LONG,SOXL,STOP_BUY,181312.8425534213,2.2642435085195296,0.0,
2015-04-06,longbyungi,LONG,SOXL,MOO_SELL,181312.8425534213,2.135264822244644,-23664.682813756343,
2015-04-06,longbyungi,LONG,SOXL,STOP_BUY,185990.27608197584,2.1694621725618837,0.0,
2015-04-07,longbyungi,LONG,SOXL,MOO_SELL,185990.27608197584,2.2492079042196274,14544.29026375938,
2015-04-07,longbyungi,LONG,SOXL,STOP_BUY,180909.2194591653,2.285230110849738,0.0,
2015-04-08,longbyungi,LONG,SOXL,MOO_SELL,180909.2194591653,2.225386784315109,-11111.813756843912,
2015-04-08,longbyungi,LONG,SOXL,STOP_BUY,178362.1492902867,2.261027483614683,0.0,
2015-04-09,longbyungi,LONG,SOXL,MOO_SELL,178362.1492902867,2.240212341308594,-3993.631302872731,
2015-04-09,longbyungi,LONG,SOXL,STOP_BUY,185815.35272426967,2.276090479431152,0.0,
2015-04-10,longbyungi,LONG,SOXL,MOO_SELL,185815.35272426967,2.380808969497681,19155.439973668545,
2015-04-13,longbyungi,LONG,SOXL,STOP_BUY,200769.52117989113,2.4319709620320795,0.0,
2015-04-14,longbyungi,LONG,SOXL,MOO_SELL,200769.52117989113,2.3668160305023194,-13418.331964095938,
2015-04-15,longbyungi,LONG,SOXL,STOP_BUY,184424.1374867082,2.372563720985054,0.0,
2015-04-16,longbyungi,LONG,SOXL,MOO_SELL,184424.1374867082,2.3321663489341735,-7753.933522051724,
2015-04-16,longbyungi,LONG,SOXL,STOP_BUY,193540.86210526706,2.3695171771788592,0.0,
2015-04-17,longbyungi,LONG,SOXL,MOO_SELL,193540.86210526706,2.3116766542196276,-11511.60547958297,
2015-04-20,longbyungi,LONG,SOXL,STOP_BUY,177285.26784645632,2.3351594846284387,0.0,
2015-04-21,longbyungi,LONG,SOXL,MOO_SELL,177285.26784645632,2.3951348127126697,10339.228081568086,
2015-04-22,longbyungi,LONG,SOXL,STOP_BUY,181969.90448638887,2.436372144048214,0.0,
2015-04-23,longbyungi,LONG,SOXL,MOO_SELL,181969.90448638887,2.3313337309360507,-19417.48264536372,
2015-04-27,longbyungi,LONG,SOXL,STOP_BUY,201567.4061310909,2.277275636542439,0.0,
2015-04-28,longbyungi,LONG,SOXL,MOO_SELL,201567.4061310909,2.24071205508709,-7688.763943794533,
2015-05-01,yangbyungi,LONG,SOXL,STOP_BUY,119724.02739713898,2.229884847505688,0.0,
2015-05-04,yangbyungi,LONG,SOXL,MOO_SELL,119724.02739713898,2.3519904735088346,14426.981114683324,
2015-05-07,longbyungi,LONG,SOXL,STOP_BUY,169602.32880880477,2.2270080269140005,0.0,
2015-05-08,longbyungi,LONG,SOXL,MOO_SELL,169602.32880880477,2.2990170001983645,11944.221029463282,
2015-05-08,longbyungi,LONG,SOXL,STOP_BUY,165968.33976535895,2.3358369247913355,0.0,
2015-05-11,longbyungi,LONG,SOXL,MOO_SELL,165968.33976535895,2.3036805188655856,-5606.449856920342,
2015-05-13,longbyungi,LONG,SOXL,STOP_BUY,180841.5544676067,2.3133262031525366,0.0,
2015-05-14,longbyungi,LONG,SOXL,MOO_SELL,180841.5544676067,2.340162245988846,4558.531272583583,
2015-05-14,longbyungi,LONG,SOXL,STOP_BUY,178899.94300075833,2.37764113258481,0.0,
2015-05-15,longbyungi,LONG,SOXL,MOO_SELL,178899.94300075833,2.3988000953197486,3486.2604550392134,
2015-05-18,longbyungi,LONG,SOXL,STOP_BUY,197036.66777636085,2.4165697303658717,0.0,
2015-05-19,longbyungi,LONG,SOXL,MOO_SELL,197036.66777636085,2.4789268286228183,11949.027537569054,
2015-05-20,longbyungi,LONG,SOXL,STOP_BUY,188504.69780206424,2.492732841289043,0.0,
2015-05-21,longbyungi,LONG,SOXL,MOO_SELL,188504.69780206424,2.435448632001877,-11123.487436275173,
2015-05-21,longbyungi,LONG,SOXL,STOP_BUY,185268.183865304,2.4744535784518713,0.0,
2015-05-22,longbyungi,LONG,SOXL,MOO_SELL,185268.183865304,2.486089392781258,1834.085413056193,
2015-05-27,longbyungi,LONG,SOXL,STOP_BUY,168598.8990003995,2.500179356532097,0.0,
2015-05-28,longbyungi,LONG,SOXL,MOO_SELL,168598.8990003995,2.7339652993679047,39107.187704719836,
2015-05-28,longbyungi,LONG,SOXL,STOP_BUY,173512.39876824094,2.7777511418187615,0.0,
2015-05-29,longbyungi,LONG,SOXL,MOO_SELL,173512.39876824094,2.751956425189972,-4811.51864636183,
2015-05-29,longbyungi,LONG,SOXL,STOP_BUY,170309.08051728172,2.7960304046559328,0.0,
2015-06-01,longbyungi,LONG,SOXL,MOO_SELL,170309.08051728172,2.8059293260574343,1351.953588211094,
2015-06-10,longbyungi,LONG,SOXL,STOP_BUY,176070.8885911719,2.4940865110355612,0.0,
2015-06-11,longbyungi,LONG,SOXL,MOO_SELL,176070.8885911719,2.5267361162900928,5439.237763808167,
2015-06-15,longbyungi,LONG,SOXL,STOP_BUY,193020.60026456753,2.4135231865596767,0.0,
2015-06-16,longbyungi,LONG,SOXL,MOO_SELL,193020.60026456753,2.382808062911034,-6252.678361755621,
2015-06-16,longbyungi,LONG,SOXL,STOP_BUY,170283.33678095645,2.4209699439185854,0.0,
2015-06-17,longbyungi,LONG,SOXL,MOO_SELL,170283.33678095645,2.448775047659874,4444.513095353905,
2015-06-18,longbyungi,LONG,SOXL,STOP_BUY,176719.14799584236,2.496794818992018,0.0,
2015-06-19,longbyungi,LONG,SOXL,MOO_SELL,176719.14799584236,2.5460593355894092,8394.07428813522,
2015-06-29,yangbyungi,LONG,SOXL,STOP_BUY,126399.21235691321,2.2002665728211395,0.0,
2015-06-29,yangbyungi,LONG,SOXL,LOC_SELL,31599.803089228302,2.0689649332761766,-4196.323361140909,loser
2015-06-30,yangbyungi,LONG,SOXL,MOO_SELL,94799.40926768491,2.1262692593336108,-7158.455170385714,
2015-07-02,yangbyungi,LONG,SOXL,STOP_BUY,110029.93069906924,2.1562605634403225,0.0,
2015-07-02,yangbyungi,LONG,SOXL,LOC_SELL,27507.48267476731,2.134931918025017,-628.0113102310788,loser
2015-07-06,yangbyungi,LONG,SOXL,MOO_SELL,82522.44802430194,2.0922863394021993,-5402.019749920088,
2015-07-06,yangbyungi,LONG,SOXL,STOP_BUY,105737.74994377402,2.125795367494226,0.0,
2015-07-06,yangbyungi,LONG,SOXL,LOC_SELL,26434.437485943505,2.04964171397686,-2051.710358908327,loser
2015-07-07,yangbyungi,LONG,SOXL,MOO_SELL,79303.31245783051,2.046309335589409,-6419.307227187179,
2015-07-07,yangbyungi,SHORT,SOXS,STOP_BUY,1.6028612709192268e-05,9078984952.50432,0.0,
2015-07-07,yangbyungi,SHORT,SOXS,LOC_SELL,4.007153177298067e-06,8759817836.032,-1303.9705102067746,loser
2015-07-08,yangbyungi,SHORT,SOXS,MOO_SELL,1.2021459531894202e-05,9150222216.192001,779.6762958873878,
2015-07-08,longbyungi,LONG,SOXL,STOP_BUY,194893.21689853762,1.9714382778543234,0.0,
2015-07-09,longbyungi,LONG,SOXL,MOO_SELL,194893.21689853762,1.9656837225556374,-1390.0852241751854,
2015-07-10,yangbyungi,LONG,SOXL,STOP_BUY,97720.60449435608,1.895614371244311,0.0,
2015-07-10,yangbyungi,LONG,SOXL,LOC_SELL,24430.15112358902,1.8863893689513207,-257.70642315625446,loser
2015-07-13,yangbyungi,LONG,SOXL,MOO_SELL,73290.45337076706,1.942361363232136,3327.657792945276,
2015-07-14,yangbyungi,LONG,SOXL,STOP_BUY,134966.60642223596,1.9836243320211764,0.0,
2015-07-15,yangbyungi,LONG,SOXL,MOO_SELL,134966.60642223596,2.010327322244644,3415.3444364407915,
2015-07-21,longbyungi,LONG,SOXL,STOP_BUY,263863.2604487638,1.9314952146399018,0.0,
2015-07-22,longbyungi,LONG,SOXL,MOO_SELL,263863.2604487638,1.793103029549122,-36860.5878014827,
2015-07-23,yangbyungi,LONG,SOXL,STOP_BUY,182414.82725689246,1.8367148471456762,0.0,
2015-07-24,yangbyungi,LONG,SOXL,MOO_SELL,182414.82725689246,1.893719695866108,10160.359331678017,
2015-07-24,yangbyungi,SHORT,SOXS,STOP_BUY,1.8947705059631298e-05,9892199220.756481,0.0,
2015-07-24,yangbyungi,SHORT,SOXS,LOC_SELL,4.736926264907824e-06,9884255527.936,-70.41654993574048,loser
2015-07-27,yangbyungi,SHORT,SOXS,MOO_SELL,1.4210778794723473e-05,10074960000.0,2497.8608971851063,
2015-07-28,yangbyungi,LONG,SOXL,STOP_BUY,130255.6191023667,1.7575053134742376,0.0,
2015-07-29,yangbyungi,LONG,SOXL,MOO_SELL,130255.6191023667,1.8077626110315321,6383.756744466955,
2015-07-30,longbyungi,LONG,SOXL,STOP_BUY,263457.00322887494,1.8306218805912138,0.0,
2015-07-31,longbyungi,LONG,SOXL,MOO_SELL,263457.00322887494,1.8410790076255796,2416.435991390841,
2015-08-05,yangbyungi,LONG,SOXL,STOP_BUY,160251.89989244114,1.7446419402024147,0.0,
2015-08-06,yangbyungi,LONG,SOXL,MOO_SELL,160251.89989244114,1.7657836748957636,3191.1098206433817,
2015-08-07,yangbyungi,LONG,SOXL,STOP_BUY,156936.05464928274,1.6925128228211401,0.0,
2015-08-10,yangbyungi,LONG,SOXL,MOO_SELL,156936.05464928274,1.7324663251042367,6082.019067574292,
2015-08-10,longbyungi,LONG,SOXL,STOP_BUY,261733.11198435645,1.760212652967274,0.0,
2015-08-11,longbyungi,LONG,SOXL,MOO_SELL,261733.11198435645,1.7871059876084332,6713.918405817996,
2015-08-12,longbyungi,LONG,SOXL,STOP_BUY,272150.28299596946,1.674910031683445,0.0,
2015-08-13,longbyungi,LONG,SOXL,MOO_SELL,272150.28299596946,1.7278026872873307,14070.63396070816,
2015-08-17,longbyungi,LONG,SOXL,STOP_BUY,303704.5227143094,1.6471531436938045,0.0,
2015-08-18,longbyungi,LONG,SOXL,MOO_SELL,303704.5227143094,1.691820673942566,13210.809447652835,
2015-08-20,yangbyungi,SHORT,SOXS,STOP_BUY,1.4570281336613302e-05,11839332572.25216,0.0,
2015-08-21,yangbyungi,SHORT,SOXS,MOO_SELL,1.4570281336613302e-05,12428183055.872,8455.962626027002,
2015-08-21,yangbyungi,LONG,SOXL,STOP_BUY,155857.5924181531,1.3431782612219452,0.0,
2015-08-21,yangbyungi,LONG,SOXL,LOC_SELL,38964.398104538275,1.2766943546533585,-2626.234018939198,loser
2015-08-24,yangbyungi,LONG,SOXL,MOO_SELL,116893.19431361483,1.0208223127126694,-37777.933979700654,
2015-08-26,yangbyungi,LONG,SOXL,STOP_BUY,67618.98698966831,1.2714153638514878,0.0,
2015-08-27,yangbyungi,LONG,SOXL,MOO_SELL,67618.98698966831,1.3793099952340127,7232.991898460794,
2015-08-27,yangbyungi,LONG,SOXL,STOP_BUY,73901.00907988823,1.4014003451576826,0.0,
2015-08-28,yangbyungi,LONG,SOXL,MOO_SELL,73901.00907988823,1.4252869990468027,1692.134559466489,
2015-08-28,yangbyungi,LONG,SOXL,STOP_BUY,83348.93428113237,1.4481136940315364,0.0,
2015-08-31,yangbyungi,LONG,SOXL,MOO_SELL,83348.93428113237,1.445943622469902,-265.2989595536492,
2015-08-31,yangbyungi,LONG,SOXL,STOP_BUY,82274.33653733734,1.4691011437672374,0.0,
2015-08-31,yangbyungi,LONG,SOXL,LOC_SELL,20568.584134334335,1.4665992926955227,-72.5936547573474,loser
2015-09-01,yangbyungi,LONG,SOXL,MOO_SELL,61705.752403003,1.34599371778965,-7657.233987625412,
2015-09-02,yangbyungi,LONG,SOXL,STOP_BUY,70432.03723121445,1.4027540149042008,0.0,
2015-09-03,yangbyungi,LONG,SOXL,MOO_SELL,70432.03723121445,1.4352819895148277,2221.0504886973067,
2015-09-03,yangbyungi,LONG,SOXL,STOP_BUY,81889.96567105768,1.458268759346902,0.0,
2015-09-03,yangbyungi,LONG,SOXL,LOC_SELL,20472.49141776442,1.4406123889684679,-382.24145284186307,loser
2015-09-04,yangbyungi,LONG,SOXL,MOO_SELL,61417.47425329326,1.3706473365426064,-5442.2971876391675,
2015-09-04,yangbyungi,LONG,SOXL,STOP_BUY,86379.25948725184,1.392598949588835,0.0,
2015-09-04,yangbyungi,LONG,SOXL,LOC_SELL,21594.81487181296,1.3639847244620324,-638.7536642556079,loser
2015-09-08,yangbyungi,LONG,SOXL,MOO_SELL,64784.44461543888,1.4592700381278996,4254.584580940238,
2015-09-08,yangbyungi,LONG,SOXL,STOP_BUY,75268.10652080813,1.482640988738537,0.0,
2015-09-09,yangbyungi,LONG,SOXL,MOO_SELL,75268.10652080813,1.587872701585293,7839.702658885813,
2015-09-09,yangbyungi,LONG,SOXL,STOP_BUY,78398.8223656686,1.6133032891497014,0.0,
2015-09-09,yangbyungi,LONG,SOXL,LOC_SELL,19599.70559141715,1.461269012391567,-3000.9183134388804,loser
2015-09-09,yangbyungi,SHORT,SOXS,STOP_BUY,1.004841620327393e-05,10069732417.87392,0.0,
2015-09-10,yangbyungi,LONG,SOXL,MOO_SELL,58799.11677425145,1.4592700381278996,-9120.251723202353,
2015-09-10,yangbyungi,SHORT,SOXS,MOO_SELL,1.004841620327393e-05,10308843383.808,2331.016160522646,
2015-09-10,yangbyungi,LONG,SOXL,STOP_BUY,79472.47244186282,1.482640988738537,0.0,
2015-09-11,yangbyungi,LONG,SOXL,MOO_SELL,79472.47244186282,1.4372809637784958,-3686.092029515421,
2015-09-11,yangbyungi,LONG,SOXL,STOP_BUY,86225.47477051086,1.46029974819839,0.0,
2015-09-14,yangbyungi,LONG,SOXL,MOO_SELL,86225.47477051086,1.5012489742636683,3441.4901283360086,
2015-09-15,yangbyungi,LONG,SOXL,STOP_BUY,83075.50382826832,1.5334163153153655,0.0,
2015-09-16,yangbyungi,LONG,SOXL,MOO_SELL,83075.50382826832,1.5458936462998394,947.0252286906034,
2015-09-17,yangbyungi,LONG,SOXL,STOP_BUY,91464.24202754576,1.5848690820550917,0.0,
2015-09-17,yangbyungi,LONG,SOXL,LOC_SELL,22866.06050688644,1.5179076491594314,-1555.9760743863444,loser
2015-09-18,yangbyungi,LONG,SOXL,MOO_SELL,68598.18152065932,1.4552719704508783,-8963.118038097848,
2015-09-18,yangbyungi,LONG,SOXL,STOP_BUY,96994.71458451514,1.4785788899776338,0.0,
2015-09-18,yangbyungi,LONG,SOXL,LOC_SELL,24248.678646128785,1.441945673942566,-913.0936849785867,loser
2015-09-21,yangbyungi,LONG,SOXL,MOO_SELL,72746.03593838635,1.4659337225556375,-994.8563708437869,
2015-09-24,yangbyungi,LONG,SOXL,STOP_BUY,105824.66756833713,1.2896945056307314,0.0,
2015-09-25,yangbyungi,LONG,SOXL,MOO_SELL,105824.66756833713,1.3519906405806543,6494.623363521561,
2015-09-25,yangbyungi,LONG,SOXL,STOP_BUY,94892.84457285612,1.3736434571680425,0.0,
2015-09-25,yangbyungi,LONG,SOXL,LOC_SELL,23723.21114321403,1.3180077206492424,-1342.207437769055,loser
2015-09-28,yangbyungi,LONG,SOXL,MOO_SELL,71169.6334296421,1.290021723508835,-6017.678357347802,
2015-09-28,yangbyungi,LONG,SOXL,STOP_BUY,97393.73313442693,1.31068207642436,0.0,
2015-09-28,yangbyungi,LONG,SOXL,LOC_SELL,24348.433283606733,1.2080627063512803,-2520.0855070857797,loser
2015-09-28,yangbyungi,SHORT,SOXS,STOP_BUY,8.406064465799663e-06,12148583527.49568,0.0,
2015-09-29,yangbyungi,LONG,SOXL,MOO_SELL,73045.2998508202,1.2240546196103097,-6392.531268997947,
2015-09-29,yangbyungi,SHORT,SOXS,MOO_SELL,8.406064465799663e-06,12115139016.192001,-352.5235636047728,
2015-09-29,yangbyungi,LONG,SOXL,STOP_BUY,86128.5669225498,1.2436584758618472,0.0,
2015-09-29,yangbyungi,LONG,SOXL,LOC_SELL,21532.14173063745,1.2347152993679047,-211.2433871760877,loser
2015-09-30,yangbyungi,LONG,SOXL,MOO_SELL,64596.42519191235,1.29068729364872,2980.595123115083,
2015-09-30,yangbyungi,LONG,SOXL,STOP_BUY,84589.76169752273,1.3113583060079812,0.0,
2015-10-01,yangbyungi,LONG,SOXL,MOO_SELL,84589.76169752273,1.3699816472530366,4879.549598145037,
2015-10-01,yangbyungi,SHORT,SOXS,STOP_BUY,8.738548760406914e-06,11230376449.87392,0.0,
2015-10-01,yangbyungi,SHORT,SOXS,LOC_SELL,2.1846371901017285e-06,10934929416.192001,-662.3926805205047,loser
2015-10-02,yangbyungi,SHORT,SOXS,MOO_SELL,6.5539115703051854e-06,11309142216.192001,464.5211629548867,
2015-10-02,yangbyungi,LONG,SOXL,STOP_BUY,102280.91214953699,1.3025579999604817,0.0,
2015-10-05,yangbyungi,LONG,SOXL,MOO_SELL,102280.91214953699,1.451274021923542,15112.227819745662,
2015-10-05,yangbyungi,LONG,SOXL,STOP_BUY,100235.38529089921,1.4745169122746584,0.0,
2015-10-06,yangbyungi,LONG,SOXL,MOO_SELL,100235.38529089921,1.506579373717308,3109.209208893095,
2015-10-07,longbyungi,LONG,SOXL,STOP_BUY,204894.11850937162,1.5665899402758476,0.0,
2015-10-08,longbyungi,LONG,SOXL,MOO_SELL,204894.11850937162,1.5572209685444833,-2143.6648731305613,
2015-10-08,longbyungi,LONG,SOXL,STOP_BUY,213020.30984084937,1.5821606530407069,0.0,
2015-10-09,longbyungi,LONG,SOXL,MOO_SELL,213020.30984084937,1.595201956152916,2541.167461070756,
2015-10-13,longbyungi,LONG,SOXL,STOP_BUY,247831.31839548203,1.555080115692615,0.0,
2015-10-14,longbyungi,LONG,SOXL,MOO_SELL,247831.31839548203,1.5325662774443627,-5847.4596319295815,
2015-10-14,longbyungi,LONG,SOXL,STOP_BUY,223947.7791016185,1.5571111045441028,0.0,
2015-10-15,longbyungi,LONG,SOXL,MOO_SELL,223947.7791016185,1.7118106548786165,34388.39700660546,
2015-10-15,longbyungi,LONG,SOXL,STOP_BUY,209649.77675161083,1.7392261716949937,0.0,
2015-10-16,longbyungi,LONG,SOXL,MOO_SELL,209649.77675161083,1.7324663251042367,-1671.9441735438304,
2015-10-19,longbyungi,LONG,SOXL,STOP_BUY,251177.88469112501,1.7338094347241517,0.0,
2015-10-20,longbyungi,LONG,SOXL,MOO_SELL,251177.88469112501,1.7204723603725434,-3653.6518416520557,
2015-10-21,longbyungi,LONG,SOXL,STOP_BUY,228676.5636242877,1.807603320946097,0.0,
2015-10-22,longbyungi,LONG,SOXL,MOO_SELL,228676.5636242877,1.8064293260574342,-557.7207151418552,
2015-10-22,longbyungi,LONG,SOXL,STOP_BUY,212188.09590692658,1.8353602089357375,0.0,
2015-10-23,longbyungi,LONG,SOXL,MOO_SELL,212188.09590692658,1.9676826968193057,27794.820598193095,
2015-10-23,longbyungi,LONG,SOXL,STOP_BUY,236672.84483820706,1.9991961343073845,0.0,
2015-10-26,longbyungi,LONG,SOXL,MOO_SELL,236672.84483820706,1.9556886129379274,-10624.653692816733,
2015-10-27,longbyungi,LONG,SOXL,STOP_BUY,236564.47901098098,1.8549939889249203,0.0,
2015-10-28,longbyungi,LONG,SOXL,MOO_SELL,236564.47901098098,1.8597366567850115,814.3760894906009,
2015-10-28,longbyungi,LONG,SOXL,STOP_BUY,230469.60936628288,1.8895212836319206,0.0,
2015-10-29,longbyungi,LONG,SOXL,MOO_SELL,230469.60936628288,1.8044303517937659,-19908.844078004593,
2015-10-30,longbyungi,LONG,SOXL,STOP_BUY,247711.95408700523,1.7906778489133712,0.0,
2015-11-02,longbyungi,LONG,SOXL,MOO_SELL,247711.95408700523,1.8130930104851721,5240.0594815445365,
2015-11-02,longbyungi,LONG,SOXL,STOP_BUY,235707.34935073872,1.8421306156530972,0.0,
2015-11-03,longbyungi,LONG,SOXL,MOO_SELL,235707.34935073872,1.8357486081719394,-1807.7021739982883,
2015-11-03,longbyungi,LONG,SOXL,STOP_BUY,247112.7671302894,1.8651490542402855,0.0,
2015-11-04,longbyungi,LONG,SOXL,MOO_SELL,247112.7671302894,1.8743952850699428,1961.4304835192743,
2015-11-06,longbyungi,LONG,SOXL,STOP_BUY,238011.5238673082,1.8272361324718593,0.0,
2015-11-09,longbyungi,LONG,SOXL,MOO_SELL,238011.5238673082,1.8897216281890867,14562.630481993547,
2015-11-11,longbyungi,LONG,SOXL,STOP_BUY,245624.5416986564,1.7893241791668533,0.0,
2015-11-12,longbyungi,LONG,SOXL,MOO_SELL,245624.5416986564,1.7344652993679048,-13777.622420216096,
2015-11-16,longbyungi,LONG,SOXL,STOP_BUY,196082.80685836656,1.664754966368079,0.0,
2015-11-17,longbyungi,LONG,SOXL,MOO_SELL,196082.80685836656,1.7044803279638292,7558.2332154405885,
2015-11-17,longbyungi,LONG,SOXL,STOP_BUY,211305.84774111494,1.7317784458726642,0.0,
2015-11-18,longbyungi,LONG,SOXL,MOO_SELL,211305.84774111494,1.7377976777553559,1015.2992922855774,
2015-11-18,longbyungi,LONG,SOXL,STOP_BUY,200140.26053405716,1.765629389938116,0.0,
2015-11-19,longbyungi,LONG,SOXL,MOO_SELL,200140.26053405716,1.796434335589409,5915.7905216641375,
2015-11-19,longbyungi,LONG,SOXL,STOP_BUY,218780.22945599983,1.8252051436203716,0.0,
2015-11-20,longbyungi,LONG,SOXL,MOO_SELL,218780.22945599983,1.8224213584661484,-888.3471518807928,
2015-11-24,longbyungi,LONG,SOXL,STOP_BUY,244334.69458795583,1.760212652967274,0.0,
2015-11-25,longbyungi,LONG,SOXL,MOO_SELL,244334.69458795583,1.8217556691765784,14730.774371916894,
2015-11-27,longbyungi,LONG,SOXL,STOP_BUY,243529.5143013048,1.8637944160303472,0.0,
2015-11-30,longbyungi,LONG,SOXL,MOO_SELL,243529.5143013048,1.8650670562386515,-7.905286324792542,
2015-11-30,longbyungi,LONG,SOXL,STOP_BUY,240632.7983919294,1.8949370521393416,0.0,
2015-12-01,longbyungi,LONG,SOXL,MOO_SELL,240632.7983919294,1.9263693308234213,7241.801102629222,
2015-12-01,longbyungi,LONG,SOXL,STOP_BUY,221138.89347057254,1.9572211137780542,0.0,
2015-12-02,longbyungi,LONG,SOXL,MOO_SELL,221138.89347057254,2.0003323317766193,9227.257897941105,
2015-12-04,longbyungi,LONG,SOXL,STOP_BUY,198641.2248342112,1.9714382778543234,0.0,
2015-12-07,longbyungi,LONG,SOXL,MOO_SELL,198641.2248342112,2.0203223127126693,9432.859684565803,
2015-12-08,longbyungi,LONG,SOXL,STOP_BUY,236581.22155212198,1.922693819071054,0.0,
2015-12-09,longbyungi,LONG,SOXL,MOO_SELL,236581.22155212198,1.9097116091251374,-3388.6833926410764,
2015-12-10,longbyungi,LONG,SOXL,STOP_BUY,194331.48435696715,1.8800425689581033,0.0,
2015-12-11,longbyungi,LONG,SOXL,MOO_SELL,194331.48435696715,1.8264193069934849,-10672.78687696997,
2015-12-15,longbyungi,LONG,SOXL,STOP_BUY,171838.84818109174,1.801510354391634,0.0,
2015-12-16,longbyungi,LONG,SOXL,MOO_SELL,171838.84818109174,1.8344153231978417,5435.674290915311,
2015-12-16,longbyungi,LONG,SOXL,STOP_BUY,181878.5310534724,1.8637944160303472,0.0,
2015-12-17,longbyungi,LONG,SOXL,MOO_SELL,181878.5310534724,1.889054985702038,4355.458347702748,
2015-12-18,longbyungi,LONG,SOXL,STOP_BUY,213763.97419602805,1.7669830596846339,0.0,
2015-12-21,longbyungi,LONG,SOXL,MOO_SELL,213763.97419602805,1.7571210162043573,-2371.8138804977643,
2015-12-21,longbyungi,LONG,SOXL,STOP_BUY,192816.34851451346,1.785262201463878,0.0,
2015-12-22,longbyungi,LONG,SOXL,MOO_SELL,192816.34851451346,1.8310840171575546,8591.143448866147,
2015-12-24,longbyungi,LONG,SOXL,STOP_BUY,247477.4319270875,1.8759804701972007,0.0,
2015-12-28,longbyungi,LONG,SOXL,MOO_SELL,247477.4319270875,1.8524063298702238,-6157.0097646880895,
2015-12-29,longbyungi,LONG,SOXL,STOP_BUY,220446.76429402624,1.9193091604730483,0.0,
2015-12-30,longbyungi,LONG,SOXL,MOO_SELL,220446.76429402624,1.9090449666380884,-2558.0902169662295,
2016-01-08,yangbyungi,SHORT,SOXS,STOP_BUY,1.1835607188814362e-05,9634491177.3696,0.0,
2016-01-11,yangbyungi,SHORT,SOXS,MOO_SELL,1.1835607188814362e-05,9321137547.776001,-3787.253452521836,
2016-01-11,yangbyungi,LONG,SOXL,STOP_BUY,96776.69721829228,1.3540096771788592,0.0,
2016-01-11,yangbyungi,LONG,SOXL,LOC_SELL,24194.17430457307,1.3300016853809358,-603.5816418211507,loser
2016-01-12,yangbyungi,LONG,SOXL,MOO_SELL,72582.52291371921,1.3773110209703445,1621.8841681605845,
2016-01-12,yangbyungi,LONG,SOXL,STOP_BUY,104262.30894321947,1.399369356306195,0.0,
2016-01-12,yangbyungi,LONG,SOXL,LOC_SELL,26065.577235804867,1.3633179628252985,-964.9042451280257,loser
2016-01-13,yangbyungi,LONG,SOXL,MOO_SELL,78196.7317074146,1.3659836987257004,-2686.333858519778,
2016-01-13,yangbyungi,LONG,SOXL,STOP_BUY,112986.38516810385,1.3878606212443112,0.0,
2016-01-13,yangbyungi,LONG,SOXL,LOC_SELL,28246.596292025963,1.2340496100783351,-4370.558551609967,loser
2016-01-13,yangbyungi,SHORT,SOXS,STOP_BUY,1.2814996705769528e-05,9789115569.00864,0.0,
2016-01-14,yangbyungi,LONG,SOXL,MOO_SELL,84739.78887607789,1.250041642487049,-11756.98851132358,
2016-01-14,yangbyungi,SHORT,SOXS,MOO_SELL,1.2814996705769528e-05,9986803908.096,2444.675494140145,
2016-01-14,yangbyungi,LONG,SOXL,STOP_BUY,107440.9920509582,1.2700616941049694,0.0,
2016-01-15,yangbyungi,LONG,SOXL,MOO_SELL,107440.9920509582,1.1520907120704649,-12766.002803109252,
2016-01-19,yangbyungi,LONG,SOXL,STOP_BUY,102763.27370180303,1.211838641705811,0.0,
2016-01-19,yangbyungi,LONG,SOXL,LOC_SELL,25690.818425450758,1.1374310114383699,-1932.7170497008738,loser
2016-01-20,yangbyungi,LONG,SOXL,MOO_SELL,77072.45527635227,1.0927863394021988,-9237.82133186674,
2016-01-20,yangbyungi,LONG,SOXL,STOP_BUY,114022.36302644252,1.1102878674942254,0.0,
2016-01-21,yangbyungi,LONG,SOXL,MOO_SELL,114022.36302644252,1.191404031455517,9157.20117225984,
2016-01-21,yangbyungi,LONG,SOXL,STOP_BUY,100391.18504905551,1.2104849719592927,0.0,
2016-01-21,yangbyungi,LONG,SOXL,LOC_SELL,25097.796262263877,1.2073959447145464,-98.76699535880834,loser
2016-01-22,yangbyungi,LONG,SOXL,MOO_SELL,75293.38878679163,1.2753620228767395,4819.304272581459,
2016-01-22,yangbyungi,LONG,SOXL,STOP_BUY,97763.41688953363,1.295787593243122,0.0,
2016-01-22,yangbyungi,LONG,SOXL,LOC_SELL,24440.85422238341,1.2780276396274568,-456.0856223324445,loser
2016-01-25,yangbyungi,LONG,SOXL,MOO_SELL,73322.56266715023,1.2640347006320953,-2393.895914031091,
2016-01-26,yangbyungi,LONG,SOXL,STOP_BUY,110323.95335621157,1.26261396828264,0.0,
2016-01-26,yangbyungi,LONG,SOXL,LOC_SELL,27580.988339052892,1.2593699904680253,-113.81769783218624,loser
2016-01-27,yangbyungi,LONG,SOXL,MOO_SELL,82742.96501715868,1.2373810352683068,-2160.247643377952,
2016-01-27,yangbyungi,LONG,SOXL,STOP_BUY,118442.28222541718,1.2571983208331463,0.0,
2016-01-27,yangbyungi,LONG,SOXL,LOC_SELL,29610.570556354294,1.2147253184318543,-1283.2681086092998,loser
2016-01-28,yangbyungi,LONG,SOXL,MOO_SELL,88831.71166906288,1.24471028983593,-1187.1202573729242,
2016-01-29,yangbyungi,LONG,SOXL,STOP_BUY,119627.60024041677,1.2436584758618472,0.0,
2016-02-01,yangbyungi,LONG,SOXL,MOO_SELL,119627.60024041677,1.3379977015852929,11177.48211523093,
2016-02-01,yangbyungi,LONG,SOXL,STOP_BUY,123909.1505209375,1.3594264141497012,0.0,
2016-02-02,yangbyungi,LONG,SOXL,MOO_SELL,123909.1505209375,1.3419956501126291,-2276.9869843779597,
2016-02-02,yangbyungi,SHORT,SOXS,STOP_BUY,1.4368815805394503e-05,9443594962.88256,0.0,
2016-02-02,yangbyungi,SHORT,SOXS,LOC_SELL,3.5922039513486258e-06,9360716852.224,-321.3571997096078,loser
2016-02-03,yangbyungi,SHORT,SOXS,MOO_SELL,1.0776611854045876e-05,9110641888.256,-3658.089183939097,
2016-02-03,yangbyungi,SHORT,SOXS,STOP_BUY,1.2669731961368615e-05,9666942513.00864,0.0,
2016-02-03,yangbyungi,SHORT,SOXS,LOC_SELL,3.167432990342154e-06,9277958636.032,-1253.0827113613923,loser
2016-02-04,yangbyungi,SHORT,SOXS,MOO_SELL,9.502298971026462e-06,9277958636.032,-3759.248134084177,
2016-02-04,yangbyungi,LONG,SOXL,STOP_BUY,119754.91749786261,1.2863098470327257,0.0,
2016-02-05,yangbyungi,LONG,SOXL,MOO_SELL,119754.91749786261,1.3100117044448853,2729.5911833209975,
2016-02-05,yangbyungi,SHORT,SOXS,STOP_BUY,1.2905492927748823e-05,9512318121.3696,0.0,
2016-02-08,yangbyungi,SHORT,SOXS,MOO_SELL,1.2905492927748823e-05,10096549455.872,7451.221619946227,
2016-02-08,yangbyungi,SHORT,SOXS,STOP_BUY,1.0846987724619477e-05,10713050119.49568,0.0,
2016-02-08,yangbyungi,SHORT,SOXS,LOC_SELL,2.7117469311548693e-06,10459967527.936,-706.3914939607312,loser
2016-02-09,yangbyungi,SHORT,SOXS,MOO_SELL,8.135240793464607e-06,10808993311.744001,719.2405194455641,
2016-02-09,yangbyungi,LONG,SOXL,STOP_BUY,121805.31687732882,1.0723759141892193,0.0,
2016-02-10,yangbyungi,LONG,SOXL,MOO_SELL,121805.31687732882,1.1127763203382492,4827.827166832256,
2016-02-10,yangbyungi,LONG,SOXL,STOP_BUY,114147.0675649497,1.130597998124957,0.0,
2016-02-10,yangbyungi,LONG,SOXL,LOC_SELL,28536.766891237425,1.051474045753479,-2279.736032777855,loser
2016-02-11,yangbyungi,LONG,SOXL,MOO_SELL,85610.30067371228,0.9995,-11287.164452728728,
2016-02-11,yangbyungi,LONG,SOXL,STOP_BUY,125244.23670726987,1.0155074999999998,0.0,
2016-02-12,yangbyungi,LONG,SOXL,MOO_SELL,125244.23670726987,1.0794600428938865,7917.853506441097,
2016-02-12,yangbyungi,LONG,SOXL,STOP_BUY,109881.68693943704,1.0967481435808537,0.0,
2016-02-12,yangbyungi,LONG,SOXL,LOC_SELL,27470.42173485926,1.095451956152916,-56.68404673628902,loser
2016-02-16,yangbyungi,LONG,SOXL,MOO_SELL,82411.26520457778,1.144094695866108,3837.2545341692894,
2016-02-16,yangbyungi,LONG,SOXL,STOP_BUY,115625.7452959767,1.1624179533389207,0.0,
2016-02-17,yangbyungi,LONG,SOXL,MOO_SELL,115625.7452959767,1.2367143927812576,8493.490670403262,
2016-02-17,yangbyungi,LONG,SOXL,STOP_BUY,114371.11985989312,1.256521001728177,0.0,
2016-02-18,yangbyungi,LONG,SOXL,MOO_SELL,114371.11985989312,1.3293350428938866,8224.311891579622,
2016-02-19,yangbyungi,LONG,SOXL,STOP_BUY,125454.32105309563,1.2944339234966038,0.0,
2016-02-22,yangbyungi,LONG,SOXL,MOO_SELL,125454.32105309563,1.3413290076255797,5767.457192985166,
2016-02-22,yangbyungi,LONG,SOXL,STOP_BUY,126838.85775387251,1.362811072747707,0.0,
2016-02-22,yangbyungi,LONG,SOXL,LOC_SELL,31709.714438468127,1.3559887082576751,-246.50955740892823,loser
2016-02-23,yangbyungi,LONG,SOXL,MOO_SELL,95129.14331540438,1.3260036177039147,-3590.9862892490055,
2016-02-23,yangbyungi,LONG,SOXL,STOP_BUY,135036.81159955534,1.3472402389249203,0.0,
2016-02-23,yangbyungi,LONG,SOXL,LOC_SELL,33759.202899888835,1.290021723508835,-1962.812623153528,loser
2016-02-24,yangbyungi,LONG,SOXL,MOO_SELL,101277.60869966651,1.246043693959713,-10340.868641135123,
2016-02-24,yangbyungi,LONG,SOXL,STOP_BUY,129964.67737872447,1.265999716401994,0.0,
2016-02-25,yangbyungi,LONG,SOXL,MOO_SELL,129964.67737872447,1.3633179628252985,12528.333051100548,
2016-02-25,yangbyungi,LONG,SOXL,STOP_BUY,122893.71916363767,1.3851521922299264,0.0,
2016-02-26,yangbyungi,LONG,SOXL,MOO_SELL,122893.71916363767,1.4272859733104706,5057.00621428623,
2016-02-29,longbyungi,LONG,SOXL,STOP_BUY,245604.0795540316,1.4623308581078052,0.0,
2016-03-01,longbyungi,LONG,SOXL,MOO_SELL,245604.0795540316,1.4626013441681862,-184.99886856222292,
2016-03-01,longbyungi,LONG,SOXL,STOP_BUY,232912.11905182377,1.4860256473365425,0.0,
2016-03-02,longbyungi,LONG,SOXL,MOO_SELL,232912.11905182377,1.5299016138911248,9973.388242413115,
2016-03-02,longbyungi,LONG,SOXL,STOP_BUY,262867.8168824518,1.5544037650510667,0.0,
2016-03-03,longbyungi,LONG,SOXL,MOO_SELL,262867.8168824518,1.5525563775300981,-771.4706650102744,
2016-03-04,longbyungi,LONG,SOXL,STOP_BUY,267644.1530079747,1.6160106286427376,0.0,
2016-03-07,longbyungi,LONG,SOXL,MOO_SELL,267644.1530079747,1.5685482907891275,-13001.33221575123,
2016-03-07,longbyungi,LONG,SOXL,STOP_BUY,263016.2095667977,1.5936693881025907,0.0,
2016-03-08,longbyungi,LONG,SOXL,MOO_SELL,263016.2095667977,1.5845403231978417,-2693.664283152495,
2016-03-09,longbyungi,LONG,SOXL,STOP_BUY,241667.3636467662,1.559142214453518,0.0,
2016-03-10,longbyungi,LONG,SOXL,MOO_SELL,241667.3636467662,1.5752119752168656,3618.421828298946,
2016-03-10,longbyungi,LONG,SOXL,STOP_BUY,241146.4293746452,1.600439794819951,0.0,
2016-03-11,longbyungi,LONG,SOXL,MOO_SELL,241146.4293746452,1.6171910305023192,3767.928607815993,
2016-03-11,longbyungi,LONG,SOXL,STOP_BUY,240184.59307912894,1.6430911659908292,0.0,
2016-03-14,longbyungi,LONG,SOXL,MOO_SELL,240184.59307912894,1.6531730438470842,2144.412573105714,
2016-03-16,longbyungi,LONG,SOXL,STOP_BUY,257417.61500895803,1.6491841325452923,0.0,
2016-03-17,longbyungi,LONG,SOXL,MOO_SELL,257417.61500895803,1.6731630247831346,5873.258511907246,
2016-03-17,longbyungi,LONG,SOXL,STOP_BUY,283314.1864266786,1.6999595801800487,0.0,
2016-03-18,longbyungi,LONG,SOXL,MOO_SELL,283314.1864266786,1.7284683765769007,7736.983660126105,
2016-03-18,longbyungi,LONG,SOXL,STOP_BUY,288354.7579141594,1.7561506752642986,0.0,
2016-03-21,longbyungi,LONG,SOXL,MOO_SELL,288354.7579141594,1.7657836748957636,2422.2729922927683,
2016-03-21,longbyungi,LONG,SOXL,STOP_BUY,291872.08226670144,1.7940635970327257,0.0,
2016-03-22,longbyungi,LONG,SOXL,MOO_SELL,291872.08226670144,1.7744453803896905,-6090.551593001641,
2016-03-22,longbyungi,LONG,SOXL,STOP_BUY,292352.93669682625,1.8028640241381524,0.0,
2016-03-23,longbyungi,LONG,SOXL,MOO_SELL,292352.93669682625,1.7811089456677438,-6726.885836861562,
2016-03-24,longbyungi,LONG,SOXL,STOP_BUY,281884.184147974,1.7067299868974086,0.0,
2016-03-28,longbyungi,LONG,SOXL,MOO_SELL,281884.184147974,1.7424613155722621,9731.801065340813,
2016-03-29,longbyungi,LONG,SOXL,STOP_BUY,278284.6585466064,1.7223006996622678,0.0,
2016-03-30,longbyungi,LONG,SOXL,MOO_SELL,278284.6585466064,1.8110940362215042,24365.672003945918,
2016-03-30,longbyungi,LONG,SOXL,STOP_BUY,298726.3269095674,1.8400996268016099,0.0,
2016-03-31,longbyungi,LONG,SOXL,MOO_SELL,298726.3269095674,1.8144253422617913,-8051.680703823804,
2016-04-01,longbyungi,LONG,SOXL,STOP_BUY,298326.26674040157,1.8021876734966038,0.0,
2016-04-04,longbyungi,LONG,SOXL,MOO_SELL,298326.26674040157,1.8350819656848911,9433.448810194968,
2016-04-05,longbyungi,LONG,SOXL,STOP_BUY,304791.93004774326,1.7690140485361217,0.0,
2016-04-06,longbyungi,LONG,SOXL,MOO_SELL,304791.93004774326,1.750457331776619,-6031.384782641777,
2016-04-06,longbyungi,LONG,SOXL,STOP_BUY,274970.5656234983,1.778491794746518,0.0,
2016-04-07,longbyungi,LONG,SOXL,MOO_SELL,274970.5656234983,1.7777776396274567,-538.625933289004,
2016-04-11,longbyungi,LONG,SOXL,STOP_BUY,271977.42954591545,1.8035413432431218,0.0,
2016-04-12,longbyungi,LONG,SOXL,MOO_SELL,271977.42954591545,1.7511239742636684,-14594.717336174566,
2016-04-13,longbyungi,LONG,SOXL,STOP_BUY,274987.5419784728,1.8021876734966038,0.0,
2016-04-14,longbyungi,LONG,SOXL,MOO_SELL,274987.5419784728,1.8077626110315321,1185.5963950210134,
2016-04-18,longbyungi,LONG,SOXL,STOP_BUY,307564.16556598427,1.760212652967274,0.0,
2016-04-19,longbyungi,LONG,SOXL,MOO_SELL,307564.16556598427,1.7744453803896905,3996.9799813969294,
2016-04-20,longbyungi,LONG,SOXL,STOP_BUY,326614.16909225547,1.716207733107805,0.0,
2016-04-21,longbyungi,LONG,SOXL,MOO_SELL,326614.16909225547,1.750457331776619,10790.112535566906,
2016-04-22,longbyungi,LONG,SOXL,STOP_BUY,309296.7753630004,1.750057587651908,0.0,
2016-04-25,longbyungi,LONG,SOXL,MOO_SELL,309296.7753630004,1.7084782764911652,-13234.746760422364,
2016-04-25,longbyungi,LONG,SOXL,STOP_BUY,322130.7055216565,1.7358404235756395,0.0,
2016-04-26,longbyungi,LONG,SOXL,MOO_SELL,322130.7055216565,1.7351319418549538,-619.561088456423,
2016-04-26,longbyungi,LONG,SOXL,STOP_BUY,297509.632234351,1.762920960923731,0.0,
2016-04-27,longbyungi,LONG,SOXL,MOO_SELL,297509.632234351,1.7138096291422844,-14973.1205505674,
2016-04-27,longbyungi,LONG,SOXL,STOP_BUY,296411.1651546743,1.7412571605464813,0.0,
2016-04-28,longbyungi,LONG,SOXL,MOO_SELL,296411.1651546743,1.7831080390810967,12039.436250853876,
2016-04-28,longbyungi,LONG,SOXL,STOP,294611.71306095785,1.6658988200373752,-43303.13354102179,
2016-05-02,yangbyungi,LONG,SOXL,STOP_BUY,137954.82326254854,1.5767450055912136,0.0,
2016-05-03,yangbyungi,LONG,SOXL,MOO_SELL,137954.82326254854,1.535898655831814,-5785.242434145039,
2016-05-04,yangbyungi,LONG,SOXL,STOP_BUY,143529.52409642847,1.5097215260866281,0.0,
2016-05-04,yangbyungi,LONG,SOXL,LOC_SELL,35882.38102410712,1.4705973603725435,-1441.2975496531362,loser
2016-05-05,yangbyungi,LONG,SOXL,MOO_SELL,107647.14307232136,1.5132430581450462,265.18813994084485,
2016-05-09,longbyungi,LONG,SOXL,STOP_BUY,301960.43501242273,1.5178456025505063,0.0,
2016-05-10,longbyungi,LONG,SOXL,MOO_SELL,301960.43501242273,1.496584383249283,-6738.630535531265,
2016-05-10,yangbyungi,LONG,SOXL,STOP_BUY,150438.63963956904,1.5205529420435426,0.0,
2016-05-11,yangbyungi,LONG,SOXL,MOO_SELL,150438.63963956904,1.5272359971404077,844.9128897368792,
2016-05-11,longbyungi,LONG,SOXL,STOP_BUY,315651.591548625,1.5516954570946095,0.0,
2016-05-12,longbyungi,LONG,SOXL,MOO_SELL,315651.591548625,1.539896723508835,-4065.8421318873297,
2016-05-13,longbyungi,LONG,SOXL,STOP_BUY,312759.23640043277,1.4704548135137556,0.0,
2016-05-16,longbyungi,LONG,SOXL,MOO_SELL,312759.23640043277,1.4685983861088754,-902.3404296421795,
2016-05-16,longbyungi,LONG,SOXL,STOP_BUY,294825.2388991423,1.4921187349489329,0.0,
2016-05-17,longbyungi,LONG,SOXL,MOO_SELL,294825.2388991423,1.5259036653637887,9649.22396943951,
2016-05-18,longbyungi,LONG,SOXL,STOP_BUY,289771.74329296267,1.4921187349489329,0.0,
2016-05-19,longbyungi,LONG,SOXL,MOO_SELL,289771.74329296267,1.5512240457534792,16818.392789655016,
2016-05-19,longbyungi,LONG,SOXL,STOP_BUY,275826.7853085635,1.576067686486244,0.0,
2016-05-20,longbyungi,LONG,SOXL,MOO_SELL,275826.7853085635,1.6151920562386517,10483.466915458092,
2016-05-20,longbyungi,LONG,SOXL,STOP_BUY,263431.3504244629,1.6410601771393418,0.0,
2016-05-23,longbyungi,LONG,SOXL,MOO_SELL,263431.3504244629,1.7304673508405686,23241.79438835755,
2016-05-23,longbyungi,LONG,SOXL,STOP_BUY,274594.8656170296,1.7581816641157864,0.0,
2016-05-24,longbyungi,LONG,SOXL,MOO_SELL,274594.8656170296,1.7591199904680253,-80.38194271328393,
2016-05-24,longbyungi,LONG,SOXL,STOP_BUY,259501.81576593005,1.7872931903153655,0.0,
2016-05-25,longbyungi,LONG,SOXL,MOO_SELL,259501.81576593005,1.8723963108062742,21752.020669999358,
2016-05-27,longbyungi,LONG,SOXL,STOP_BUY,293847.0140082145,1.925402248085439,0.0,
2016-05-31,longbyungi,LONG,SOXL,MOO_SELL,293847.0140082145,1.9456936224699022,5564.431286121602,
2016-06-01,longbyungi,LONG,SOXL,STOP_BUY,271022.3882206756,1.9931030466949937,0.0,
2016-06-02,longbyungi,LONG,SOXL,MOO_SELL,271022.3882206756,1.9736796196103097,-5640.4640150421765,
2016-06-07,longbyungi,LONG,SOXL,STOP_BUY,270794.83554235246,2.0553871083337065,0.0,
2016-06-08,longbyungi,LONG,SOXL,MOO_SELL,270794.83554235246,2.0536396625041964,-862.6454360482749,
2016-06-09,longbyungi,LONG,SOXL,STOP_BUY,264519.6764920047,2.03710808761239,0.0,
2016-06-10,longbyungi,LONG,SOXL,MOO_SELL,264519.6764920047,1.993002958059311,-12039.78988552827,
2016-06-13,longbyungi,LONG,SOXL,STOP_BUY,224067.0178625956,1.950451796582043,0.0,
2016-06-14,longbyungi,LONG,SOXL,MOO_SELL,224067.0178625956,1.8997166186571122,-11670.023532642343,
2016-06-14,longbyungi,LONG,SOXL,STOP_BUY,180423.73082894983,1.9301415448933836,0.0,
2016-06-15,longbyungi,LONG,SOXL,MOO_SELL,180423.73082894983,1.95302299618721,3883.141547339561,
2016-06-16,longbyungi,LONG,SOXL,STOP_BUY,193677.07332240482,1.8841045466610786,0.0,
2016-06-17,longbyungi,LONG,SOXL,MOO_SELL,193677.07332240482,1.91171070253849,5089.372640100948,
2016-06-20,longbyungi,LONG,SOXL,STOP_BUY,191289.30580135738,1.99581038618803,0.0,
2016-06-21,longbyungi,LONG,SOXL,MOO_SELL,191289.30580135738,1.9663492926955222,-5900.86369338748,
2016-06-22,longbyungi,LONG,SOXL,STOP_BUY,199946.175045224,1.9863326399776335,0.0,
2016-06-23,longbyungi,LONG,SOXL,MOO_SELL,199946.175045224,2.0296517330408097,8380.443714360881,
2016-06-23,longbyungi,LONG,SOXL,STOP_BUY,170424.6959806914,2.062157636108994,0.0,
2016-06-24,longbyungi,LONG,SOXL,MOO_SELL,170424.6959806914,1.8157586272358899,-42223.788622219115,
2016-06-28,yangbyungi,LONG,SOXL,STOP_BUY,88794.88174443191,1.6369980783784388,0.0,
2016-06-29,yangbyungi,LONG,SOXL,MOO_SELL,88794.88174443191,1.7224713346362115,7485.181390482001,
2016-06-29,yangbyungi,LONG,SOXL,STOP_BUY,107018.53063342118,1.750057587651908,0.0,
2016-06-30,yangbyungi,LONG,SOXL,MOO_SELL,107018.53063342118,1.7717807168364526,2192.8616799237498,
2016-06-30,longbyungi,LONG,SOXL,STOP_BUY,235343.68254319523,1.800156684645116,0.0,
2016-07-01,longbyungi,LONG,SOXL,MOO_SELL,235343.68254319523,1.8037646625041963,552.2587533883052,
2016-07-06,longbyungi,LONG,SOXL,STOP_BUY,266633.0659676305,1.6986059104335305,0.0,
2016-07-07,longbyungi,LONG,SOXL,MOO_SELL,266633.0659676305,1.7251369513869288,6754.543723001145,
2016-07-07,longbyungi,LONG,SOXL,STOP_BUY,272193.1053828111,1.7527658956083654,0.0,
2016-07-08,longbyungi,LONG,SOXL,MOO_SELL,272193.1053828111,1.8284182812571526,20250.88700464426,
2016-07-08,longbyungi,LONG,SOXL,STOP_BUY,269157.2634361789,1.8577013284179567,0.0,
2016-07-11,longbyungi,LONG,SOXL,MOO_SELL,269157.2634361789,1.9670160543322563,29062.5448179135,
2016-07-11,longbyungi,LONG,SOXL,STOP_BUY,292975.78314318135,1.9985188152024147,0.0,
2016-07-12,longbyungi,LONG,SOXL,MOO_SELL,292975.78314318135,2.0403122936487197,11830.32918059919,
2016-07-12,longbyungi,LONG,SOXL,STOP_BUY,280414.3851228337,2.072988931007981,0.0,
2016-07-13,longbyungi,LONG,SOXL,MOO_SELL,280414.3851228337,2.0922863394021993,5002.469822992221,
2016-07-18,longbyungi,LONG,SOXL,STOP_BUY,282574.4012531893,2.2151600875389574,0.0,
2016-07-19,longbyungi,LONG,SOXL,MOO_SELL,282574.4012531893,2.197567715883255,-5407.577258164529,
2016-07-20,longbyungi,LONG,SOXL,STOP_BUY,291896.69191131915,2.2456252834850545,0.0,
2016-07-21,longbyungi,LONG,SOXL,MOO_SELL,291896.69191131915,2.293519672036171,13516.477090368397,
2016-07-22,longbyungi,LONG,SOXL,STOP_BUY,278343.70076737716,2.2639043042063713,0.0,
2016-07-25,longbyungi,LONG,SOXL,MOO_SELL,278343.70076737716,2.284190251708031,5203.388986638049,
2016-07-25,longbyungi,LONG,SOXL,STOP_BUY,290024.98756646,2.3207727183955904,0.0,
2016-07-26,longbyungi,LONG,SOXL,MOO_SELL,290024.98756646,2.381475731134415,17128.071172985947,
2016-07-26,longbyungi,LONG,SOXL,STOP_BUY,266402.9858409243,2.4196162741720673,0.0,
2016-07-27,longbyungi,LONG,SOXL,MOO_SELL,266402.9858409243,2.6553386605978013,62323.95347169298,
2016-07-28,longbyungi,LONG,SOXL,STOP_BUY,273990.98191118217,2.5726187256020303,0.0,
2016-07-29,longbyungi,LONG,SOXL,MOO_SELL,273990.98191118217,2.5433946720361713,-8497.736668936093,
2016-08-03,longbyungi,LONG,SOXL,STOP_BUY,279765.5567915057,2.390504747972488,0.0,
2016-08-04,longbyungi,LONG,SOXL,MOO_SELL,279765.5567915057,2.4294515900611877,10424.02474319865,
2016-08-04,longbyungi,LONG,SOXL,STOP_BUY,285625.55880414014,2.468360490839481,0.0,
2016-08-05,longbyungi,LONG,SOXL,MOO_SELL,285625.55880414014,2.5207390743494034,14461.90716145793,
2016-08-05,longbyungi,LONG,SOXL,STOP_BUY,290487.9478083469,2.5611099905401464,0.0,
2016-08-08,longbyungi,LONG,SOXL,MOO_SELL,290487.9478083469,2.5927031010389325,8653.425627748482,
2016-08-09,longbyungi,LONG,SOXL,STOP_BUY,297736.35787255847,2.615270096772909,0.0,
2016-08-10,longbyungi,LONG,SOXL,MOO_SELL,297736.35787255847,2.6340153946876526,5034.140628090478,
2016-08-12,longbyungi,LONG,SOXL,STOP_BUY,296817.63949674246,2.640319403153658,0.0,
2016-08-15,longbyungi,LONG,SOXL,MOO_SELL,296817.63949674246,2.6580033241510392,4698.477211665944,
2016-08-15,longbyungi,LONG,SOXL,STOP_BUY,291934.4612167328,2.70057259699881,0.0,
2016-08-16,longbyungi,LONG,SOXL,MOO_SELL,291934.4612167328,2.738630009531975,10554.508484337246,
2016-08-18,longbyungi,LONG,SOXL,STOP_BUY,289994.2665586554,2.712082300524115,0.0,
2016-08-19,longbyungi,LONG,SOXL,MOO_SELL,289994.2665586554,2.751290616750717,10815.66551940469,
2016-08-19,longbyungi,LONG,SOXL,STOP_BUY,289678.1311284152,2.7953539329564565,0.0,
2016-08-22,longbyungi,LONG,SOXL,MOO_SELL,289678.1311284152,2.804596994280815,2109.748568690964,
2016-08-26,longbyungi,LONG,SOXL,STOP_BUY,247720.69935022577,2.88539488258481,0.0,
2016-08-29,longbyungi,LONG,SOXL,MOO_SELL,247720.69935022577,2.8778933527469635,-2357.974244902609,
2016-08-29,longbyungi,LONG,SOXL,STOP_BUY,243384.5372468556,2.923984276052713,0.0,
2016-08-30,longbyungi,LONG,SOXL,MOO_SELL,243384.5372468556,2.895884240269661,-7334.877307667048,
2016-08-30,longbyungi,LONG,SOXL,STOP_BUY,252832.67162525756,2.9422632967740294,0.0,
2016-08-31,longbyungi,LONG,SOXL,MOO_SELL,252832.67162525756,2.8705639790296558,-18642.315486461506,
2016-09-01,longbyungi,LONG,SOXL,STOP_BUY,240059.08087236498,2.9185686286032198,0.0,
2016-09-02,longbyungi,LONG,SOXL,MOO_SELL,240059.08087236498,2.9765109256505973,13414.265990014654,
2016-09-12,longbyungi,LONG,SOXL,STOP_BUY,218693.69272179416,2.4988256867855787,0.0,
2016-09-13,longbyungi,LONG,SOXL,MOO_SELL,218693.69272179416,2.6193566472530367,25967.600863803877,
2016-09-13,longbyungi,LONG,SOXL,STOP_BUY,244757.85890405564,2.661306973947286,0.0,
2016-09-14,longbyungi,LONG,SOXL,MOO_SELL,244757.85890405564,2.5953687177896505,-16589.220837551984,
2016-09-14,longbyungi,LONG,SOXL,STOP_BUY,205566.22627128102,2.63693486561358,0.0,
2016-09-15,longbyungi,LONG,SOXL,MOO_SELL,205566.22627128102,2.6746621181964874,7373.289209449198,
2016-09-15,longbyungi,LONG,SOXL,STOP_BUY,198077.33423973044,2.7174981900894637,0.0,
2016-09-16,longbyungi,LONG,SOXL,MOO_SELL,198077.33423973044,2.9185400762557987,39431.11087994021,
2016-09-19,longbyungi,LONG,SOXL,STOP_BUY,225132.83086017758,2.9585114497017857,0.0,
2016-09-20,longbyungi,LONG,SOXL,MOO_SELL,225132.83086017758,2.899882427096367,-13660.93870894541,
2016-09-21,longbyungi,LONG,SOXL,STOP_BUY,217661.03423851714,2.907059893541336,0.0,
2016-09-22,longbyungi,LONG,SOXL,MOO_SELL,217661.03423851714,2.9851735843420033,16553.428356391145,
2016-09-27,longbyungi,LONG,SOXL,STOP_BUY,250933.99726403135,2.823110820946097,0.0,
2016-09-28,longbyungi,LONG,SOXL,MOO_SELL,250933.99726403135,2.953189757823944,32133.91302284354,
2016-09-28,longbyungi,LONG,SOXL,STOP_BUY,271138.7634156489,3.000486591289043,0.0,
2016-09-29,longbyungi,LONG,SOXL,MOO_SELL,271138.7634156489,2.9545220896005633,-13027.879940284067,
2016-09-29,longbyungi,LONG,SOXL,STOP_BUY,282345.0145453602,3.0018402610355612,0.0,
2016-09-30,longbyungi,LONG,SOXL,MOO_SELL,282345.0145453602,3.130433969497681,35701.796516293194,
2016-09-30,longbyungi,LONG,SOXL,STOP_BUY,245101.71100973448,3.18056945900917,0.0,
2016-10-03,longbyungi,LONG,SOXL,MOO_SELL,245101.71100973448,3.2117262250185012,7088.209745114786,
2016-10-03,longbyungi,LONG,SOXL,STOP_BUY,253980.8986680474,3.2631636512786146,0.0,
2016-10-04,longbyungi,LONG,SOXL,MOO_SELL,253980.8986680474,3.190403912305832,-19053.262902454822,
2016-10-05,longbyungi,LONG,SOXL,STOP_BUY,247644.312338395,3.195463942190408,0.0,
2016-10-06,longbyungi,LONG,SOXL,MOO_SELL,247644.312338395,3.191070673942566,-1641.5240347881336,
2016-10-06,longbyungi,LONG,SOXL,STOP_BUY,255634.0142471366,3.242177291064262,0.0,
2016-10-07,longbyungi,LONG,SOXL,MOO_SELL,255634.0142471366,3.2643670324087144,5090.299739487702,
2016-10-14,longbyungi,LONG,SOXL,STOP_BUY,217041.04435932383,2.9889766456478837,0.0,
2016-10-17,longbyungi,LONG,SOXL,MOO_SELL,217041.04435932383,2.8932195767164233,-21230.05154960195,
2016-10-17,longbyungi,LONG,SOXL,STOP_BUY,223119.10920267247,2.939555957280993,0.0,
2016-10-18,longbyungi,LONG,SOXL,MOO_SELL,223119.10920267247,2.990504102945328,10904.416474799858,
2016-10-19,longbyungi,LONG,SOXL,STOP_BUY,239178.44467354918,2.9287236939185854,0.0,
2016-10-20,longbyungi,LONG,SOXL,MOO_SELL,239178.44467354918,2.9132095576524737,-4199.689560731291,
2016-10-20,longbyungi,LONG,SOXL,STOP_BUY,249769.1507416298,2.959866087911725,0.0,
2016-10-21,longbyungi,LONG,SOXL,MOO_SELL,249769.1507416298,2.904546898961067,-14329.68915188685,
2016-10-21,longbyungi,LONG,SOXL,STOP_BUY,258302.4673573978,2.951064692342877,0.0,
2016-10-24,longbyungi,LONG,SOXL,MOO_SELL,258302.4673573978,3.0251537845134737,18597.11011962127,
2016-10-24,longbyungi,LONG,SOXL,STOP_BUY,261067.68750358486,3.0736031584060184,0.0,
2016-10-25,longbyungi,LONG,SOXL,MOO_SELL,261067.68750358486,3.149757427096367,19312.767395720468,
2016-10-26,longbyungi,LONG,SOXL,STOP_BUY,261745.70727491472,3.104068354352116,0.0,
2016-10-27,longbyungi,LONG,SOXL,MOO_SELL,261745.70727491472,3.189071580529213,21672.708729241393,
2016-10-28,longbyungi,LONG,SOXL,STOP_BUY,234208.1509045801,3.1121923097580666,0.0,
2016-10-31,longbyungi,LONG,SOXL,MOO_SELL,234208.1509045801,3.0624678913354875,-12152.018605414662,
2016-11-02,longbyungi,LONG,SOXL,STOP_BUY,197091.74505198517,3.0207967219197744,0.0,
2016-11-03,longbyungi,LONG,SOXL,MOO_SELL,197091.74505198517,2.9185400762557987,-20563.648725976935,
2016-11-03,longbyungi,LONG,SOXL,STOP_BUY,188577.54406335615,2.9652819774770736,0.0,
2016-11-04,longbyungi,LONG,SOXL,MOO_SELL,188577.54406335615,2.8325831105709076,-25406.69792684517,
2016-11-04,longbyungi,LONG,SOXL,STOP_BUY,165216.3868132891,2.8779483673417565,0.0,
2016-11-07,longbyungi,LONG,SOXL,MOO_SELL,165216.3868132891,2.995834383249283,19137.045797012805,
2016-11-07,longbyungi,LONG,SOXL,STOP_BUY,156579.71213793984,3.043814192043542,0.0,
2016-11-08,longbyungi,LONG,SOXL,MOO_SELL,156579.71213793984,3.085123727321625,6132.351575100387,
2016-11-08,longbyungi,LONG,SOXL,STOP_BUY,184183.2723907457,3.1345335502982135,0.0,
2016-11-09,longbyungi,LONG,SOXL,MOO_SELL,184183.2723907457,2.8852236796617508,-46306.76631810132,
2016-11-10,longbyungi,LONG,SOXL,STOP,224746.785812392,2.915322851577201,-57809.71663844376,
2016-11-11,longbyungi,LONG,SOXL,STOP_BUY,215897.82034131093,3.0018402610355612,0.0,
2016-11-14,longbyungi,LONG,SOXL,MOO_SELL,215897.82034131093,3.198400047659874,41968.31307005847,
2016-11-15,longbyungi,LONG,SOXL,STOP_BUY,214699.85576974787,3.2347295652419326,0.0,
2016-11-16,longbyungi,LONG,SOXL,MOO_SELL,214699.85576974787,3.29435200381279,12310.301456889021,
2016-11-16,longbyungi,LONG,SOXL,STOP_BUY,228017.18000151223,3.3471127238738534,0.0,
2016-11-17,longbyungi,LONG,SOXL,MOO_SELL,228017.18000151223,3.5189067425727845,38624.03804605617,
2016-11-17,longbyungi,LONG,SOXL,STOP_BUY,217466.45629080647,3.5752638207936283,0.0,
2016-11-18,longbyungi,LONG,SOXL,MOO_SELL,217466.45629080647,3.5542219942808155,-5118.539851010311,
2016-11-18,longbyungi,LONG,SOXL,STOP_BUY,219999.3030064194,3.611144664189219,0.0,
2016-11-21,longbyungi,LONG,SOXL,MOO_SELL,219999.3030064194,3.638846628189087,5536.165210985695,
2016-11-21,longbyungi,LONG,SOXL,STOP_BUY,224642.11307250854,3.697124604578018,0.0,
2016-11-22,longbyungi,LONG,SOXL,MOO_SELL,224642.11307250854,3.7614514156579975,13864.082171028364,
2016-12-02,longbyungi,LONG,SOXL,STOP_BUY,240663.6886931492,3.200879589639902,0.0,
2016-12-05,longbyungi,LONG,SOXL,MOO_SELL,240663.6886931492,3.3683148856163028,39742.25764615461,
2016-12-05,longbyungi,LONG,SOXL,STOP_BUY,234164.29419464452,3.422260158784389,0.0,
2016-12-06,longbyungi,LONG,SOXL,MOO_SELL,234164.29419464452,3.440278912305832,3656.912134328275,
2016-12-06,longbyungi,LONG,SOXL,STOP_BUY,267692.4512380477,3.4953767259013646,0.0,
2016-12-07,longbyungi,LONG,SOXL,MOO_SELL,267692.4512380477,3.5315663965940476,9029.33078701212,
2016-12-07,longbyungi,LONG,SOXL,STOP_BUY,266330.79170384613,3.5881262256020303,0.0,
2016-12-08,longbyungi,LONG,SOXL,MOO_SELL,266330.79170384613,3.780775588154793,50621.55934100249,
2016-12-08,longbyungi,LONG,SOXL,STOP_BUY,257233.2280747367,3.841326628902554,0.0,
2016-12-09,longbyungi,LONG,SOXL,MOO_SELL,257233.2280747367,3.97801001906395,34455.5220528387,
2016-12-13,longbyungi,LONG,SOXL,STOP_BUY,256926.77100400135,3.845388848721385,0.0,
2016-12-14,longbyungi,LONG,SOXL,MOO_SELL,256926.77100400135,3.8647336987257,4276.881935609155,
2016-12-14,longbyungi,LONG,SOXL,STOP_BUY,251055.77935202612,3.92662937124431,0.0,
2016-12-15,longbyungi,LONG,SOXL,MOO_SELL,251055.77935202612,3.8860560114383698,-10872.673403164023,
2016-12-15,longbyungi,LONG,SOXL,STOP_BUY,238277.0356383141,3.9482931716215606,0.0,
2016-12-16,longbyungi,LONG,SOXL,MOO_SELL,238277.0356383141,4.131266539573669,42924.54097835091,
2016-12-19,longbyungi,LONG,SOXL,STOP_BUY,260789.86727256168,4.062029999999999,0.0,
2016-12-20,longbyungi,LONG,SOXL,MOO_SELL,260789.86727256168,3.994002051472664,-18476.325702574803,
2016-12-23,longbyungi,LONG,SOXL,STOP_BUY,260155.78391020026,4.068800527775287,0.0,
2016-12-27,longbyungi,LONG,SOXL,MOO_SELL,260155.78391020026,4.101948091506959,7879.546798062278,
2016-12-27,longbyungi,LONG,SOXL,STOP_BUY,255875.75838488736,4.167642872972488,0.0,
2016-12-28,longbyungi,LONG,SOXL,MOO_SELL,255875.75838488736,4.323170451879502,39035.32954801712,
2017-01-03,longbyungi,LONG,SOXL,STOP_BUY,238028.9704002354,3.9692807424151897,0.0,
2017-01-04,longbyungi,LONG,SOXL,MOO_SELL,238028.9704002354,3.8620680819749835,-26172.14994258259,
2017-01-06,longbyungi,LONG,SOXL,STOP_BUY,282103.1337940402,3.825754947674274,0.0,
2017-01-09,longbyungi,LONG,SOXL,MOO_SELL,282103.1337940402,3.8647336987257,10236.698991339887,
2017-01-09,longbyungi,LONG,SOXL,STOP_BUY,277462.03531350044,3.92662937124431,0.0,
2017-01-10,longbyungi,LONG,SOXL,MOO_SELL,277462.03531350044,3.951356234550477,6095.721147723962,
2017-01-10,longbyungi,LONG,SOXL,STOP_BUY,272897.2911606011,4.0146392109632485,0.0,
2017-01-11,longbyungi,LONG,SOXL,MOO_SELL,272897.2911606011,4.000665616750718,-4578.930249735713,
2017-01-13,longbyungi,LONG,SOXL,STOP_BUY,271299.5960009703,4.021409738738536,0.0,
2017-01-17,longbyungi,LONG,SOXL,MOO_SELL,271299.5960009703,3.983340299367905,-11088.31342923548,
2017-01-18,longbyungi,LONG,SOXL,STOP_BUY,276887.1242929756,3.9002261530011886,0.0,
2017-01-19,longbyungi,LONG,SOXL,MOO_SELL,276887.1242929756,3.930033921837807,7494.553026655223,
2017-01-19,longbyungi,LONG,SOXL,STOP_BUY,261857.54657532895,3.992975410585999,0.0,
2017-01-20,longbyungi,LONG,SOXL,MOO_SELL,261857.54657532895,4.037979961872101,11048.743189831497,
2017-01-20,longbyungi,LONG,SOXL,STOP_BUY,251402.6437236783,4.102650261261462,0.0,
2017-01-23,longbyungi,LONG,SOXL,MOO_SELL,251402.6437236783,4.025319116353989,-20156.441818290623,
2017-01-24,longbyungi,LONG,SOXL,STOP_BUY,262097.2654100171,4.114158996323346,0.0,
2017-01-25,longbyungi,LONG,SOXL,MOO_SELL,262097.2654100171,4.407128562450409,76004.82997183781,
2017-01-27,longbyungi,LONG,SOXL,STOP_BUY,256930.68263891287,4.492604963064194,0.0,
2017-01-30,longbyungi,LONG,SOXL,MOO_SELL,256930.68263891287,4.44710852432251,-12493.341404658975,
2017-02-02,longbyungi,LONG,SOXL,STOP_BUY,256313.7543306736,4.454693009759187,0.0,
2017-02-03,longbyungi,LONG,SOXL,MOO_SELL,256313.7543306736,4.525735877990724,17403.631669542985,
2017-02-13,longbyungi,LONG,SOXL,STOP_BUY,249271.0058065403,4.650346832360028,0.0,
2017-02-14,longbyungi,LONG,SOXL,MOO_SELL,249271.0058065403,4.545059097290039,-27047.43144969782,
2017-02-15,longbyungi,LONG,SOXL,STOP_BUY,245602.12989400607,4.609726571098566,0.0,
2017-02-16,longbyungi,LONG,SOXL,MOO_SELL,245602.12989400607,4.641011291742326,6888.39370047464,
2017-02-17,longbyungi,LONG,SOXL,STOP_BUY,244439.3264530558,4.659825668091773,0.0,
2017-02-21,longbyungi,LONG,SOXL,MOO_SELL,244439.3264530558,4.810260559558869,35962.002020626795,
2017-02-21,longbyungi,LONG,SOXL,STOP_BUY,240417.86461628773,4.887299324848651,0.0,
2017-02-22,longbyungi,LONG,SOXL,MOO_SELL,240417.86461628773,4.923537118196488,7886.667773385532,
2017-02-24,longbyungi,LONG,SOXL,STOP_BUY,261638.4942235283,4.521039533332586,0.0,
2017-02-27,longbyungi,LONG,SOXL,MOO_SELL,261638.4942235283,4.677659828424454,40135.54132524179,
2017-02-27,longbyungi,LONG,SOXL,STOP_BUY,257334.07547546123,4.7525749256765835,0.0,
2017-02-28,longbyungi,LONG,SOXL,MOO_SELL,257334.07547546123,4.82425349855423,17582.783781881677,
2017-03-06,longbyungi,LONG,SOXL,STOP_BUY,265418.222139629,4.674042711110114,0.0,
2017-03-07,longbyungi,LONG,SOXL,MOO_SELL,265418.222139629,4.656337754011155,-5565.976784492843,
2017-03-07,longbyungi,LONG,SOXL,STOP_BUY,261051.62014229305,4.730911367415189,0.0,
2017-03-08,longbyungi,LONG,SOXL,MOO_SELL,261051.62014229305,4.782940490007401,12713.02449286799,
2017-03-08,longbyungi,LONG,SOXL,STOP_BUY,256756.85651705315,4.859541710511445,0.0,
2017-03-09,longbyungi,LONG,SOXL,MOO_SELL,256756.85651705315,4.736963486194611,-32335.188530782238,
2017-03-10,longbyungi,LONG,SOXL,STOP_BUY,240322.2315562912,4.9340126737225045,0.0,
2017-03-13,longbyungi,LONG,SOXL,MOO_SELL,240322.2315562912,4.978176780700684,9779.87492243317,
2017-03-13,longbyungi,LONG,SOXL,STOP_BUY,242229.39692040198,5.057904809532165,0.0,
2017-03-14,longbyungi,LONG,SOXL,MOO_SELL,242229.39692040198,5.002164471864701,-14354.843957582721,
2017-03-15,longbyungi,LONG,SOXL,STOP_BUY,230651.43052527384,5.121542540917396,0.0,
2017-03-16,longbyungi,LONG,SOXL,MOO_SELL,230651.43052527384,5.1934020991325385,15741.805041280808,
2017-03-20,longbyungi,LONG,SOXL,STOP_BUY,233894.1298785639,5.244080764864683,0.0,
2017-03-21,longbyungi,LONG,SOXL,MOO_SELL,233894.1298785639,5.31467455482483,15647.102266723989,
2017-03-22,longbyungi,LONG,SOXL,STOP_BUY,240590.2358038361,4.968539847371577,0.0,
2017-03-23,longbyungi,LONG,SOXL,MOO_SELL,240590.2358038361,5.037479961872101,15743.745671147248,
2017-03-24,longbyungi,LONG,SOXL,STOP_BUY,217380.0382762513,5.292824981532097,0.0,
2017-03-27,longbyungi,LONG,SOXL,MOO_SELL,217380.0382762513,4.936863295555115,-78157.27043278469,
2017-03-27,longbyungi,LONG,SOXL,STOP_BUY,217789.40483911696,5.015929667944907,0.0,
2017-03-28,longbyungi,LONG,SOXL,MOO_SELL,217789.40483911696,5.162750127792359,31200.057553215418,
2017-03-30,longbyungi,LONG,SOXL,STOP_BUY,232246.0289462187,5.214292766965627,0.0,
2017-03-31,longbyungi,LONG,SOXL,MOO_SELL,232246.0289462187,5.241377958059311,5440.527272707783,
2017-04-04,longbyungi,LONG,SOXL,STOP_BUY,230589.2307671071,5.113418585511446,0.0,
2017-04-05,longbyungi,LONG,SOXL,MOO_SELL,230589.2307671071,5.106112563371658,-2509.469864428742,
2017-04-05,longbyungi,LONG,SOXL,STOP_BUY,233992.80369929958,5.187889548722505,0.0,
2017-04-06,longbyungi,LONG,SOXL,MOO_SELL,233992.80369929958,4.936863295555115,-59567.528537445934,
2017-04-07,longbyungi,LONG,SOXL,STOP_BUY,221821.15573750643,5.04030201839447,0.0,
2017-04-10,longbyungi,LONG,SOXL,MOO_SELL,221821.15573750643,5.028817303180695,-3329.293091845233,
2017-04-13,yangbyungi,LONG,SOXL,STOP_BUY,135088.1998540399,4.538641356006861,0.0,
2017-04-13,yangbyungi,LONG,SOXL,LOC_SELL,33772.04996350998,4.4491073794364935,-3129.983074939664,loser
2017-04-17,yangbyungi,LONG,SOXL,MOO_SELL,101316.14989052992,4.490420864582062,-5205.690974449157,
2017-04-17,yangbyungi,LONG,SOXL,STOP_BUY,131825.4664832001,4.562337234756947,0.0,
2017-04-18,yangbyungi,LONG,SOXL,MOO_SELL,131825.4664832001,4.55905251288414,-853.8610036105383,
2017-04-18,longbyungi,LONG,SOXL,STOP_BUY,201784.6526824006,4.632068053754567,0.0,
2017-04-19,longbyungi,LONG,SOXL,MOO_SELL,201784.6526824006,4.789603816986085,31122.89719358494,
2017-04-19,longbyungi,LONG,SOXL,STOP_BUY,200588.73941013296,4.8663117540550225,0.0,
2017-04-20,longbyungi,LONG,SOXL,MOO_SELL,200588.73941013296,4.858902226924896,-2169.0366511857137,
2017-04-20,longbyungi,LONG,SOXL,STOP_BUY,190620.6213633882,4.936720013215541,0.0,
2017-04-21,longbyungi,LONG,SOXL,MOO_SELL,190620.6213633882,4.934198632001877,-1139.1874795953045,
2017-04-25,longbyungi,LONG,SOXL,STOP_BUY,220400.10639172452,5.307042024550437,0.0,
2017-04-26,longbyungi,LONG,SOXL,MOO_SELL,220400.10639172452,5.265366125822068,-10000.928472108906,
2017-04-27,longbyungi,LONG,SOXL,STOP_BUY,217048.82768769786,5.342923110061883,0.0,
2017-04-28,longbyungi,LONG,SOXL,MOO_SELL,217048.82768769786,5.326002830266953,-4483.014147449983,
2017-05-01,longbyungi,LONG,SOXL,STOP_BUY,220741.23777828456,5.233248501502276,0.0,
2017-05-02,longbyungi,LONG,SOXL,MOO_SELL,220741.23777828456,5.197399809360505,-8719.150652746437,
2017-05-03,longbyungi,LONG,SOXL,STOP_BUY,225193.53540377488,5.091077102855444,0.0,
2017-05-04,longbyungi,LONG,SOXL,MOO_SELL,225193.53540377488,5.150756520509721,12632.180899472907,
2017-05-09,longbyungi,LONG,SOXL,STOP_BUY,223075.90464638418,5.196013504128455,0.0,
2017-05-10,longbyungi,LONG,SOXL,MOO_SELL,223075.90464638418,5.447941570997238,55368.03795497841,
2017-05-10,longbyungi,LONG,SOXL,STOP_BUY,219405.90910902424,5.535193121470212,0.0,
2017-05-11,longbyungi,LONG,SOXL,MOO_SELL,219405.90910902424,5.5625502231121065,5150.091092675924,
2017-05-11,longbyungi,LONG,SOXL,STOP_BUY,215796.2915280626,5.6516372893416875,0.0,
2017-05-12,longbyungi,LONG,SOXL,MOO_SELL,215796.2915280626,5.681824776887894,5658.346183597809,
2017-05-15,longbyungi,LONG,SOXL,STOP_BUY,209712.90368300775,5.842552904655933,0.0,
2017-05-16,longbyungi,LONG,SOXL,MOO_SELL,209712.90368300775,6.038978816986084,40320.94975219853,
2017-05-16,longbyungi,LONG,SOXL,STOP_BUY,206262.7532875025,6.135696129055022,0.0,
2017-05-17,longbyungi,LONG,SOXL,MOO_SELL,206262.7532875025,5.9936685748100285,-30170.63703706907,
2017-05-18,longbyungi,LONG,SOXL,STOP_BUY,170875.95721842817,5.564981119369268,0.0,
2017-05-19,longbyungi,LONG,SOXL,MOO_SELL,170875.95721842817,5.890386291742326,54918.813907992095,
2017-05-22,longbyungi,LONG,SOXL,STOP_BUY,210782.29115403187,6.101168955405949,0.0,
2017-05-23,longbyungi,LONG,SOXL,MOO_SELL,210782.29115403187,6.122270165920258,3545.991922008572,
2017-05-30,longbyungi,LONG,SOXL,STOP_BUY,201320.72577142855,6.426808969892263,0.0,
2017-05-31,longbyungi,LONG,SOXL,MOO_SELL,201320.72577142855,6.594701049566269,32882.63038453064,
2017-06-02,longbyungi,LONG,SOXL,STOP_BUY,198389.52001625128,6.687454919972419,0.0,
2017-06-05,longbyungi,LONG,SOXL,MOO_SELL,198389.52001625128,6.6639994595050815,-5580.3935629273765,
2017-06-05,longbyungi,LONG,SOXL,STOP_BUY,195125.65942909932,6.770726794520615,0.0,
2017-06-06,longbyungi,LONG,SOXL,MOO_SELL,195125.65942909932,6.6306828246116645,-28241.407588777598,
2017-06-06,longbyungi,LONG,SOXL,STOP_BUY,191915.49515580246,6.73687657680273,0.0,
2017-06-07,longbyungi,LONG,SOXL,MOO_SELL,191915.49515580246,6.865232792139054,23719.887178449193,
2017-06-07,longbyungi,LONG,SOXL,STOP_BUY,188758.14379645916,6.975182981153726,0.0,
2017-06-08,longbyungi,LONG,SOXL,MOO_SELL,188758.14379645916,7.081124872207642,19068.759802962886,
2017-06-08,longbyungi,LONG,SOXL,STOP_BUY,185652.7364846679,7.194532682504653,0.0,
2017-06-09,longbyungi,LONG,SOXL,MOO_SELL,185652.7364846679,7.462933841705323,48876.990111708175,
2017-06-12,longbyungi,LONG,SOXL,STOP_BUY,222487.21722580295,6.223029739190339,0.0,
2017-06-13,longbyungi,LONG,SOXL,MOO_SELL,222487.21722580295,6.59336847949028,81397.61608915706,
2017-06-16,longbyungi,LONG,SOXL,STOP_BUY,237865.7797990846,6.162776787461041,0.0,
2017-06-19,longbyungi,LONG,SOXL,MOO_SELL,237865.7797990846,6.162250127792359,-1151.370061164489,
2017-06-19,longbyungi,LONG,SOXL,STOP_BUY,233952.46450070184,6.260941692495345,0.0,
2017-06-20,longbyungi,LONG,SOXL,MOO_SELL,233952.46450070184,6.390136291742326,29189.482088460354,
2017-06-21,longbyungi,LONG,SOXL,STOP_BUY,237508.64364048067,6.290053218694924,0.0,
2017-06-22,longbyungi,LONG,SOXL,MOO_SELL,237508.64364048067,6.348157474756241,12749.673548917053,
2017-06-23,longbyungi,LONG,SOXL,STOP_BUY,237489.99071373694,6.344213567043542,0.0,
2017-06-26,longbyungi,LONG,SOXL,MOO_SELL,237489.99071373694,6.4800914442539215,31203.660369580146,
2017-06-28,longbyungi,LONG,SOXL,STOP_BUY,261493.41166652285,5.8811422981238355,0.0,
2017-06-29,longbyungi,LONG,SOXL,MOO_SELL,261493.41166652285,5.835747582435609,-12942.780405092286,
2017-06-30,yangbyungi,LONG,SOXL,STOP_BUY,197932.08721530647,5.657053905254601,0.0,
2017-06-30,yangbyungi,LONG,SOXL,LOC_SELL,49483.02180382662,5.430616253614426,-11396.847251796804,loser
2017-07-03,yangbyungi,LONG,SOXL,MOO_SELL,148449.06541147985,5.528567303180695,-19654.889250821783,
2017-07-03,yangbyungi,SHORT,SOXS,STOP_BUY,0.0005307891593623461,1208367814.12608,0.0,
2017-07-03,yangbyungi,SHORT,SOXS,LOC_SELL,0.00013269728984058652,1206116640.0,-410.8631456887524,loser
2017-07-05,yangbyungi,SHORT,SOXS,MOO_SELL,0.00039809186952175955,1193522876.032,-6244.309763138299,
2017-07-05,yangbyungi,LONG,SOXL,STOP_BUY,178444.85701201245,5.348339725974797,0.0,
2017-07-06,yangbyungi,LONG,SOXL,MOO_SELL,178444.85701201245,5.335330820798874,-2988.6283460791456,
2017-07-06,longbyungi,LONG,SOXL,STOP_BUY,273809.43827123434,5.420778852928875,0.0,
2017-07-07,longbyungi,LONG,SOXL,MOO_SELL,273809.43827123434,5.564549554824829,38313.01481579896,
2017-07-07,yangbyungi,LONG,SOXL,STOP_BUY,154624.75788962535,5.6536686413669575,0.0,
2017-07-10,yangbyungi,LONG,SOXL,MOO_SELL,154624.75788962535,5.784439345121384,19601.37326973991,
2017-07-10,longbyungi,LONG,SOXL,STOP_BUY,262401.48463308834,5.8770800783050055,0.0,
2017-07-11,longbyungi,LONG,SOXL,MOO_SELL,262401.48463308834,5.9150412211418155,8878.065691165859,
2017-07-11,longbyungi,LONG,SOXL,STOP_BUY,258084.51333523984,6.0097736096835135,0.0,
2017-07-12,longbyungi,LONG,SOXL,MOO_SELL,258084.51333523984,6.230216444253922,55787.2485216402,
2017-07-12,longbyungi,LONG,SOXL,STOP_BUY,253838.56389617582,6.3299965240252005,0.0,
2017-07-13,longbyungi,LONG,SOXL,MOO_SELL,253838.56389617582,6.394134478569031,15150.229973460082,
2017-07-13,longbyungi,LONG,SOXL,STOP_BUY,249662.46787995417,6.496539788889884,0.0,
2017-07-14,longbyungi,LONG,SOXL,MOO_SELL,249662.46787995417,6.396133333683014,-26194.309204298304,
2017-07-14,longbyungi,LONG,SOXL,STOP_BUY,245555.07607348304,6.4985706566834445,0.0,
2017-07-17,longbyungi,LONG,SOXL,MOO_SELL,245555.07607348304,6.600698091506958,23952.10285038827,
2017-07-18,longbyungi,LONG,SOXL,STOP_BUY,250938.76659367935,6.454565615766048,0.0,
2017-07-19,longbyungi,LONG,SOXL,MOO_SELL,250938.76659367935,6.63001653957367,42878.23830039706,
2017-07-26,longbyungi,LONG,SOXL,STOP_BUY,245527.20721800908,6.771404234683512,0.0,
2017-07-27,longbyungi,LONG,SOXL,MOO_SELL,245527.20721800908,6.786604961872102,2567.0910475838464,
2017-07-28,longbyungi,LONG,SOXL,STOP_BUY,259501.33062464136,6.416653662461042,0.0,
2017-07-31,longbyungi,LONG,SOXL,MOO_SELL,259501.33062464136,6.363483460426331,-14958.500083722407,
2017-08-04,longbyungi,LONG,SOXL,STOP_BUY,264740.5595667436,6.23318504662156,0.0,
2017-08-07,longbyungi,LONG,SOXL,MOO_SELL,264740.5595667436,6.152922137260437,-22396.534268068615,
2017-08-07,longbyungi,LONG,SOXL,STOP_BUY,260385.106324457,6.251464309458732,0.0,
2017-08-08,longbyungi,LONG,SOXL,MOO_SELL,260385.106324457,6.425452734947205,44148.686532675056,
2017-08-08,longbyungi,LONG,SOXL,STOP_BUY,256101.30803740962,6.528359623045921,0.0,
2017-08-09,longbyungi,LONG,SOXL,MOO_SELL,256101.30803740962,6.198232379436493,-85686.77280770219,
2017-08-09,longbyungi,LONG,SOXL,STOP_BUY,251887.9858540962,6.297500218169688,0.0,
2017-08-10,longbyungi,LONG,SOXL,MOO_SELL,251887.9858540962,6.167581837892533,-33823.81067785178,
2017-08-11,yangbyungi,LONG,SOXL,STOP_BUY,140192.0169628351,5.799225303901434,0.0,
2017-08-14,yangbyungi,LONG,SOXL,MOO_SELL,140192.0169628351,6.076959923744202,38353.44530985318,
2017-08-14,longbyungi,LONG,SOXL,STOP_BUY,199340.85697696643,6.174285522522925,0.0,
2017-08-15,longbyungi,LONG,SOXL,MOO_SELL,199340.85697696643,6.382807156324387,40690.781614711275,
2017-08-22,yangbyungi,LONG,SOXL,STOP_BUY,171685.1014398451,6.0517472985756395,0.0,
2017-08-23,yangbyungi,LONG,SOXL,MOO_SELL,171685.1014398451,5.941027767419816,-19729.53721917246,
2017-08-23,longbyungi,LONG,SOXL,STOP_BUY,267014.4996501736,6.036176343694924,0.0,
2017-08-24,longbyungi,LONG,SOXL,MOO_SELL,267014.4996501736,6.263533555746079,59558.201908073155,
2017-08-29,longbyungi,LONG,SOXL,STOP_BUY,279353.12469709397,5.982692951277494,0.0,
2017-08-30,longbyungi,LONG,SOXL,MOO_SELL,279353.12469709397,6.210226463317872,62370.052013607,
2017-08-30,longbyungi,LONG,SOXL,STOP_BUY,274757.2687591296,6.309686393394469,0.0,
2017-08-31,longbyungi,LONG,SOXL,MOO_SELL,274757.2687591296,6.560051367998123,67551.97771611041,
2017-08-31,longbyungi,LONG,SOXL,STOP_BUY,270237.0228284827,6.665113921548127,0.0,
2017-09-01,longbyungi,LONG,SOXL,MOO_SELL,270237.0228284827,6.746625000000001,20758.789229383692,
2017-09-01,longbyungi,LONG,SOXL,STOP_BUY,265791.14298600453,6.854675624999999,0.0,
2017-09-05,longbyungi,LONG,SOXL,MOO_SELL,265791.14298600453,6.616689885616303,-64507.70105798938,
2017-09-11,longbyungi,LONG,SOXL,STOP_BUY,265240.7538316166,6.560178488738536,0.0,
2017-09-12,longbyungi,LONG,SOXL,MOO_SELL,265240.7538316166,6.75262204194069,49807.98908444517,
2017-09-13,longbyungi,LONG,SOXL,STOP_BUY,265694.24524429924,6.801869188513755,0.0,
2017-09-14,longbyungi,LONG,SOXL,MOO_SELL,265694.24524429924,6.6866550571918495,-31866.06980717415,
2017-09-14,longbyungi,LONG,SOXL,STOP_BUY,261323.1021757797,6.793745233107804,0.0,
2017-09-15,longbyungi,LONG,SOXL,MOO_SELL,261323.1021757797,6.929866253614426,34316.363495755475,
2017-09-15,longbyungi,LONG,SOXL,STOP_BUY,257023.87218805685,7.040851580332516,0.0,
2017-09-18,longbyungi,LONG,SOXL,MOO_SELL,257023.87218805685,7.3576522269248965,80130.0631780643,
2017-09-18,longbyungi,LONG,SOXL,STOP_BUY,252795.37218300084,7.47548876321554,0.0,
2017-09-19,longbyungi,LONG,SOXL,MOO_SELL,252795.37218300084,7.584872582435608,26319.206912480528,
2017-09-22,longbyungi,LONG,SOXL,STOP_BUY,266299.2903258348,7.195208669972419,0.0,
2017-09-25,longbyungi,LONG,SOXL,MOO_SELL,266299.2903258348,7.169080693006516,-8296.68174585863,
2017-09-27,longbyungi,LONG,SOXL,STOP_BUY,265821.9060954692,7.1769298913669575,0.0,
2017-09-28,longbyungi,LONG,SOXL,MOO_SELL,265821.9060954692,7.307011704444886,33231.043363758596,
2017-09-28,longbyungi,LONG,SOXL,STOP_BUY,261448.66277880844,7.4240372070550915,0.0,
2017-09-29,longbyungi,LONG,SOXL,MOO_SELL,261448.66277880844,7.541560242176057,29356.782973807538,
2017-09-29,longbyungi,LONG,SOXL,STOP_BUY,257147.36709576307,7.662342158710955,0.0,
2017-10-02,longbyungi,LONG,SOXL,MOO_SELL,257147.36709576307,7.748123855113984,20671.57110863598,
2017-10-02,longbyungi,LONG,SOXL,STOP_BUY,252916.83537974796,7.872213992793559,0.0,
2017-10-03,longbyungi,LONG,SOXL,MOO_SELL,252916.83537974796,7.862067175388336,-3959.11355731613,
2017-10-06,longbyungi,LONG,SOXL,STOP_BUY,249793.28419123558,7.954808427178858,0.0,
2017-10-09,longbyungi,LONG,SOXL,MOO_SELL,249793.28419123558,8.145258333683014,46165.51662642369,
2017-10-11,longbyungi,LONG,SOXL,STOP_BUY,240991.65931427228,8.436835914866922,0.0,
2017-10-12,longbyungi,LONG,SOXL,MOO_SELL,240991.65931427228,8.529066158294679,20795.695090283407,
2017-10-13,longbyungi,LONG,SOXL,STOP_BUY,236601.75186742962,8.681235406830309,0.0,
2017-10-16,longbyungi,LONG,SOXL,MOO_SELL,236601.75186742962,8.728965967655183,9851.38485783129,
2017-10-19,longbyungi,LONG,SOXL,STOP_BUY,236408.72238435078,8.729980107729434,0.0,
2017-10-20,longbyungi,LONG,SOXL,MOO_SELL,236408.72238435078,8.918871501445771,43195.25319671165,
2017-10-23,longbyungi,LONG,SOXL,STOP_BUY,230385.07445492255,9.14566010338068,0.0,
2017-10-24,longbyungi,LONG,SOXL,MOO_SELL,230385.07445492255,9.092118956089022,-13805.680435468443,
2017-10-24,longbyungi,LONG,SOXL,STOP_BUY,226594.83006943334,9.237733857729435,0.0,
2017-10-25,longbyungi,LONG,SOXL,MOO_SELL,226594.83006943334,9.029483396530152,-48637.21781368251,
2017-10-26,longbyungi,LONG,SOXL,STOP_BUY,226426.00056901542,9.02989289144039,0.0,
2017-10-27,longbyungi,LONG,SOXL,MOO_SELL,226426.00056901542,9.228715967655182,43571.73564517195,
2017-10-27,longbyungi,LONG,SOXL,STOP_BUY,222700.88999309827,9.376518539793489,0.0,
2017-10-30,longbyungi,LONG,SOXL,MOO_SELL,222700.88999309827,9.228715967655182,-34365.95515763876,
2017-10-30,longbyungi,LONG,SOXL,STOP_BUY,219037.06411402667,9.376518539793489,0.0,
2017-10-31,longbyungi,LONG,SOXL,MOO_SELL,219037.06411402667,9.728465967655183,75624.8864205489,
2017-10-31,longbyungi,LONG,SOXL,STOP_BUY,215433.5146894971,9.88427228979349,0.0,
2017-11-01,longbyungi,LONG,SOXL,MOO_SELL,215433.5146894971,10.106277226924897,46319.981864603236,
2017-11-02,longbyungi,LONG,SOXL,STOP_BUY,218978.19471126242,9.935725782880782,0.0,
2017-11-03,longbyungi,LONG,SOXL,MOO_SELL,218978.19471126242,10.003662658691407,13348.492469730321,
2017-11-03,longbyungi,LONG,SOXL,STOP_BUY,215375.6137931513,10.163876395568845,0.0,
2017-11-06,longbyungi,LONG,SOXL,MOO_SELL,215375.6137931513,10.692650954246522,112312.9495505616,
2017-11-06,longbyungi,LONG,SOXL,STOP_BUY,211832.3017410049,10.863899188513754,0.0,
2017-11-07,longbyungi,LONG,SOXL,MOO_SELL,211832.3017410049,10.82391863870621,-10077.13502013078,
2017-11-08,longbyungi,LONG,SOXL,STOP_BUY,209559.9408181385,10.933631460206506,0.0,
2017-11-09,longbyungi,LONG,SOXL,MOO_SELL,209559.9408181385,10.626017684459686,-66044.83821993321,
2017-11-13,longbyungi,LONG,SOXL,STOP_BUY,212316.56695543297,10.48071501448631,0.0,
2017-11-14,longbyungi,LONG,SOXL,MOO_SELL,212316.56695543297,10.483422201156618,-983.0811950354837,
2017-11-16,longbyungi,LONG,SOXL,STOP_BUY,192478.84825177526,10.56127761261463,0.0,
2017-11-17,longbyungi,LONG,SOXL,MOO_SELL,192478.84825177526,10.87322754430771,58599.77246159618,
2017-11-20,longbyungi,LONG,SOXL,STOP_BUY,210720.4339954973,10.83343423468351,0.0,
2017-11-21,longbyungi,LONG,SOXL,MOO_SELL,210720.4339954973,11.194399809360505,74438.22239096044,
2017-11-21,longbyungi,LONG,SOXL,STOP_BUY,207253.70793371173,11.373683806307314,0.0,
2017-11-22,longbyungi,LONG,SOXL,MOO_SELL,207253.70793371173,11.436945673942565,11456.600999188144,
2017-11-24,longbyungi,LONG,SOXL,STOP_BUY,207938.84127426194,11.391285628981588,0.0,
2017-11-27,longbyungi,LONG,SOXL,MOO_SELL,207938.84127426194,11.21039160346985,-39259.81235944759,
2017-12-05,yangbyungi,LONG,SOXL,STOP_BUY,191870.52975635836,8.731333051128386,0.0,
2017-12-05,yangbyungi,LONG,SOXL,LOC_SELL,47967.63243908959,8.70697760820389,-1461.0390007164096,loser
2017-12-06,yangbyungi,LONG,SOXL,MOO_SELL,143902.89731726877,8.463766411781311,-39369.66324881883,
2017-12-06,yangbyungi,LONG,SOXL,STOP_BUY,197315.23825935743,8.599317928376196,0.0,
2017-12-07,yangbyungi,LONG,SOXL,MOO_SELL,197315.23825935743,9.00616151380539,79060.59871347109,
2017-12-11,longbyungi,LONG,SOXL,STOP_BUY,260212.65061118916,9.098947238738536,0.0,
2017-12-12,longbyungi,LONG,SOXL,MOO_SELL,260212.65061118916,8.9955,-28566.221617630683,
2017-12-13,longbyungi,LONG,SOXL,STOP_BUY,259253.95998985897,9.022446376197337,0.0,
2017-12-14,longbyungi,LONG,SOXL,MOO_SELL,259253.95998985897,8.782938868522644,-63708.9106338094,
2017-12-14,longbyungi,LONG,SOXL,STOP_BUY,254988.77107259832,8.923602094073294,0.0,
2017-12-15,longbyungi,LONG,SOXL,MOO_SELL,254988.77107259832,8.862233460426332,-17235.628398732748,
2017-12-15,longbyungi,LONG,SOXL,STOP_BUY,250793.7521018281,9.004166629128456,0.0,
2017-12-18,longbyungi,LONG,SOXL,MOO_SELL,250793.7521018281,9.51190903234482,125713.32177256141,
2017-12-18,longbyungi,LONG,SOXL,STOP_BUY,246667.74865707924,9.664247085206508,0.0,
2017-12-19,longbyungi,LONG,SOXL,MOO_SELL,246667.74865707924,9.736462341308595,16138.239380590618,
2017-12-22,longbyungi,LONG,SOXL,STOP_BUY,249437.92240452272,9.621594987688063,0.0,
2017-12-26,longbyungi,LONG,SOXL,MOO_SELL,249437.92240452272,9.262034032344818,-91336.74029518012,
2017-12-27,longbyungi,LONG,SOXL,STOP_BUY,245228.37847452806,9.414431945793627,0.0,
2017-12-28,longbyungi,LONG,SOXL,MOO_SELL,245228.37847452806,9.527233588218689,26036.40198758198,
2018-01-02,longbyungi,LONG,SOXL,STOP_BUY,245888.81266089837,9.494995512385369,0.0,
2018-01-03,longbyungi,LONG,SOXL,MOO_SELL,245888.81266089837,10.04564147567749,133715.99370074505,
2018-01-03,longbyungi,LONG,SOXL,STOP_BUY,241843.50419702506,10.20652752462387,0.0,
2018-01-04,longbyungi,LONG,SOXL,MOO_SELL,241843.50419702506,10.658667557716369,107580.99082778534,
2018-01-05,longbyungi,LONG,SOXL,STOP_BUY,236049.64653822957,10.912643889412879,0.0,
2018-01-08,longbyungi,LONG,SOXL,MOO_SELL,236049.64653822957,10.805261704444886,-27141.803184840828,
2018-01-08,longbyungi,LONG,SOXL,STOP_BUY,232166.20986332776,10.978313457055089,0.0,
2018-01-09,longbyungi,LONG,SOXL,MOO_SELL,232166.20986332776,11.114439885616303,29808.740198133513,
2018-01-12,longbyungi,LONG,SOXL,STOP_BUY,241171.53233286247,10.691940760431288,0.0,
2018-01-16,longbyungi,LONG,SOXL,MOO_SELL,241171.53233286247,10.93186444044113,56037.495368605945,
2018-01-16,longbyungi,LONG,SOXL,STOP_BUY,237203.83152356668,11.106943800151344,0.0,
2018-01-17,longbyungi,LONG,SOXL,MOO_SELL,237203.83152356668,11.085787722587588,-6860.772990341298,
2018-01-17,longbyungi,LONG,SOXL,STOP_BUY,233301.40645208213,11.26333224181652,0.0,
2018-01-18,longbyungi,LONG,SOXL,MOO_SELL,233301.40645208213,11.650838422298433,88534.66903003678,
2018-01-18,longbyungi,LONG,SOXL,STOP_BUY,229463.18321638045,11.837432515389917,0.0,
2018-01-19,longbyungi,LONG,SOXL,MOO_SELL,229463.18321638045,12.041976335525513,45017.470266663004,
2018-01-22,longbyungi,LONG,SOXL,STOP_BUY,226817.68358772303,12.173903824775216,0.0,
2018-01-23,longbyungi,LONG,SOXL,MOO_SELL,226817.68358772303,12.367146310806275,41882.592601700686,
2018-01-26,longbyungi,LONG,SOXL,STOP_BUY,240725.4798743638,11.644486516513822,0.0,
2018-01-29,longbyungi,LONG,SOXL,MOO_SELL,240725.4798743638,11.910042366027833,61941.49796374189,
2018-01-29,longbyungi,LONG,SOXL,STOP_BUY,236765.11742164544,12.10078774188995,0.0,
2018-01-30,longbyungi,LONG,SOXL,MOO_SELL,236765.11742164544,11.400963422298432,-167641.52540851058,
2018-02-01,longbyungi,LONG,SOXL,STOP_BUY,208948.4912401499,11.441385210206507,0.0,
2018-02-02,longbyungi,LONG,SOXL,MOO_SELL,208948.4912401499,11.063798409938812,-80542.04068500968,
2018-02-05,longbyungi,LONG,SOXL,STOP,175144.2708800046,9.524757440701828,-147187.37323103985,
2018-02-07,longbyungi,LONG,SOXL,STOP_BUY,98730.98148015265,10.012903601353168,0.0,
2018-02-08,longbyungi,LONG,SOXL,MOO_SELL,98730.98148015265,9.495916285037994,-51716.808879803284,
2018-02-08,yangbyungi,SHORT,SOXS,STOP_BUY,0.0007524592329543656,556269195.6,0.0,
2018-02-09,yangbyungi,SHORT,SOXS,MOO_SELL,0.0007524592329543656,559520100.0,2152.3179461048567,
2018-02-09,yangbyungi,LONG,SOXL,STOP_BUY,68322.10422107052,8.893137140243052,0.0,
2018-02-12,yangbyungi,LONG,SOXL,MOO_SELL,68322.10422107052,9.13942805337906,16395.905456494773,
2018-02-12,yangbyungi,LONG,SOXL,STOP_BUY,65014.69866982493,9.285800634233949,0.0,
2018-02-13,yangbyungi,LONG,SOXL,MOO_SELL,65014.69866982493,9.120770165920257,-11148.250347695779,
2018-02-13,longbyungi,LONG,SOXL,STOP_BUY,122643.05666642047,9.26684393123388,0.0,
2018-02-14,longbyungi,LONG,SOXL,MOO_SELL,122643.05666642047,9.12876653957367,-17723.866233819397,
2018-02-14,yangbyungi,LONG,SOXL,STOP_BUY,74854.97077162775,9.274968370871541,0.0,
2018-02-15,yangbyungi,LONG,SOXL,MOO_SELL,74854.97077162775,10.24953994846344,72439.99968064972,
2018-02-16,longbyungi,LONG,SOXL,STOP_BUY,150831.29730419413,10.314848221321105,0.0,
2018-02-20,longbyungi,LONG,SOXL,MOO_SELL,150831.29730419413,10.094950381278995,-34244.92922827345,
2018-02-20,longbyungi,LONG,SOXL,STOP_BUY,147057.04546509133,10.25662613738537,0.0,
2018-02-21,longbyungi,LONG,SOXL,MOO_SELL,147057.04546509133,10.948523472785949,100656.94958156743,
2018-02-23,longbyungi,LONG,SOXL,STOP_BUY,151832.87603523594,10.751515787765978,0.0,
2018-02-26,longbyungi,LONG,SOXL,MOO_SELL,151832.87603523594,11.227715967655183,71134.83339141007,
2018-02-26,longbyungi,LONG,SOXL,STOP_BUY,166989.72347415637,11.407533539793489,0.0,
2018-02-27,longbyungi,LONG,SOXL,MOO_SELL,166989.72347415637,11.64150947856903,37724.443653740454,
2018-02-27,longbyungi,LONG,SOXL,STOP_BUY,170509.00763598704,11.827954163889883,0.0,
2018-02-28,longbyungi,LONG,SOXL,MOO_SELL,170509.00763598704,11.794100190639497,-7182.12794966856,
2018-03-02,longbyungi,LONG,SOXL,STOP_BUY,135765.47018999598,10.41707631463766,0.0,
2018-03-05,longbyungi,LONG,SOXL,MOO_SELL,135765.47018999598,11.099780661582948,91665.24049224542,
2018-03-05,longbyungi,LONG,SOXL,STOP_BUY,148820.30494056927,11.27754928483486,0.0,
2018-03-06,longbyungi,LONG,SOXL,MOO_SELL,148820.30494056927,11.847406806468964,83601.85808622837,
2018-03-06,longbyungi,LONG,SOXL,STOP_BUY,150279.2299003245,12.037149042041301,0.0,
2018-03-07,longbyungi,LONG,SOXL,MOO_SELL,150279.2299003245,11.744791285037994,-45186.17466510413,
2018-03-07,longbyungi,LONG,SOXL,STOP_BUY,152173.09453294548,11.932890080931186,0.0,
2018-03-08,longbyungi,LONG,SOXL,MOO_SELL,152173.09453294548,12.327166348934176,58706.13505174918,
2018-03-09,longbyungi,LONG,SOXL,STOP_BUY,162648.89094734867,12.654577400600909,0.0,
2018-03-12,longbyungi,LONG,SOXL,MOO_SELL,162648.89094734867,13.273359733104707,99168.25754278386,
2018-03-12,longbyungi,LONG,SOXL,STOP_BUY,178454.98235201288,13.48593932883024,0.0,
2018-03-13,longbyungi,LONG,SOXL,MOO_SELL,178454.98235201288,13.658500127792358,29098.913170968648,
2018-03-13,longbyungi,LONG,SOXL,STOP,162488.31529119567,12.760684573042166,-182943.4242903588,
2018-03-20,longbyungi,LONG,SOXL,STOP_BUY,143253.2550859342,12.253790435435771,0.0,
2018-03-21,longbyungi,LONG,SOXL,MOO_SELL,143253.2550859342,12.189902099132537,-10377.785620127106,
2018-03-21,longbyungi,LONG,SOXL,STOP_BUY,147567.65070168793,12.385129570720192,0.0,
2018-03-22,longbyungi,LONG,SOXL,MOO_SELL,147567.65070168793,11.77610858821869,-91119.69161938597,
2018-03-22,longbyungi,LONG,SOXL,STOP_BUY,150545.74801328476,11.9647089466238,0.0,
2018-03-23,longbyungi,LONG,SOXL,MOO_SELL,150545.74801328476,11.279024681568146,-104451.58642673003,
2018-03-26,yangbyungi,LONG,SOXL,STOP_BUY,55741.807390950504,11.150949809532165,0.0,
2018-03-27,yangbyungi,LONG,SOXL,MOO_SELL,55741.807390950504,11.834080152511598,37630.49051171669,
2018-03-28,yangbyungi,LONG,SOXL,STOP_BUY,68013.04780277278,10.249178653678891,0.0,
2018-03-28,yangbyungi,LONG,SOXL,LOC_SELL,17003.261950693195,9.564548409938812,-11758.861670698301,loser
2018-03-29,yangbyungi,LONG,SOXL,MOO_SELL,51009.785852079585,9.783772391796113,-24097.93054284266,
2018-03-29,yangbyungi,LONG,SOXL,STOP_BUY,68044.75032587409,9.940464474399088,0.0,
2018-04-02,yangbyungi,LONG,SOXL,MOO_SELL,68044.75032587409,9.875060114383698,-4922.343195597758,
2018-04-02,yangbyungi,LONG,SOXL,STOP_BUY,77058.3460430725,10.03321421621561,0.0,
2018-04-02,yangbyungi,LONG,SOXL,LOC_SELL,19264.586510768124,9.003496373653412,-19965.445485034637,loser
2018-04-02,yangbyungi,SHORT,SOXS,STOP_BUY,0.0013064795339488176,473420592.0,0.0,
2018-04-03,yangbyungi,LONG,SOXL,MOO_SELL,57793.75953230437,9.38797048330307,-37683.90928709868,
2018-04-03,yangbyungi,SHORT,SOXS,MOO_SELL,0.0013064795339488176,466326720.0,-9697.714805026539,
2018-04-03,yangbyungi,LONG,SOXL,STOP_BUY,80085.44120808986,9.538323597371576,0.0,
2018-04-03,yangbyungi,LONG,SOXL,LOC_SELL,20021.360302022465,9.519238167762756,-515.6616714193078,loser
2018-04-04,yangbyungi,LONG,SOXL,MOO_SELL,60064.08090606739,8.702978944778442,-50557.68527290813,
2018-04-06,longbyungi,LONG,SOXL,STOP_BUY,167013.16265744573,9.312880808408256,0.0,
2018-04-09,longbyungi,LONG,SOXL,MOO_SELL,167013.16265744573,9.041476527214053,-46400.98410452297,
2018-04-09,yangbyungi,LONG,SOXL,STOP_BUY,73202.21421723945,9.186280364642144,0.0,
2018-04-09,yangbyungi,LONG,SOXL,LOC_SELL,18300.553554309863,8.86356603050232,-6021.463717879786,loser
2018-04-10,yangbyungi,LONG,SOXL,MOO_SELL,54901.660662929586,9.493251144886017,16494.267555286293,
2018-04-10,longbyungi,LONG,SOXL,STOP_BUY,138242.0742803725,9.645290382206438,0.0,
2018-04-11,longbyungi,LONG,SOXL,MOO_SELL,138242.0742803725,9.569879643440249,-11354.657686751802,
2018-04-11,longbyungi,LONG,SOXL,STOP_BUY,145159.91102394278,9.723146125073432,0.0,
2018-04-12,longbyungi,LONG,SOXL,MOO_SELL,145159.91102394278,9.984338486194611,36913.40205104649,
2018-04-12,longbyungi,LONG,SOXL,STOP_BUY,142871.92777286528,10.14424273663759,0.0,
2018-04-13,longbyungi,LONG,SOXL,MOO_SELL,142871.92777286528,10.652004707336426,71505.01161652501,
2018-04-17,longbyungi,LONG,SOXL,STOP_BUY,174362.82369371387,10.456342664036749,0.0,
2018-04-18,longbyungi,LONG,SOXL,MOO_SELL,174362.82369371387,10.462099173545838,-272.86825250135735,
2018-04-23,yangbyungi,SHORT,SOXS,STOP_BUY,0.0014336180375689388,499000575.59999996,0.0,
2018-04-23,yangbyungi,SHORT,SOXS,LOC_SELL,0.0003584045093922347,496191780.0,-1131.5235087869805,loser
2018-04-24,yangbyungi,SHORT,SOXS,MOO_SELL,0.0010752135281767042,483957900.0,-16543.999892803957,
2018-04-24,yangbyungi,LONG,SOXL,STOP_BUY,126854.76936178716,8.677173671243189,0.0,
2018-04-24,yangbyungi,LONG,SOXL,LOC_SELL,31713.69234044679,8.125935114383697,-17668.321016270434,loser
2018-04-24,yangbyungi,SHORT,SOXS,STOP_BUY,0.0014290456012420543,513508626.0,0.0,
2018-04-24,yangbyungi,SHORT,SOXS,LOC_SELL,0.00035726140031051357,508065840.0,-2072.236541436054,loser
2018-04-25,yangbyungi,LONG,SOXL,MOO_SELL,95141.07702134037,8.247873855113983,-41407.64040919929,
2018-04-25,yangbyungi,SHORT,SOXS,MOO_SELL,0.0010717842009315406,500149800.0,-14698.026729938225,
2018-04-25,yangbyungi,SHORT,SOXS,STOP_BUY,0.00121580870424031,530689212.0,0.0,
2018-04-25,yangbyungi,SHORT,SOXS,LOC_SELL,0.0003039521760600775,510224760.0,-6330.9505406852695,loser
2018-04-26,yangbyungi,SHORT,SOXS,MOO_SELL,0.0009118565281802326,486476640.0,-40640.15066867438,
2018-04-26,yangbyungi,LONG,SOXL,STOP_BUY,111566.40185393544,8.592547400600909,0.0,
2018-04-27,yangbyungi,LONG,SOXL,MOO_SELL,111566.40185393544,8.899548282146455,33567.948158349725,
2018-04-30,longbyungi,LONG,SOXL,STOP_BUY,219900.56643720617,8.53026261261463,0.0,
2018-05-01,longbyungi,LONG,SOXL,MOO_SELL,219900.56643720617,8.062633269786835,-104109.0328916714,
2018-05-01,longbyungi,LONG,SOXL,STOP_BUY,211942.28009342347,8.19176043543577,0.0,
2018-05-02,longbyungi,LONG,SOXL,MOO_SELL,211942.28009342347,8.527067303180695,69825.50281584938,
2018-05-03,longbyungi,LONG,SOXL,STOP_BUY,214272.411000552,8.327161306307314,0.0,
2018-05-04,longbyungi,LONG,SOXL,MOO_SELL,214272.411000552,8.377142684459686,9456.885380273452,
2018-05-04,longbyungi,LONG,SOXL,STOP_BUY,211397.74754488093,8.511306878077983,0.0,
2018-05-07,longbyungi,LONG,SOXL,MOO_SELL,211397.74754488093,9.330665204048158,171890.39109376725,
2018-05-07,longbyungi,LONG,SOXL,STOP_BUY,219041.09578291612,9.48010054497242,0.0,
2018-05-08,longbyungi,LONG,SOXL,MOO_SELL,219041.09578291612,9.326001208782198,-35195.845655967714,
2018-05-08,longbyungi,LONG,SOXL,STOP_BUY,216426.92424615065,9.475361853454112,0.0,
2018-05-09,longbyungi,LONG,SOXL,MOO_SELL,216426.92424615065,9.714473028659821,50296.47727353941,
2018-05-09,longbyungi,LONG,SOXL,STOP_BUY,212492.8231711151,9.87005524677515,0.0,
2018-05-10,longbyungi,LONG,SOXL,MOO_SELL,212492.8231711151,10.168912786483764,62014.734426868614,
2018-05-10,longbyungi,LONG,SOXL,STOP_BUY,227875.13573204097,10.33177308806419,0.0,
2018-05-11,longbyungi,LONG,SOXL,MOO_SELL,227875.13573204097,10.372811259269715,7700.257844705135,
2018-05-11,longbyungi,LONG,SOXL,STOP_BUY,227266.5424547894,10.538937098422048,0.0,
2018-05-14,longbyungi,LONG,SOXL,MOO_SELL,227266.5424547894,10.710641603469849,37332.42778805457,
2018-05-14,longbyungi,LONG,SOXL,STOP_BUY,233442.84722405887,10.882177967119215,0.0,
2018-05-15,longbyungi,LONG,SOXL,MOO_SELL,233442.84722405887,10.486087341308595,-94210.4174908339,
2018-05-16,longbyungi,LONG,SOXL,STOP_BUY,200848.20266081629,10.551800229578017,0.0,
2018-05-17,longbyungi,LONG,SOXL,MOO_SELL,200848.20266081629,10.65267099237442,18769.10343202669,
2018-05-17,longbyungi,LONG,SOXL,STOP_BUY,215015.4957838949,10.82327892725229,0.0,
2018-05-18,longbyungi,LONG,SOXL,MOO_SELL,215015.4957838949,10.38747048330307,-95301.79257270927,
2018-05-23,longbyungi,LONG,SOXL,STOP_BUY,215508.84453962155,10.560600656683441,0.0,
2018-05-24,longbyungi,LONG,SOXL,MOO_SELL,215508.84453962155,10.838577862739564,58292.44720262103,
2018-05-24,longbyungi,LONG,SOXL,STOP_BUY,222233.67830275215,11.012163190541266,0.0,
2018-05-25,longbyungi,LONG,SOXL,MOO_SELL,222233.67830275215,10.961183841705322,-13038.454416750465,
2018-05-25,longbyungi,LONG,SOXL,STOP_BUY,219503.9333563008,11.136732766513823,0.0,
2018-05-29,longbyungi,LONG,SOXL,MOO_SELL,219503.9333563008,11.045141475677491,-21808.801625637803,
2018-05-29,longbyungi,LONG,SOXL,STOP_BUY,204702.35203364,11.22203502462387,0.0,
2018-05-30,longbyungi,LONG,SOXL,MOO_SELL,204702.35203364,11.187736005783082,-8626.656322616618,
2018-05-30,longbyungi,LONG,SOXL,STOP_BUY,156437.68580485965,11.366913278532026,0.0,
2018-05-31,longbyungi,LONG,SOXL,MOO_SELL,156437.68580485965,11.175741921901704,-31140.686907431576,
2018-05-31,longbyungi,LONG,SOXL,STOP_BUY,176206.70954981257,11.354727103307246,0.0,
2018-06-01,longbyungi,LONG,SOXL,MOO_SELL,176206.70954981257,11.253037658691406,-19312.636375350878,
2018-06-01,longbyungi,LONG,SOXL,STOP_BUY,168125.90686626444,11.433260770568847,0.0,
2018-06-04,longbyungi,LONG,SOXL,MOO_SELL,168125.90686626444,11.860733460426331,70498.52027623262,
2018-06-04,longbyungi,LONG,SOXL,STOP_BUY,188071.68032864056,12.050689129128456,0.0,
2018-06-05,longbyungi,LONG,SOXL,MOO_SELL,188071.68032864056,12.12726653957367,12810.526195313316,
2018-06-06,longbyungi,LONG,SOXL,STOP_BUY,199179.4240497271,12.413563656756876,0.0,
2018-06-07,longbyungi,LONG,SOXL,MOO_SELL,199179.4240497271,12.459766603469848,7468.686857289169,
2018-06-08,longbyungi,LONG,SOXL,STOP_BUY,213841.0341723595,11.854357382133005,0.0,
2018-06-11,longbyungi,LONG,SOXL,MOO_SELL,213841.0341723595,11.701478944778444,-34454.70468688337,
2018-06-11,longbyungi,LONG,SOXL,STOP_BUY,209490.4915160607,11.888884071550367,0.0,
2018-06-12,longbyungi,LONG,SOXL,MOO_SELL,209490.4915160607,11.772110877990723,-26197.73742631823,
2018-06-13,longbyungi,LONG,SOXL,STOP_BUY,201669.30926397163,12.063551291821001,0.0,
2018-06-14,longbyungi,LONG,SOXL,MOO_SELL,201669.30926397163,12.009991794109345,-12500.520090022124,
2018-06-14,longbyungi,LONG,SOXL,STOP_BUY,189181.27409167646,12.202337910811899,0.0,
2018-06-15,longbyungi,LONG,SOXL,MOO_SELL,189181.27409167646,11.733463486194612,-90287.13292974234,
2018-06-15,longbyungi,LONG,SOXL,STOP_BUY,199244.90281251716,11.92138086163759,0.0,
2018-06-18,longbyungi,LONG,SOXL,MOO_SELL,199244.90281251716,11.727465967655183,-40285.72347126994,
2018-06-27,yangbyungi,SHORT,SOXS,STOP_BUY,0.001718408253197918,413861227.2,0.0,
2018-06-28,yangbyungi,SHORT,SOXS,MOO_SELL,0.001718408253197918,427466160.0,22872.81843369105,
2018-06-28,yangbyungi,LONG,SOXL,STOP_BUY,120732.14155756825,9.251950900747774,0.0,
2018-06-29,yangbyungi,LONG,SOXL,MOO_SELL,120732.14155756825,9.598531806468964,41046.90426935814,
2018-06-29,yangbyungi,LONG,SOXL,STOP_BUY,123841.27313387133,9.7522571670413,0.0,
2018-06-29,yangbyungi,LONG,SOXL,LOC_SELL,30960.318283467834,9.428616730213164,-10227.857019884628,loser
2018-07-02,yangbyungi,LONG,SOXL,MOO_SELL,92880.9548504035,9.180740585327147,-53698.486040746444,
2018-07-02,yangbyungi,LONG,SOXL,STOP_BUY,113156.65376249065,9.327774807357784,0.0,
2018-07-03,yangbyungi,LONG,SOXL,MOO_SELL,113156.65376249065,9.692484669208527,40516.05344058829,
2018-07-05,yangbyungi,LONG,SOXL,STOP_BUY,112385.74821854194,9.52342959842205,0.0,
2018-07-06,yangbyungi,LONG,SOXL,MOO_SELL,112385.74821854194,9.75112156534195,24831.16736670374,
2018-07-06,longbyungi,LONG,SOXL,STOP_BUY,196132.81478966237,9.907290728380678,0.0,
2018-07-09,longbyungi,LONG,SOXL,MOO_SELL,196132.81478966237,10.471429070472718,109247.1134786997,
2018-07-10,longbyungi,LONG,SOXL,STOP_BUY,226822.81346188168,10.56127761261463,0.0,
2018-07-11,longbyungi,LONG,SOXL,MOO_SELL,226822.81346188168,10.141593193531037,-96837.55989370169,
2018-07-12,longbyungi,LONG,SOXL,STOP_BUY,215252.54897179958,9.965512812316417,0.0,
2018-07-13,longbyungi,LONG,SOXL,MOO_SELL,215252.54897179958,10.074959923744204,22048.9527187692,
2018-07-17,longbyungi,LONG,SOXL,STOP_BUY,233712.04664792182,9.83891430547714,0.0,
2018-07-18,longbyungi,LONG,SOXL,MOO_SELL,233712.04664792182,10.448106234550476,140716.03016334586,
2018-07-18,longbyungi,LONG,SOXL,STOP_BUY,243631.50098485895,10.615437960963249,0.0,
2018-07-19,longbyungi,LONG,SOXL,MOO_SELL,243631.50098485895,10.421453879833221,-49054.47019020794,
2018-07-19,longbyungi,LONG,SOXL,STOP_BUY,238854.1518795467,10.588358755252358,0.0,
2018-07-20,longbyungi,LONG,SOXL,MOO_SELL,238854.1518795467,10.388136768341065,-49577.46593802748,
2018-07-23,longbyungi,LONG,SOXL,STOP_BUY,225253.15762534965,10.358854230701919,0.0,
2018-07-24,longbyungi,LONG,SOXL,MOO_SELL,225253.15762534965,10.537396055221558,38569.67851543799,
2018-07-24,longbyungi,LONG,SOXL,STOP_BUY,225515.18608778188,10.706157803449628,0.0,
2018-07-25,longbyungi,LONG,SOXL,MOO_SELL,225515.18608778188,9.981673346042633,-165015.14426184446,
2018-07-25,longbyungi,LONG,SOXL,STOP_BUY,226371.03074742368,10.141534912912844,0.0,
2018-07-26,longbyungi,LONG,SOXL,MOO_SELL,226371.03074742368,10.361483460426332,48165.52812111424,
2018-07-26,longbyungi,LONG,SOXL,STOP_BUY,224668.175329685,10.527427879128455,0.0,
2018-07-27,longbyungi,LONG,SOXL,MOO_SELL,224668.175329685,10.761284032344818,50866.02161164489,
2018-07-27,longbyungi,LONG,SOXL,STOP_BUY,223591.17942940505,10.933631460206506,0.0,
2018-07-30,longbyungi,LONG,SOXL,MOO_SELL,223591.17942940505,10.564714694976809,-84168.92884940561,
2018-07-31,longbyungi,LONG,SOXL,STOP_BUY,189132.82702987848,10.629655003981588,0.0,
2018-08-01,longbyungi,LONG,SOXL,MOO_SELL,189132.82702987848,10.547390330791474,-16960.796263442375,
2018-08-01,longbyungi,LONG,SOXL,STOP_BUY,207033.42413342246,10.71631214241743,0.0,
2018-08-02,longbyungi,LONG,SOXL,MOO_SELL,207033.42413342246,10.14958956718445,-118842.49396169465,
2018-08-02,longbyungi,LONG,SOXL,STOP_BUY,199399.31888804838,10.312140397596359,0.0,
2018-08-03,longbyungi,LONG,SOXL,MOO_SELL,199399.31888804838,10.745291285037995,84900.39879434882,
2018-08-06,longbyungi,LONG,SOXL,STOP_BUY,214075.6432162213,10.922121272449493,0.0,
2018-08-07,longbyungi,LONG,SOXL,MOO_SELL,214075.6432162213,11.109774937152864,38521.306649934966,
2018-08-07,longbyungi,LONG,SOXL,STOP_BUY,210553.71799302704,11.287703623802662,0.0,
2018-08-08,longbyungi,LONG,SOXL,MOO_SELL,210553.71799302704,11.202396183013917,-19619.17977686599,
2018-08-08,longbyungi,LONG,SOXL,STOP_BUY,207089.73470611018,11.381808245944976,0.0,
2018-08-09,longbyungi,LONG,SOXL,MOO_SELL,207089.73470611018,11.209725318431856,-37274.07394850068,
2018-08-13,yangbyungi,LONG,SOXL,STOP_BUY,142634.83367753983,10.381194744894504,0.0,
2018-08-13,yangbyungi,LONG,SOXL,LOC_SELL,35658.70841938496,10.2048950381279,-6543.545518587227,loser
2018-08-14,yangbyungi,LONG,SOXL,MOO_SELL,106976.12525815488,10.388136768341065,-35.007143556606025,
2018-08-17,yangbyungi,LONG,SOXL,STOP_BUY,151225.1311589633,9.553217596321105,0.0,
2018-08-17,yangbyungi,LONG,SOXL,LOC_SELL,37806.28278974083,9.46593155193329,-3551.626043615339,loser
2018-08-20,yangbyungi,LONG,SOXL,MOO_SELL,113418.84836922248,9.528566158294678,-3553.419590000063,
2018-08-21,yangbyungi,LONG,SOXL,STOP_BUY,159755.90569012545,9.708252126123904,0.0,
2018-08-22,yangbyungi,LONG,SOXL,MOO_SELL,159755.90569012545,9.911708651065824,31406.33979941439,
2018-08-22,longbyungi,LONG,SOXL,STOP_BUY,216593.3493839909,10.070449697821136,0.0,
2018-08-23,longbyungi,LONG,SOXL,MOO_SELL,216593.3493839909,10.132264249801636,11857.100135930814,
2018-08-23,longbyungi,LONG,SOXL,STOP_BUY,223557.19037746906,10.294537606458663,0.0,
2018-08-24,longbyungi,LONG,SOXL,MOO_SELL,223557.19037746906,10.290851527214052,-2434.7536345771514,
2018-08-24,longbyungi,LONG,SOXL,STOP_BUY,217049.10315050904,10.455664739642144,0.0,
2018-08-27,longbyungi,LONG,SOXL,MOO_SELL,217049.10315050904,10.814589694976808,76288.49827663926,
2018-08-27,longbyungi,LONG,SOXL,STOP_BUY,220534.96012068912,10.987790840091705,0.0,
2018-08-28,longbyungi,LONG,SOXL,MOO_SELL,220534.96012068912,11.253037658691406,56779.4884829144,
2018-08-29,longbyungi,LONG,SOXL,STOP_BUY,208650.57047755612,11.410242331981657,0.0,
2018-08-30,longbyungi,LONG,SOXL,MOO_SELL,208650.57047755612,11.217721692085266,-41822.00950391451,
2018-08-31,longbyungi,LONG,SOXL,STOP_BUY,194763.30235367102,11.102882064564223,0.0,
2018-09-04,longbyungi,LONG,SOXL,MOO_SELL,194763.30235367102,11.045807760715485,-12625.793087729719,
2018-09-04,longbyungi,LONG,SOXL,STOP_BUY,201673.04158451123,11.222711980555056,0.0,
2018-09-05,longbyungi,LONG,SOXL,MOO_SELL,201673.04158451123,11.394299618721007,33008.16635495704,
2018-09-07,longbyungi,LONG,SOXL,STOP_BUY,193154.4258378654,10.425877710206509,0.0,
2018-09-10,longbyungi,LONG,SOXL,MOO_SELL,193154.4258378654,10.507410368919373,14333.21884678048,
2018-09-13,longbyungi,LONG,SOXL,STOP_BUY,217198.44228881295,10.397442655706405,0.0,
2018-09-14,longbyungi,LONG,SOXL,MOO_SELL,217198.44228881295,10.448106234550476,9419.383144041989,
2018-09-14,longbyungi,LONG,SOXL,STOP_BUY,226841.0070335528,10.615437960963249,0.0,
2018-09-17,longbyungi,LONG,SOXL,MOO_SELL,226841.0070335528,10.41212398290634,-47789.417190809734,
2018-09-18,longbyungi,LONG,SOXL,STOP_BUY,204682.45905564824,10.43332422544956,0.0,
2018-09-19,longbyungi,LONG,SOXL,MOO_SELL,204682.45905564824,10.408126272678375,-6650.636704759672,
2018-09-19,longbyungi,LONG,SOXL,STOP_BUY,215406.28690291423,10.574817699701786,0.0,
2018-09-20,longbyungi,LONG,SOXL,MOO_SELL,215406.28690291423,10.639344338417054,12300.061295945663,
2018-09-20,longbyungi,LONG,SOXL,STOP_BUY,225735.1987098167,10.809738840165137,0.0,
2018-09-21,longbyungi,LONG,SOXL,MOO_SELL,225735.1987098167,10.829915204048158,2844.824448386673,
2018-09-24,longbyungi,LONG,SOXL,STOP_BUY,229490.86861860086,10.645226927325723,0.0,
2018-09-25,longbyungi,LONG,SOXL,MOO_SELL,229490.86861860086,10.713307696819307,13908.358895144891,
2018-09-26,longbyungi,LONG,SOXL,STOP_BUY,229622.10999912568,10.337866659908292,0.0,
2018-09-27,longbyungi,LONG,SOXL,MOO_SELL,229622.10999912568,10.068296120166782,-63539.35328314034,
2018-09-28,longbyungi,LONG,SOXL,STOP_BUY,226656.53104609455,10.21059022867441,0.0,
2018-10-01,longbyungi,LONG,SOXL,MOO_SELL,226656.53104609455,10.38747048330307,38457.025179143064,
2018-10-01,longbyungi,LONG,SOXL,STOP_BUY,228138.48027109422,10.553831097371576,0.0,
2018-10-02,longbyungi,LONG,SOXL,MOO_SELL,228138.48027109422,10.319504643440249,-55125.584970141295,
2018-10-02,longbyungi,LONG,SOXL,STOP_BUY,226681.6045199597,10.484776750073433,0.0,
2018-10-03,longbyungi,LONG,SOXL,MOO_SELL,226681.6045199597,10.535396246910096,9806.798473142553,
2018-10-08,yangbyungi,LONG,SOXL,STOP_BUY,126859.15184729932,9.1395675,0.0,
2018-10-08,yangbyungi,LONG,SOXL,LOC_SELL,31714.78796182483,8.840245100975038,-9692.525497783034,loser
2018-10-09,yangbyungi,LONG,SOXL,MOO_SELL,95144.3638854745,8.773610877990723,-35415.22829742904,
2018-10-09,yangbyungi,LONG,SOXL,STOP_BUY,120534.03701551404,8.914124711036681,0.0,
2018-10-09,yangbyungi,LONG,SOXL,LOC_SELL,30133.50925387851,8.83291405916214,-2634.3351247287355,loser
2018-10-10,yangbyungi,LONG,SOXL,MOO_SELL,90400.52776163553,8.502413803577424,-37769.94581526448,
2018-10-10,yangbyungi,SHORT,SOXS,STOP_BUY,0.0015462469262312508,447840608.4,0.0,
2018-10-11,yangbyungi,SHORT,SOXS,MOO_SELL,0.0015462469262312508,461289240.0,20302.89654174482,
2018-10-11,yangbyungi,LONG,SOXL,STOP_BUY,93743.44354238697,7.765247692190408,0.0,
2018-10-11,yangbyungi,LONG,SOXL,LOC_SELL,23435.860885596743,7.416956837892532,-8287.028820706939,loser
2018-10-12,yangbyungi,LONG,SOXL,MOO_SELL,70307.58265679023,8.036646246910095,18692.528781397734,
2018-10-15,yangbyungi,LONG,SOXL,STOP_BUY,83698.89545022475,7.843779906756877,0.0,
2018-10-15,yangbyungi,LONG,SOXL,LOC_SELL,20924.723862556188,7.620854834079743,-4777.9032118648465,loser
2018-10-16,yangbyungi,LONG,SOXL,MOO_SELL,62774.17158766856,7.909376272678376,3771.6455647143302,
2018-10-16,yangbyungi,LONG,SOXL,STOP_BUY,81699.42656778527,8.036048949701785,0.0,
2018-10-17,yangbyungi,LONG,SOXL,MOO_SELL,81699.42656778527,8.528400826454163,39751.20888339926,
2018-10-22,yangbyungi,LONG,SOXL,STOP_BUY,94728.7305556633,7.548605330332516,0.0,
2018-10-22,yangbyungi,LONG,SOXL,LOC_SELL,23682.182638915823,7.424285973310471,-3068.260479818593,loser
2018-10-23,yangbyungi,LONG,SOXL,MOO_SELL,71046.54791674747,6.839911101102829,-50708.06756302336,
2018-10-24,yangbyungi,SHORT,SOXS,STOP_BUY,0.0010280616893834236,522289814.4,0.0,
2018-10-25,yangbyungi,SHORT,SOXS,MOO_SELL,0.0010280616893834236,549445140.0,27531.716535365907,
2018-10-25,yangbyungi,LONG,SOXL,STOP_BUY,91484.99527045092,6.093722440162896,0.0,
2018-10-26,yangbyungi,LONG,SOXL,MOO_SELL,91484.99527045092,5.8364133908748626,-23921.91710418742,
2018-10-29,yangbyungi,LONG,SOXL,STOP_BUY,90538.63216711809,6.364523697674273,0.0,
2018-10-29,yangbyungi,LONG,SOXL,LOC_SELL,22634.658041779523,5.751123186826706,-13980.092539152538,loser
2018-10-30,yangbyungi,LONG,SOXL,MOO_SELL,67903.97412533857,5.718472360372544,-44156.62249986589,
2018-10-30,yangbyungi,LONG,SOXL,STOP_BUY,94580.8437682245,5.81005659880042,0.0,
2018-10-31,yangbyungi,LONG,SOXL,MOO_SELL,94580.8437682245,6.763283555746079,89740.79089825682,
2018-11-01,yangbyungi,LONG,SOXL,STOP_BUY,96331.62494219828,6.900035062011479,0.0,
2018-11-02,yangbyungi,LONG,SOXL,MOO_SELL,96331.62494219828,7.61419103050232,68306.44226239738,
2018-11-02,yangbyungi,SHORT,SOXS,STOP_BUY,0.0013586229110831877,442113746.4,0.0,
2018-11-02,yangbyungi,SHORT,SOXS,LOC_SELL,0.00033965572777079693,431784000.0,-3612.446062447503,loser
2018-11-05,yangbyungi,SHORT,SOXS,MOO_SELL,0.0010189671833123908,431784000.0,-10837.33818734251,
2018-11-06,longbyungi,LONG,SOXL,STOP_BUY,202097.60851350287,7.156619276504515,0.0,
2018-11-07,longbyungi,LONG,SOXL,MOO_SELL,202097.60851350287,7.653504230737687,99371.67926695384,
2018-11-08,longbyungi,LONG,SOXL,STOP_BUY,244536.09339909334,7.514078156683444,0.0,
2018-11-09,longbyungi,LONG,SOXL,MOO_SELL,244536.09339909334,7.196399809360504,-78942.85699667945,
2018-11-13,yangbyungi,LONG,SOXL,STOP_BUY,111843.67396214661,6.364523697674273,0.0,
2018-11-14,yangbyungi,LONG,SOXL,MOO_SELL,111843.67396214661,6.629350731134415,29110.579457386397,
2018-11-14,yangbyungi,LONG,SOXL,STOP_BUY,109247.9673836291,6.735523149172066,0.0,
2018-11-14,yangbyungi,LONG,SOXL,LOC_SELL,27311.991845907276,6.467431551933289,-7448.325164640235,loser
2018-11-15,yangbyungi,LONG,SOXL,MOO_SELL,81935.97553772182,6.39546752524376,-28239.354469394195,
2018-11-15,yangbyungi,LONG,SOXL,STOP_BUY,105138.20866499859,6.497894184983968,0.0,
2018-11-16,yangbyungi,LONG,SOXL,MOO_SELL,105138.20866499859,6.386804866552353,-12153.867903828854,
2018-11-19,longbyungi,LONG,SOXL,STOP,233974.12516000407,6.258949100545536,-129208.16128373565,
2018-11-21,yangbyungi,LONG,SOXL,STOP_BUY,94755.89420910878,6.417330134160518,0.0,
2018-11-21,yangbyungi,LONG,SOXL,LOC_SELL,23688.973552277195,6.169580693006516,-5973.28980827998,loser
2018-11-23,yangbyungi,LONG,SOXL,MOO_SELL,71066.92065683159,6.063633746385575,-25446.55741104664,
2018-11-23,yangbyungi,LONG,SOXL,STOP_BUY,105203.78050277462,6.160745919667481,0.0,
2018-11-26,yangbyungi,LONG,SOXL,MOO_SELL,105203.78050277462,6.430116253614426,27875.165281366906,
2018-11-27,yangbyungi,LONG,SOXL,STOP_BUY,111006.66300616095,6.505341184458731,0.0,
2018-11-28,yangbyungi,LONG,SOXL,MOO_SELL,111006.66300616095,6.753954135417938,27082.53952155041,
2018-11-28,yangbyungi,LONG,SOXL,STOP_BUY,105815.73805715209,6.862122140243052,0.0,
2018-11-29,yangbyungi,LONG,SOXL,MOO_SELL,105815.73805715209,6.907211609125139,4261.221153727383,
2018-11-29,yangbyungi,LONG,SOXL,STOP_BUY,106630.68376076083,7.017834110208749,0.0,
2018-11-29,yangbyungi,LONG,SOXL,LOC_SELL,26657.670940190208,6.841244624376297,-4836.772170973156,loser
2018-11-30,yangbyungi,LONG,SOXL,MOO_SELL,79973.01282057063,6.859235750198365,-13072.01555848238,
2018-11-30,yangbyungi,LONG,SOXL,STOP_BUY,104841.84155302662,6.969089893541335,0.0,
2018-12-03,yangbyungi,LONG,SOXL,MOO_SELL,104841.84155302662,7.7934340972900396,85884.05882416829,
2018-12-07,yangbyungi,SHORT,SOXS,STOP_BUY,0.0011386710055855424,472275219.59999996,0.0,
2018-12-10,yangbyungi,SHORT,SOXS,MOO_SELL,0.0011386710055855424,494752500.0,25208.83322682907,
2018-12-10,yangbyungi,LONG,SOXL,STOP_BUY,106769.26222399472,5.803963511188029,0.0,
2018-12-11,yangbyungi,LONG,SOXL,MOO_SELL,106769.26222399472,6.267531742572785,49043.735430667875,
2018-12-11,yangbyungi,LONG,SOXL,STOP_BUY,101890.08712508941,6.367909445793628,0.0,
2018-12-11,yangbyungi,LONG,SOXL,LOC_SELL,25472.521781272353,6.092285432815552,-7131.926078931254,loser
2018-12-12,yangbyungi,LONG,SOXL,MOO_SELL,76417.56534381706,6.3841392498016365,899.1739282371709,
2018-12-12,yangbyungi,LONG,SOXL,STOP_BUY,103809.47313508496,6.486384481458663,0.0,
2018-12-12,yangbyungi,LONG,SOXL,LOC_SELL,25952.36828377124,6.3621504137516025,-3340.8757468521944,loser
2018-12-13,yangbyungi,LONG,SOXL,MOO_SELL,77857.10485131372,6.48142449092865,-739.5431247560191,
2018-12-14,yangbyungi,LONG,SOXL,STOP_BUY,114664.1798224771,6.17767030217886,0.0,
2018-12-14,yangbyungi,LONG,SOXL,LOC_SELL,28666.044955619276,6.02298702287674,-4556.5684453360445,loser
2018-12-17,yangbyungi,LONG,SOXL,MOO_SELL,85998.13486685783,5.963683841705323,-18767.88332138094,
2018-12-17,yangbyungi,LONG,SOXL,STOP_BUY,110542.05231772998,6.059195266513823,0.0,
2018-12-17,yangbyungi,LONG,SOXL,LOC_SELL,27635.513079432494,5.7971001906394966,-7357.81108024274,loser
2018-12-18,yangbyungi,LONG,SOXL,MOO_SELL,82906.53923829748,5.9430270991325385,-9979.372679064109,
2018-12-18,yangbyungi,LONG,SOXL,STOP_BUY,97149.82513589981,6.038207695720194,0.0,
2018-12-18,yangbyungi,LONG,SOXL,LOC_SELL,24287.456283974952,6.026318448066712,-391.3154105897702,loser
2018-12-19,yangbyungi,LONG,SOXL,MOO_SELL,72862.36885192485,5.968347360372544,-5396.3786373179755,
2018-12-19,yangbyungi,LONG,SOXL,STOP_BUY,92505.20552892108,6.06393347380042,0.0,
2018-12-19,yangbyungi,LONG,SOXL,LOC_SELL,23126.30138223027,5.264699364185334,-18575.025175957926,loser
2018-12-19,yangbyungi,SHORT,SOXS,STOP_BUY,0.0008952006778972546,501291320.4,0.0,
2018-12-20,yangbyungi,LONG,SOXL,MOO_SELL,69378.90414669081,5.2380465328693395,-57573.572556503816,
2018-12-20,yangbyungi,SHORT,SOXS,MOO_SELL,0.0008952006778972546,525337200.0,21204.224226962077,
2018-12-20,yangbyungi,LONG,SOXL,STOP_BUY,102981.73692090648,5.3219365077316745,0.0,
2018-12-20,yangbyungi,LONG,SOXL,LOC_SELL,25745.43423022662,5.130100731134415,-5033.077652445965,loser
2018-12-20,yangbyungi,SHORT,SOXS,STOP_BUY,0.0007865775985230313,557414568.0,0.0,
2018-12-20,yangbyungi,SHORT,SOXS,LOC_SELL,0.00019664439963075782,538650540.0,-3765.278293506344,loser
2018-12-21,yangbyungi,LONG,SOXL,MOO_SELL,77236.30269067986,5.229383874177933,-7433.653961157543,
2018-12-21,yangbyungi,SHORT,SOXS,MOO_SELL,0.0005899331988922735,528575580.0,-17237.30801834725,
2018-12-21,yangbyungi,LONG,SOXL,STOP_BUY,91643.89592679284,5.313135112162828,0.0,
2018-12-21,yangbyungi,LONG,SOXL,LOC_SELL,22910.97398169821,4.894884478569031,-9664.385869033067,loser
2018-12-21,yangbyungi,SHORT,SOXS,STOP_BUY,0.0006945397969377954,560850685.1999999,0.0,
2018-12-24,yangbyungi,LONG,SOXL,MOO_SELL,68732.92194509463,4.766282887458802,-37829.227023800195,
2018-12-24,yangbyungi,SHORT,SOXS,MOO_SELL,0.0006945397969377954,577151280.0,11044.776123518648,
2018-12-24,yangbyungi,LONG,SOXL,STOP_BUY,93271.775804764,4.842617328000068,0.0,
2018-12-24,yangbyungi,LONG,SOXL,LOC_SELL,23317.943951191,4.469764122009278,-8770.171115361314,loser
2018-12-24,yangbyungi,SHORT,SOXS,STOP_BUY,0.0005900523727762259,612392443.1999999,0.0,
2018-12-24,yangbyungi,SHORT,SOXS,LOC_SELL,0.00014751309319405647,611334180.0,-219.28817283968965,loser
2018-12-26,yangbyungi,LONG,SOXL,MOO_SELL,69953.83185357299,4.650340712070466,-13682.91013679828,
2018-12-26,yangbyungi,SHORT,SOXS,MOO_SELL,0.0004425392795821694,588305700.0,-10845.304615159315,
2018-12-26,yangbyungi,LONG,SOXL,STOP_BUY,78621.67081556043,4.724818279802798,0.0,
2018-12-27,yangbyungi,LONG,SOXL,MOO_SELL,78621.67081556043,4.954188612937927,17767.13593379571,
2018-12-28,yangbyungi,LONG,SOXL,STOP_BUY,81380.56760067899,5.539255341289042,0.0,
2018-12-28,yangbyungi,LONG,SOXL,LOC_SELL,20345.141900169747,5.448607379436493,-1922.4880160327448,loser
2018-12-31,yangbyungi,LONG,SOXL,MOO_SELL,61035.42570050924,5.6351810114383705,5616.1513452577055,
2019-01-04,yangbyungi,LONG,SOXL,STOP_BUY,106344.0457675434,4.998327845270633,0.0,
2019-01-07,yangbyungi,LONG,SOXL,MOO_SELL,106344.0457675434,5.395967525243759,41899.73232814227,
2019-01-07,yangbyungi,LONG,SOXL,STOP_BUY,117555.35101197638,5.482386684983967,0.0,
2019-01-08,yangbyungi,LONG,SOXL,MOO_SELL,117555.35101197638,5.772445261240006,33634.864743805956,
2019-01-08,yangbyungi,SHORT,SOXS,STOP_BUY,0.0011388812173810958,458912541.59999996,0.0,
2019-01-08,yangbyungi,SHORT,SOXS,LOC_SELL,0.00028472030434527394,451574100.0,-2180.135237566559,loser
2019-01-09,yangbyungi,SHORT,SOXS,MOO_SELL,0.0008541609130358218,440419680.0,-16064.740599934594,
2019-01-09,yangbyungi,LONG,SOXL,STOP_BUY,117523.05989657022,5.766051557883023,0.0,
2019-01-10,yangbyungi,LONG,SOXL,MOO_SELL,117523.05989657022,5.75778651380539,-1445.3441193618346,
2019-01-10,longbyungi,LONG,SOXL,STOP_BUY,237206.48929533237,5.850000388362407,0.0,
2019-01-11,longbyungi,LONG,SOXL,MOO_SELL,237206.48929533237,6.015657887458802,38309.919886125484,
2019-01-11,longbyungi,LONG,SOXL,STOP_BUY,236482.72950828075,6.112001703000067,0.0,
2019-01-14,longbyungi,LONG,SOXL,MOO_SELL,236482.72950828075,6.046975190639496,-16384.03294877452,
2019-01-15,longbyungi,LONG,SOXL,STOP_BUY,239730.5371409708,6.122156526199578,0.0,
2019-01-16,longbyungi,LONG,SOXL,MOO_SELL,239730.5371409708,6.096949904680252,-7068.049448157195,
2019-01-17,longbyungi,LONG,SOXL,STOP_BUY,249076.20605609732,5.883850606080293,0.0,
2019-01-18,longbyungi,LONG,SOXL,MOO_SELL,249076.20605609732,6.260201177358628,92681.29442052357,
2019-01-18,longbyungi,LONG,SOXL,STOP_BUY,252593.73923754497,6.360461477855443,0.0,
2019-01-22,longbyungi,LONG,SOXL,MOO_SELL,252593.73923754497,6.312175223112106,-13317.165680999635,
2019-01-24,longbyungi,LONG,SOXL,STOP_BUY,235066.3998084237,6.2886997910642615,0.0,
2019-01-25,longbyungi,LONG,SOXL,MOO_SELL,235066.3998084237,6.891219815015793,140547.85815472365,
2019-01-25,longbyungi,LONG,SOXL,STOP_BUY,230921.43473562188,7.001586199396847,0.0,
2019-01-28,longbyungi,LONG,SOXL,MOO_SELL,230921.43473562188,6.450106234550477,-128435.74415103858,
2019-01-30,longbyungi,LONG,SOXL,STOP_BUY,217109.37222217713,6.982629496396779,0.0,
2019-01-31,longbyungi,LONG,SOXL,MOO_SELL,217109.37222217713,7.06246698474884,16266.20424797386,
2019-01-31,longbyungi,LONG,SOXL,STOP_BUY,230397.2651376646,7.175575979504584,0.0,
2019-02-01,longbyungi,LONG,SOXL,MOO_SELL,230397.2651376646,7.103113708257675,-17846.528989784885,
2019-02-01,longbyungi,LONG,SOXL,STOP_BUY,242357.76339325833,7.216873680928945,0.0,
2019-02-04,longbyungi,LONG,SOXL,MOO_SELL,242357.76339325833,7.356320133447648,32559.756015134742,
2019-02-05,longbyungi,LONG,SOXL,STOP_BUY,246265.5415647243,7.582456516513823,0.0,
2019-02-06,longbyungi,LONG,SOXL,MOO_SELL,246265.5415647243,7.829416348934174,59489.30224952358,
2019-02-06,longbyungi,LONG,SOXL,STOP_BUY,242912.14124285153,7.954808427178858,0.0,
2019-02-07,longbyungi,LONG,SOXL,MOO_SELL,242912.14124285153,7.862733460426331,-23710.922867911635,
2019-02-08,longbyungi,LONG,SOXL,STOP_BUY,246477.30624180625,7.386124285286664,0.0,
2019-02-11,longbyungi,LONG,SOXL,MOO_SELL,246477.30624180625,7.702146851301194,76590.77003392763,
2019-02-12,longbyungi,LONG,SOXL,STOP_BUY,237178.5204627424,8.110520397144555,0.0,
2019-02-13,longbyungi,LONG,SOXL,MOO_SELL,237178.5204627424,8.327833778858185,50177.47776878672,
2019-02-14,longbyungi,LONG,SOXL,STOP_BUY,242240.97868501762,8.262168694596289,0.0,
2019-02-15,longbyungi,LONG,SOXL,MOO_SELL,242240.97868501762,8.528400826454163,63068.75478093978,
2019-02-19,longbyungi,LONG,SOXL,STOP_BUY,255116.30095887667,8.433452103674412,0.0,
2019-02-20,longbyungi,LONG,SOXL,MOO_SELL,255116.30095887667,8.467764122009278,7244.433678203262,
2019-02-20,longbyungi,LONG,SOXL,STOP_BUY,251260.44832261215,8.603379663963317,0.0,
2019-02-21,longbyungi,LONG,SOXL,MOO_SELL,251260.44832261215,8.648340712070466,9779.796855850145,
2019-02-28,longbyungi,LONG,SOXL,STOP_BUY,259803.31515191038,8.453084794142246,0.0,
2019-03-01,longbyungi,LONG,SOXL,MOO_SELL,259803.31515191038,8.698315902709961,62152.25821808074,
2019-03-11,longbyungi,LONG,SOXL,STOP_BUY,253664.98982920378,8.112551264938116,0.0,
2019-03-12,longbyungi,LONG,SOXL,MOO_SELL,253664.98982920378,8.453771183013917,85084.74344287603,
2019-03-12,longbyungi,LONG,SOXL,STOP_BUY,276639.0033697231,8.589162620944975,0.0,
2019-03-13,longbyungi,LONG,SOXL,MOO_SELL,276639.0033697231,8.631015394687653,9910.78910699999,
2019-03-13,longbyungi,LONG,SOXL,STOP_BUY,282961.91932809574,8.769245488665103,0.0,
2019-03-14,longbyungi,LONG,SOXL,MOO_SELL,282961.91932809574,8.605694656848907,-47999.413522542454,
2019-03-15,longbyungi,LONG,SOXL,STOP_BUY,279548.98635477683,8.901261579880714,0.0,
2019-03-18,longbyungi,LONG,SOXL,MOO_SELL,279548.98635477683,9.23937843465805,92745.30488770735,
2019-03-18,longbyungi,LONG,SOXL,STOP_BUY,287034.8749005347,9.387351771619318,0.0,
2019-03-19,longbyungi,LONG,SOXL,MOO_SELL,287034.8749005347,9.357985750198365,-10312.270248580258,
2019-03-19,longbyungi,LONG,SOXL,STOP_BUY,277644.3400456516,9.507858643541335,0.0,
2019-03-20,longbyungi,LONG,SOXL,MOO_SELL,277644.3400456516,9.461266603469848,-14779.35080818599,
2019-03-20,longbyungi,LONG,SOXL,STOP_BUY,263937.6129743235,9.612793592119216,0.0,
2019-03-21,longbyungi,LONG,SOXL,MOO_SELL,263937.6129743235,9.232048346042633,-102233.84331008745,
2019-03-21,longbyungi,LONG,SOXL,STOP_BUY,254285.4229011848,9.379904287912844,0.0,
2019-03-22,longbyungi,LONG,SOXL,MOO_SELL,254285.4229011848,10.006327798843385,157564.99471359327,
2019-03-25,longbyungi,LONG,SOXL,STOP_BUY,229140.16449333608,9.286477590165138,0.0,
2019-03-26,longbyungi,LONG,SOXL,MOO_SELL,229140.16449333608,9.314673409938813,4969.000000989065,
2019-03-28,longbyungi,LONG,SOXL,STOP_BUY,256812.94040730954,9.028538979578018,0.0,
2019-03-29,longbyungi,LONG,SOXL,MOO_SELL,256812.94040730954,9.069463358402254,8883.179641624447,
2019-03-29,longbyungi,LONG,SOXL,STOP_BUY,264980.66978305276,9.214715419142246,0.0,
2019-04-01,longbyungi,LONG,SOXL,MOO_SELL,264980.66978305276,9.572544783592226,93075.47338283155,
2019-04-01,longbyungi,LONG,SOXL,STOP_BUY,272612.5610773816,9.72585394879818,0.0,
2019-04-02,longbyungi,LONG,SOXL,MOO_SELL,272612.5610773816,9.82441863870621,25004.595089681912,
2019-04-03,longbyungi,LONG,SOXL,STOP_BUY,263895.41011017945,10.395411787912844,0.0,
2019-04-04,longbyungi,LONG,SOXL,MOO_SELL,263895.41011017945,10.430781870365141,7410.424493610393,
2019-04-04,longbyungi,LONG,SOXL,STOP_BUY,252306.32605951067,10.597836138288972,0.0,
2019-04-05,longbyungi,LONG,SOXL,MOO_SELL,252306.32605951067,10.787271055221558,45907.168678714894,
2019-04-08,longbyungi,LONG,SOXL,STOP_BUY,268111.5626294848,10.849005189564226,0.0,
2019-04-09,longbyungi,LONG,SOXL,MOO_SELL,268111.5626294848,10.727965967655182,-34476.77733431198,
2019-04-10,longbyungi,LONG,SOXL,STOP_BUY,241282.27671638227,10.702772055330275,0.0,
2019-04-11,longbyungi,LONG,SOXL,MOO_SELL,241282.27671638227,10.86123346042633,36412.87427216489,
2019-04-16,longbyungi,LONG,SOXL,STOP_BUY,266304.1173379013,11.373006850376127,0.0,
2019-04-17,longbyungi,LONG,SOXL,MOO_SELL,266304.1173379013,12.726965967655183,358318.61494239187,
2019-04-17,longbyungi,LONG,SOXL,STOP_BUY,264205.7656158234,12.93079478979349,0.0,
2019-04-18,longbyungi,LONG,SOXL,MOO_SELL,264205.7656158234,12.595031998157502,-91070.89014281286,
2019-04-22,longbyungi,LONG,SOXL,STOP_BUY,265438.25528616534,12.626143314564224,0.0,
2019-04-23,longbyungi,LONG,SOXL,MOO_SELL,265438.25528616534,12.771610877990723,36253.118790288456,
2019-04-23,longbyungi,LONG,SOXL,STOP_BUY,254114.40960416215,12.97615471103668,0.0,
2019-04-24,longbyungi,LONG,SOXL,MOO_SELL,254114.40960416215,12.960849173545839,-6196.195873320568,
2019-04-24,longbyungi,LONG,SOXL,STOP_BUY,252799.27791552097,13.168423753981587,0.0,
2019-04-25,longbyungi,LONG,SOXL,MOO_SELL,252799.27791552097,13.256035368919374,19810.123528332915,
2019-04-30,longbyungi,LONG,SOXL,STOP_BUY,252957.46606822024,12.398669657807348,0.0,
2019-05-01,longbyungi,LONG,SOXL,MOO_SELL,252957.46606822024,12.927533015251159,131537.67657666001,
2019-05-02,longbyungi,LONG,SOXL,STOP_BUY,233512.8897655341,12.353986692495342,0.0,
2019-05-03,longbyungi,LONG,SOXL,MOO_SELL,233512.8897655341,12.85690108203888,115376.51886675553,
2019-05-08,longbyungi,LONG,SOXL,STOP_BUY,201944.2117745851,11.29785893123388,0.0,
2019-05-09,longbyungi,LONG,SOXL,MOO_SELL,201944.2117745851,10.561383269786838,-150272.01854478568,
2019-05-09,longbyungi,LONG,SOXL,STOP_BUY,203085.00566029485,10.73052918543577,0.0,
2019-05-10,longbyungi,LONG,SOXL,MOO_SELL,203085.00566029485,10.474093257427215,-53585.51119521214,
2019-05-10,longbyungi,LONG,SOXL,STOP_BUY,204831.41673015335,10.64184117920637,0.0,
2019-05-13,longbyungi,LONG,SOXL,MOO_SELL,204831.41673015335,9.657835940837861,-203010.49111319613,
2019-05-14,yangbyungi,LONG,SOXL,STOP_BUY,137631.7445229387,9.701481598348616,0.0,
2019-05-15,yangbyungi,LONG,SOXL,MOO_SELL,137631.7445229387,9.517239312648774,-26283.374326030957,
2019-05-15,yangbyungi,LONG,SOXL,STOP_BUY,155859.07643312638,9.669662732656,0.0,
2019-05-16,yangbyungi,LONG,SOXL,MOO_SELL,155859.07643312638,9.661833651065825,-2274.7796363173984,
2019-05-16,longbyungi,LONG,SOXL,STOP_BUY,240766.74910999477,9.816572822821136,0.0,
2019-05-17,longbyungi,LONG,SOXL,MOO_SELL,240766.74910999477,9.150754899024962,-161905.16265378334,
2019-05-17,yangbyungi,LONG,SOXL,STOP_BUY,181770.0831933373,9.297308885064123,0.0,
2019-05-17,yangbyungi,LONG,SOXL,LOC_SELL,45442.52079833433,9.028150826454164,-12522.684955850244,loser
2019-05-20,yangbyungi,LONG,SOXL,MOO_SELL,136327.56239500298,8.21988797712326,-147717.99291486433,
2019-05-29,yangbyungi,LONG,SOXL,STOP_BUY,169968.1609382962,7.058454371470212,0.0,
2019-05-30,yangbyungi,LONG,SOXL,MOO_SELL,169968.1609382962,7.29235200381279,38901.43735843385,
2019-05-30,yangbyungi,LONG,SOXL,STOP_BUY,160416.04149898575,7.4091427238738525,0.0,
2019-05-30,yangbyungi,LONG,SOXL,LOC_SELL,40104.01037474644,7.383639249801636,-1230.4290473945439,loser
2019-05-31,yangbyungi,LONG,SOXL,MOO_SELL,120312.03112423932,7.108443988561631,-36788.999722441775,
2019-05-31,yangbyungi,LONG,SOXL,STOP_BUY,168083.6873161066,7.222289328378438,0.0,
2019-05-31,yangbyungi,LONG,SOXL,LOC_SELL,42020.92182902665,7.063133746385574,-6897.964595787169,loser
2019-06-03,yangbyungi,LONG,SOXL,MOO_SELL,126062.76548707995,7.328333778858185,12726.254566074116,
2019-06-03,yangbyungi,LONG,SOXL,STOP_BUY,125878.78931615231,7.445700765316485,0.0,
2019-06-03,yangbyungi,LONG,SOXL,LOC_SELL,31469.697329038077,7.131099586248398,-10060.958507912583,loser
2019-06-04,yangbyungi,LONG,SOXL,MOO_SELL,94409.09198711423,7.529566158294678,7422.825126830721,
2019-06-04,longbyungi,LONG,SOXL,STOP_BUY,242861.04093031076,7.650155983486174,0.0,
2019-06-05,longbyungi,LONG,SOXL,MOO_SELL,242861.04093031076,8.300515139102936,156591.07270431565,
2019-06-06,longbyungi,LONG,SOXL,STOP_BUY,286833.8123565397,7.999490908259152,0.0,
2019-06-07,longbyungi,LONG,SOXL,MOO_SELL,286833.8123565397,8.261200509071351,73434.72189249564,
2019-06-07,longbyungi,LONG,SOXL,STOP_BUY,282702.92628793337,8.393507829880713,0.0,
2019-06-10,longbyungi,LONG,SOXL,MOO_SELL,282702.92628793337,8.846906998157502,126471.40114555694,
2019-06-10,longbyungi,LONG,SOXL,STOP_BUY,268349.16798484843,8.988594705784319,0.0,
2019-06-11,longbyungi,LONG,SOXL,MOO_SELL,268349.16798484843,9.63318053483963,171225.0726595386,
2019-06-18,yangbyungi,LONG,SOXL,STOP_BUY,195515.65566918804,8.270970090165138,0.0,
2019-06-19,yangbyungi,LONG,SOXL,MOO_SELL,195515.65566918804,9.022153307914735,145684.70262009255,
2019-06-21,longbyungi,LONG,SOXL,STOP_BUY,319471.233017536,9.150399763362406,0.0,
2019-06-24,longbyungi,LONG,SOXL,MOO_SELL,319471.233017536,9.009492938995361,-47046.22408070648,
2019-06-25,longbyungi,LONG,SOXL,STOP_BUY,304257.3806713267,9.165293762311935,0.0,
2019-06-26,longbyungi,LONG,SOXL,MOO_SELL,304257.3806713267,9.184072963714598,3759.6850399095565,
2019-06-26,longbyungi,LONG,SOXL,STOP_BUY,280421.95183950855,9.331160555477139,0.0,
2019-06-27,longbyungi,LONG,SOXL,MOO_SELL,280421.95183950855,9.598531806468964,73118.86262094788,
2019-06-27,longbyungi,LONG,SOXL,STOP_BUY,275020.6266900115,9.7522571670413,0.0,
2019-06-28,longbyungi,LONG,SOXL,MOO_SELL,275020.6266900115,10.120937404155733,99481.73141057743,
2019-07-01,longbyungi,LONG,SOXL,STOP,260907.8769741078,10.439881675002072,-240327.49610796804,
2019-07-05,longbyungi,LONG,SOXL,STOP_BUY,335750.25772493944,9.901198124999999,0.0,
2019-07-08,longbyungi,LONG,SOXL,MOO_SELL,335750.25772493944,9.639844338417054,-90045.9197177696,
2019-07-09,longbyungi,LONG,SOXL,STOP_BUY,301113.74101129844,9.683879775674342,0.0,
2019-07-10,longbyungi,LONG,SOXL,MOO_SELL,301113.74101129844,10.225551780700684,161006.63263850054,
2019-07-10,longbyungi,LONG,SOXL,STOP_BUY,291272.37933125894,10.389319184532164,0.0,
2019-07-11,longbyungi,LONG,SOXL,MOO_SELL,291272.37933125894,10.254870228767395,-41265.84600362973,
2019-07-12,longbyungi,LONG,SOXL,STOP_BUY,311748.07531440764,10.454987783710957,0.0,
2019-07-15,longbyungi,LONG,SOXL,MOO_SELL,311748.07531440764,10.927866730213164,145085.97911996255,
2019-07-15,longbyungi,LONG,SOXL,STOP_BUY,319002.3106519486,11.102882064564223,0.0,
2019-07-16,longbyungi,LONG,SOXL,MOO_SELL,319002.3106519486,10.853903371810913,-81876.27114245016,
2019-07-18,longbyungi,LONG,SOXL,STOP_BUY,280109.566580779,10.963418489642143,0.0,
2019-07-19,longbyungi,LONG,SOXL,MOO_SELL,280109.566580779,11.390301908493043,117382.6076085805,
2019-07-22,longbyungi,LONG,SOXL,STOP_BUY,265697.8645525821,11.540904511334894,0.0,
2019-07-23,longbyungi,LONG,SOXL,MOO_SELL,265697.8645525821,12.063964694976809,136780.8566567325,
2019-07-23,longbyungi,LONG,SOXL,STOP_BUY,277076.1049283393,12.257175215091706,0.0,
2019-07-24,longbyungi,LONG,SOXL,MOO_SELL,277076.1049283393,12.527066158294678,72376.83892594557,
2019-07-24,longbyungi,LONG,SOXL,STOP_BUY,291710.3288782753,12.727693483486174,0.0,
2019-07-25,longbyungi,LONG,SOXL,MOO_SELL,291710.3288782753,13.136761768341065,116688.7188469735,
2019-07-29,longbyungi,LONG,SOXL,STOP_BUY,309901.3900387682,12.795394887385369,0.0,
2019-07-30,longbyungi,LONG,SOXL,MOO_SELL,309901.3900387682,12.449772327899934,-109847.14095741557,
2019-07-30,longbyungi,LONG,SOXL,STOP_BUY,288993.99487305415,12.649161753151414,0.0,
2019-07-31,longbyungi,LONG,SOXL,MOO_SELL,288993.99487305415,12.50441151380539,-44376.18099575117,
2019-08-01,longbyungi,LONG,SOXL,STOP,249252.93814123495,10.611700846295928,-233370.5120215919,
2019-08-02,longbyungi,LONG,SOXL,STOP_BUY,229674.03297989038,10.615437960963249,0.0,
2019-08-05,longbyungi,LONG,SOXL,MOO_SELL,229674.03297989038,9.38197391796112,-284902.1714743669,
2019-08-06,yangbyungi,LONG,SOXL,STOP_BUY,102442.1213059004,9.563371935288902,0.0,
2019-08-06,yangbyungi,LONG,SOXL,LOC_SELL,25610.5303264751,9.301346755981447,-6879.701208503771,loser
2019-08-07,yangbyungi,LONG,SOXL,MOO_SELL,76831.5909794253,8.882889249801636,-52778.60681800393,
2019-08-07,longbyungi,LONG,SOXL,STOP_BUY,216633.57064832438,9.025153231458662,0.0,
2019-08-08,longbyungi,LONG,SOXL,MOO_SELL,216633.57064832438,9.78643753194809,163493.40856670844,
2019-08-08,longbyungi,LONG,SOXL,STOP_BUY,213613.26970546646,9.943172298123834,0.0,
2019-08-09,longbyungi,LONG,SOXL,MOO_SELL,213613.26970546646,9.942359669208527,-1660.3230458372273,
2019-08-12,longbyungi,LONG,SOXL,STOP_BUY,239596.6286601014,9.61008576839447,0.0,
2019-08-13,longbyungi,LONG,SOXL,MOO_SELL,239596.6286601014,9.315339694976808,-72207.22934961785,
2019-08-13,longbyungi,LONG,SOXL,STOP_BUY,202951.53643978183,9.464529590091706,0.0,
2019-08-14,longbyungi,LONG,SOXL,MOO_SELL,202951.53643978183,9.47525954246521,832.3095636239741,
2019-08-16,yangbyungi,LONG,SOXL,STOP_BUY,118420.27250095441,9.693357158710956,0.0,
2019-08-19,yangbyungi,LONG,SOXL,MOO_SELL,118420.27250095441,10.586037722587587,104870.95361677697,
2019-08-23,longbyungi,LONG,SOXL,STOP,242443.5772446624,9.499856137341585,-203211.55833899882,
2019-08-28,yangbyungi,LONG,SOXL,STOP_BUY,103725.28125677453,9.337253158857818,0.0,
2019-08-29,yangbyungi,LONG,SOXL,MOO_SELL,103725.28125677453,9.928366730213163,60614.00529897667,
2019-08-29,yangbyungi,LONG,SOXL,STOP_BUY,102637.97483444835,10.087374564564225,0.0,
2019-08-30,yangbyungi,LONG,SOXL,MOO_SELL,102637.97483444835,10.43544681882858,34988.18398511631,
2019-08-30,longbyungi,LONG,SOXL,STOP_BUY,213571.7875699793,10.6025757982707,0.0,
2019-09-03,longbyungi,LONG,SOXL,MOO_SELL,213571.7875699793,9.995666285037995,-131158.47081822064,
2019-09-04,longbyungi,LONG,SOXL,STOP_BUY,189863.51448196007,10.4251997858119,0.0,
2019-09-05,longbyungi,LONG,SOXL,MOO_SELL,189863.51448196007,11.26436545753479,157885.62368628196,
2019-09-05,longbyungi,LONG,SOXL,STOP_BUY,205751.342446995,11.44476998986244,0.0,
2019-09-06,longbyungi,LONG,SOXL,MOO_SELL,205751.342446995,11.634180343151094,37309.45070785051,
2019-09-09,longbyungi,LONG,SOXL,STOP_BUY,228491.74778500464,12.037149042041301,0.0,
2019-09-10,longbyungi,LONG,SOXL,MOO_SELL,228491.74778500464,11.602195801734926,-101273.71440930199,
2019-09-10,longbyungi,LONG,SOXL,STOP_BUY,222446.26075805858,11.788010858559607,0.0,
2019-09-11,longbyungi,LONG,SOXL,MOO_SELL,222446.26075805858,12.113273600578308,70492.61775163561,
2019-09-11,longbyungi,LONG,SOXL,STOP_BUY,218562.42080960027,12.307273827853201,0.0,
2019-09-12,longbyungi,LONG,SOXL,MOO_SELL,218562.42080960027,12.79426647567749,104518.10332977772,
2019-09-16,longbyungi,LONG,SOXL,STOP_BUY,248913.46395498054,12.321490870871541,0.0,
2019-09-17,longbyungi,LONG,SOXL,MOO_SELL,248913.46395498054,12.137261768341066,-47987.94356738357,
2019-09-17,longbyungi,LONG,SOXL,STOP_BUY,229759.6056885415,12.331646178302764,0.0,
2019-09-18,longbyungi,LONG,SOXL,MOO_SELL,229759.6056885415,12.285853816986085,-12500.872361850925,
2019-09-23,longbyungi,LONG,SOXL,STOP_BUY,232980.225662993,11.60318833085775,0.0,
2019-09-24,longbyungi,LONG,SOXL,MOO_SELL,232980.225662993,12.085954007625583,110543.17071099347,
2019-09-25,longbyungi,LONG,SOXL,STOP_BUY,223044.90820421834,11.23895989136696,0.0,
2019-09-26,longbyungi,LONG,SOXL,MOO_SELL,223044.90820421834,11.83274758243561,130640.21164073842,
2019-09-30,longbyungi,LONG,SOXL,STOP_BUY,226228.52643357049,11.373683806307314,0.0,
2019-10-01,longbyungi,LONG,SOXL,MOO_SELL,226228.52643357049,11.567546120166782,42040.69937113533,
2019-10-01,longbyungi,LONG,SOXL,STOP_BUY,234784.412380021,11.752806244747639,0.0,
2019-10-02,longbyungi,LONG,SOXL,MOO_SELL,234784.412380021,10.703978753089906,-248093.72239125334,
2019-10-03,longbyungi,LONG,SOXL,STOP_BUY,190194.30642699712,10.698709351279733,0.0,
2019-10-04,longbyungi,LONG,SOXL,MOO_SELL,190194.30642699712,11.15841755771637,85978.89809948485,
2019-10-04,longbyungi,LONG,SOXL,STOP_BUY,197759.76996008382,11.33712528063297,0.0,
2019-10-07,longbyungi,LONG,SOXL,MOO_SELL,197759.76996008382,11.547556615829468,40030.8681412437,
2019-10-07,longbyungi,LONG,SOXL,STOP_BUY,216823.65907363253,11.732496598348616,0.0,
2019-10-08,longbyungi,LONG,SOXL,MOO_SELL,216823.65907363253,11.027816158294678,-154518.6324928566,
2019-10-09,longbyungi,LONG,SOXL,STOP_BUY,187134.95048708998,10.933631460206506,0.0,
2019-10-10,longbyungi,LONG,SOXL,MOO_SELL,187134.95048708998,10.935862150669099,-1014.9511621478014,
2019-10-10,longbyungi,LONG,SOXL,STOP_BUY,200290.6134145366,11.111005535738466,0.0,
2019-10-11,longbyungi,LONG,SOXL,MOO_SELL,200290.6134145366,11.794100190639497,135211.7602636274,
2019-10-11,longbyungi,LONG,SOXL,STOP_BUY,204729.5650685528,11.982988693692683,0.0,
2019-10-14,longbyungi,LONG,SOXL,MOO_SELL,204729.5650685528,11.882055534839632,-22374.059756818227,
2019-10-15,longbyungi,LONG,SOXL,STOP_BUY,238632.57168381516,12.320136959009169,0.0,
2019-10-16,longbyungi,LONG,SOXL,MOO_SELL,238632.57168381516,12.51973702287674,45556.41549596237,
2019-10-21,longbyungi,LONG,SOXL,STOP_BUY,246562.1591093067,12.347217133183475,0.0,
2019-10-22,longbyungi,LONG,SOXL,MOO_SELL,246562.1591093067,12.613689885616303,63548.05188887892,
2019-10-24,longbyungi,LONG,SOXL,STOP_BUY,258566.94123381356,12.186089999999998,0.0,
2019-10-25,longbyungi,LONG,SOXL,MOO_SELL,258566.94123381356,12.449772327899934,65950.02613412403,
2019-10-25,longbyungi,LONG,SOXL,STOP_BUY,259113.77854240063,12.649161753151414,0.0,
2019-10-28,longbyungi,LONG,SOXL,MOO_SELL,259113.77854240063,13.393966856956483,190627.4180138656,
2019-10-28,longbyungi,LONG,SOXL,STOP_BUY,274313.0920786323,13.608478037009238,0.0,
2019-10-29,longbyungi,LONG,SOXL,MOO_SELL,274313.0920786323,13.8917180018425,75056.14822078962,
2019-10-29,longbyungi,LONG,SOXL,STOP_BUY,260069.91513829847,14.114200919215676,0.0,
2019-10-30,longbyungi,LONG,SOXL,MOO_SELL,260069.91513829847,13.736461196422578,-100773.82941770181,
2019-11-01,longbyungi,LONG,SOXL,STOP_BUY,257036.96622080894,13.806162727403638,0.0,
2019-11-04,longbyungi,LONG,SOXL,MOO_SELL,257036.96622080894,14.658000127792358,216392.98138612695,
2019-11-04,longbyungi,LONG,SOXL,STOP_BUY,270276.795755847,14.892755442495343,0.0,
2019-11-05,longbyungi,LONG,SOXL,MOO_SELL,270276.795755847,15.22838206100464,87862.72143592406,
2019-11-05,longbyungi,LONG,SOXL,STOP_BUY,254716.23274740504,15.472272331981657,0.0,
2019-11-06,longbyungi,LONG,SOXL,MOO_SELL,254716.23274740504,15.053136704444887,-109482.00907387724,
2019-11-08,longbyungi,LONG,SOXL,STOP_BUY,255585.0193784733,15.137154934458732,0.0,
2019-11-11,longbyungi,LONG,SOXL,MOO_SELL,255585.0193784733,14.918536641597747,-58564.185197228566,
2019-11-11,longbyungi,LONG,SOXL,STOP_BUY,265359.5132112956,15.15746458085775,0.0,
2019-11-12,longbyungi,LONG,SOXL,MOO_SELL,265359.5132112956,15.298346755981449,34555.81666619331,
2019-11-12,longbyungi,LONG,SOXL,STOP_BUY,248230.14600399838,15.543357547073365,0.0,
2019-11-13,longbyungi,LONG,SOXL,MOO_SELL,248230.14600399838,14.881222773075105,-167005.11592915608,
2019-11-13,longbyungi,LONG,SOXL,STOP_BUY,244939.7021346645,15.119553111784457,0.0,
2019-11-14,longbyungi,LONG,SOXL,MOO_SELL,244939.7021346645,15.047805470943453,-20160.060115365777,
2019-11-15,longbyungi,LONG,SOXL,STOP_BUY,225693.41199751745,15.8615500778532,0.0,
2019-11-18,longbyungi,LONG,SOXL,MOO_SELL,225693.41199751745,15.476258205890657,-89433.2951047658,
2019-11-20,longbyungi,LONG,SOXL,STOP_BUY,234644.90905643662,15.126322671096323,0.0,
2019-11-21,longbyungi,LONG,SOXL,MOO_SELL,234644.90905643662,14.399463422298432,-172978.64871845813,
2019-11-25,longbyungi,LONG,SOXL,STOP_BUY,239230.0539113092,14.758708483486174,0.0,
2019-11-26,longbyungi,LONG,SOXL,MOO_SELL,239230.0539113092,15.055800891399386,68577.04842193564,
2019-12-06,longbyungi,LONG,SOXL,STOP_BUY,204016.2429645495,14.985506152775285,0.0,
2019-12-09,longbyungi,LONG,SOXL,MOO_SELL,204016.2429645495,14.925866730213164,-14303.2529948242,
2019-12-10,longbyungi,LONG,SOXL,STOP_BUY,184564.6211498348,15.106689980628488,0.0,
2019-12-11,longbyungi,LONG,SOXL,MOO_SELL,184564.6211498348,15.015820929527283,-18717.054425714072,
2019-12-11,longbyungi,LONG,SOXL,STOP_BUY,183913.9767642624,15.256306926054952,0.0,
2019-12-12,longbyungi,LONG,SOXL,MOO_SELL,183913.9767642624,15.72679949092865,84535.77943415893,
2019-12-12,longbyungi,LONG,SOXL,STOP_BUY,187916.32529515543,15.978672170119284,0.0,
2019-12-13,longbyungi,LONG,SOXL,MOO_SELL,187916.32529515543,17.04480661582947,198172.0895347735,
2019-12-13,longbyungi,LONG,SOXL,STOP_BUY,196292.67614513304,17.317787848348615,0.0,
2019-12-16,longbyungi,LONG,SOXL,MOO_SELL,196292.67614513304,17.37797391796112,9430.401296094991,
2019-12-16,longbyungi,LONG,SOXL,STOP_BUY,213006.069552197,17.656290993990897,0.0,
2019-12-17,longbyungi,LONG,SOXL,MOO_SELL,213006.069552197,17.554551844596865,-24296.09946554061,
2019-12-20,longbyungi,LONG,SOXL,STOP_BUY,204184.777932272,18.496454317789073,0.0,
2019-12-23,longbyungi,LONG,SOXL,MOO_SELL,204184.777932272,18.903877225875856,80516.75357542746,
2019-12-31,longbyungi,LONG,SOXL,STOP_BUY,178667.35691421689,18.19383274188995,0.0,
2020-01-02,longbyungi,LONG,SOXL,MOO_SELL,178667.35691421689,18.999162658691407,141560.35671448195,
2020-01-02,longbyungi,LONG,SOXL,STOP_BUY,187490.2291695433,19.303443895568844,0.0,
2020-01-03,longbyungi,LONG,SOXL,MOO_SELL,187490.2291695433,18.490750000000002,-154852.27945105638,
2020-01-03,longbyungi,LONG,SOXL,STOP_BUY,204954.03582621214,18.78688875,0.0,
2020-01-06,longbyungi,LONG,SOXL,MOO_SELL,204954.03582621214,17.72513225269318,-220230.4293089714,
2020-01-07,longbyungi,LONG,SOXL,STOP_BUY,175289.05945750454,18.68939934820175,0.0,
2020-01-08,longbyungi,LONG,SOXL,MOO_SELL,175289.05945750454,18.81725445175171,20110.52372431755,
2020-01-08,longbyungi,LONG,SOXL,STOP_BUY,173014.3133771493,19.11862233633041,0.0,
2020-01-09,longbyungi,LONG,SOXL,MOO_SELL,173014.3133771493,19.45626660346985,56081.38827162888,
2020-01-13,longbyungi,LONG,SOXL,STOP_BUY,189735.75726182765,19.423273811559678,0.0,
2020-01-14,longbyungi,LONG,SOXL,MOO_SELL,189735.75726182765,19.46093155193329,4562.816433997359,
2020-01-14,longbyungi,LONG,SOXL,STOP_BUY,190239.1347566182,19.772608252100945,0.0,
2020-01-15,longbyungi,LONG,SOXL,MOO_SELL,190239.1347566182,19.563547073364255,-42390.76440788526,
2020-01-16,longbyungi,LONG,SOXL,STOP_BUY,187865.3283105366,19.643299016146653,0.0,
2020-01-17,longbyungi,LONG,SOXL,MOO_SELL,187865.3283105366,20.067294783592224,77043.01874388196,
2020-01-21,longbyungi,LONG,SOXL,STOP_BUY,190682.447833535,20.26546703468799,0.0,
2020-01-22,longbyungi,LONG,SOXL,MOO_SELL,190682.447833535,20.62368377780914,65576.75025493093,
2020-01-22,longbyungi,LONG,SOXL,STOP_BUY,176574.80795748657,20.953982545266147,0.0,
2020-01-23,longbyungi,LONG,SOXL,MOO_SELL,176574.80795748657,20.880221628189084,-15609.723066444509,
2020-01-28,longbyungi,LONG,SOXL,STOP_BUY,136552.53733927142,19.02384075825691,0.0,
2020-01-29,longbyungi,LONG,SOXL,MOO_SELL,136552.53733927142,19.107773792266848,9638.82970873965,
2020-01-30,longbyungi,LONG,SOXL,STOP_BUY,159335.44978293774,18.178261787009237,0.0,
2020-01-31,longbyungi,LONG,SOXL,MOO_SELL,159335.44978293774,17.749120420455935,-70381.00962147769,
2020-02-03,yangbyungi,LONG,SOXL,STOP_BUY,103596.15321880009,16.7233779283762,0.0,
2020-02-04,yangbyungi,LONG,SOXL,MOO_SELL,103596.15321880009,18.126931679725647,144139.1441707597,
2020-02-04,longbyungi,LONG,SOXL,STOP_BUY,146113.65675804447,18.41724369459629,0.0,
2020-02-05,longbyungi,LONG,SOXL,MOO_SELL,146113.65675804447,19.403627225875855,142189.95370798232,
2020-02-05,longbyungi,LONG,SOXL,STOP_BUY,158219.44410724397,19.714386168165206,0.0,
2020-02-06,longbyungi,LONG,SOXL,MOO_SELL,158219.44410724397,19.69148142623902,-5806.146597853862,
2020-02-10,longbyungi,LONG,SOXL,STOP_BUY,178366.27399936778,18.118007866816516,0.0,
2020-02-11,longbyungi,LONG,SOXL,MOO_SELL,178366.27399936778,19.60219351196289,262373.8593270532,
2020-02-11,longbyungi,LONG,SOXL,STOP_BUY,177409.10359561184,19.916132594146724,0.0,
2020-02-12,longbyungi,LONG,SOXL,MOO_SELL,177409.10359561184,20.882221436500554,168859.6557198516,
2020-02-12,longbyungi,LONG,SOXL,STOP_BUY,171287.8341719457,21.216660815835,0.0,
2020-02-13,longbyungi,LONG,SOXL,MOO_SELL,171287.8341719457,20.55238651275635,-116286.19204873964,
2020-02-13,longbyungi,LONG,SOXL,STOP_BUY,187414.48940983604,20.88154341831207,0.0,
2020-02-14,longbyungi,LONG,SOXL,MOO_SELL,187414.48940983604,21.639841856956487,139326.92140019173,
2020-02-19,longbyungi,LONG,SOXL,STOP_BUY,175391.70866715725,21.315502192568776,0.0,
2020-02-20,longbyungi,LONG,SOXL,MOO_SELL,175391.70866715725,21.455933841705324,22004.932556136046,
2020-02-25,yangbyungi,SHORT,SOXS,STOP_BUY,0.011503460189324577,77388995.16,0.0,
2020-02-26,yangbyungi,SHORT,SOXS,MOO_SELL,0.011503460189324577,80743608.0,37952.98001875717,
2020-02-26,yangbyungi,LONG,SOXL,STOP_BUY,92248.29862738376,15.30234477169275,0.0,
2020-02-26,yangbyungi,LONG,SOXL,LOC_SELL,23062.07465684594,14.828582442283633,-11169.150802945369,loser
2020-02-27,yangbyungi,LONG,SOXL,MOO_SELL,69186.22397053782,13.43327958059311,-130009.4011967855,
2020-03-02,yangbyungi,LONG,SOXL,STOP_BUY,46238.62071783191,14.72485875,0.0,
2020-03-03,yangbyungi,LONG,SOXL,MOO_SELL,46238.62071783191,15.2023950381279,21596.291077784845,
2020-03-03,yangbyungi,LONG,SOXL,STOP_BUY,53010.015746004254,15.445869113738535,0.0,
2020-03-03,yangbyungi,LONG,SOXL,LOC_SELL,13252.503936501063,13.492583714962006,-26020.149872406037,loser
2020-03-03,yangbyungi,SHORT,SOXS,STOP_BUY,0.00790633255699195,82848603.6,0.0,
2020-03-04,yangbyungi,LONG,SOXL,MOO_SELL,39757.511809503194,14.29951399421692,-45990.13804933254,
2020-03-04,yangbyungi,SHORT,SOXS,MOO_SELL,0.00790633255699195,80743608.0,-17095.49029462994,
2020-03-04,yangbyungi,LONG,SOXL,STOP_BUY,50153.94496096578,14.52852797146797,0.0,
2020-03-05,yangbyungi,LONG,SOXL,MOO_SELL,50153.94496096578,14.183571818828582,-17804.920668831095,
2020-03-10,yangbyungi,LONG,SOXL,STOP_BUY,59117.77987476087,11.300567723422049,0.0,
2020-03-11,yangbyungi,LONG,SOXL,MOO_SELL,59117.77987476087,10.71397302865982,-35133.683811634895,
2020-03-13,yangbyungi,LONG,SOXL,STOP_BUY,80836.62141156309,8.199207919142246,0.0,
2020-03-16,yangbyungi,LONG,SOXL,MOO_SELL,80836.62141156309,5.982340299367905,-179605.32445478078,
2020-03-17,yangbyungi,LONG,SOXL,STOP_BUY,117698.26654305936,5.402500074323415,0.0,
2020-03-18,yangbyungi,LONG,SOXL,MOO_SELL,117698.26654305936,4.598366666316987,-95057.08782947483,
2020-03-19,yangbyungi,LONG,SOXL,STOP_BUY,145212.46314167284,4.280702261188029,0.0,
2020-03-20,yangbyungi,LONG,SOXL,MOO_SELL,145212.46314167284,5.218056551933289,135632.75703812018,
2020-03-20,yangbyungi,LONG,SOXL,STOP_BUY,121085.31778537527,5.301626377100944,0.0,
2020-03-20,yangbyungi,LONG,SOXL,LOC_SELL,30271.329446343818,4.261201177358627,-31596.371811846635,loser
2020-03-23,yangbyungi,LONG,SOXL,MOO_SELL,90813.98833903145,4.531066158294678,-70290.17783403152,
2020-03-23,yangbyungi,LONG,SOXL,STOP_BUY,136125.40651292313,4.603633483486175,0.0,
2020-03-24,yangbyungi,LONG,SOXL,MOO_SELL,136125.40651292313,5.567215171575547,130683.37018186122,
2020-03-24,yangbyungi,LONG,SOXL,STOP_BUY,114254.60718352131,5.656376949323415,0.0,
2020-03-25,yangbyungi,LONG,SOXL,MOO_SELL,114254.60718352131,6.360151558637619,79928.96122239518,
2020-03-25,yangbyungi,LONG,SOXL,STOP_BUY,101864.90107670845,6.462012615240812,0.0,
2020-03-25,yangbyungi,LONG,SOXL,LOC_SELL,25466.225269177114,6.001664471864701,-11834.420504397363,loser
2020-03-25,yangbyungi,SHORT,SOXS,STOP_BUY,0.007336671061943796,71776670.39999999,0.0,
2020-03-25,yangbyungi,SHORT,SOXS,LOC_SELL,0.001834167765485949,71604180.0,-408.42091843282105,loser
2020-03-26,yangbyungi,LONG,SOXL,MOO_SELL,76398.67580753134,6.466098505258561,-33.53511275333585,
2020-03-26,yangbyungi,SHORT,SOXS,MOO_SELL,0.005502503296457847,66602682.0,-28736.38972179452,
2020-03-26,yangbyungi,LONG,SOXL,STOP_BUY,99259.76001621207,6.56965635600686,0.0,
2020-03-27,yangbyungi,LONG,SOXL,MOO_SELL,99259.76001621207,6.475427448987961,-9806.336858042167,
2020-03-30,yangbyungi,LONG,SOXL,STOP_BUY,101205.20869038794,6.428839837685823,0.0,
2020-03-31,yangbyungi,LONG,SOXL,MOO_SELL,101205.20869038794,6.758619083881379,32908.2535966913,
2020-03-31,yangbyungi,LONG,SOXL,STOP_BUY,95468.14941714446,6.86686180022478,0.0,
2020-03-31,yangbyungi,LONG,SOXL,LOC_SELL,23867.037354286116,6.31284198474884,-13332.907799872977,loser
2020-03-31,yangbyungi,SHORT,SOXS,STOP_BUY,0.008396495118818946,62460974.879999995,0.0,
2020-04-01,yangbyungi,LONG,SOXL,MOO_SELL,71601.11206285834,5.684489440441132,-84973.71758024837,
2020-04-01,yangbyungi,SHORT,SOXS,MOO_SELL,0.008396495118818946,68365800.0,49195.36506571784,
2020-04-02,yangbyungi,LONG,SOXL,STOP_BUY,123129.62498990931,5.264390895495414,0.0,
2020-04-03,yangbyungi,LONG,SOXL,MOO_SELL,123129.62498990931,5.781107919931412,63147.16360026668,
2020-04-03,yangbyungi,LONG,SOXL,STOP_BUY,111968.90607992203,5.873695298649072,0.0,
2020-04-03,yangbyungi,LONG,SOXL,LOC_SELL,27992.226519980508,5.432615108728409,-12457.587670445238,loser
2020-04-03,yangbyungi,SHORT,SOXS,STOP_BUY,0.007457124773720367,70554939.83999999,0.0,
2020-04-03,yangbyungi,SHORT,SOXS,LOC_SELL,0.0018642811934300918,69409278.0,-2227.1622530177992,loser
2020-04-06,yangbyungi,LONG,SOXL,MOO_SELL,83976.67955994152,6.13026653957367,21193.18238356308,
2020-04-06,yangbyungi,SHORT,SOXS,MOO_SELL,0.005592843580290275,60809580.0,-54761.41864277539,
2020-04-06,yangbyungi,LONG,SOXL,STOP_BUY,104429.87467330067,6.228445870871543,0.0,
2020-04-07,yangbyungi,LONG,SOXL,MOO_SELL,104429.87467330067,7.90537856245041,174605.27308716264,
2020-04-08,yangbyungi,LONG,SOXL,STOP_BUY,90119.71159683666,7.507985069071053,0.0,
2020-04-09,yangbyungi,LONG,SOXL,MOO_SELL,90119.71159683666,8.036646246910095,47152.4856874221,
2020-04-09,yangbyungi,LONG,SOXL,STOP_BUY,83730.30464267156,8.16535721719265,0.0,
2020-04-09,yangbyungi,LONG,SOXL,LOC_SELL,20932.57616066789,7.2063950381279,-20186.16847965552,loser
2020-04-09,yangbyungi,SHORT,SOXS,STOP_BUY,0.012296923263686043,44478628.199999996,0.0,
2020-04-13,yangbyungi,LONG,SOXL,MOO_SELL,62797.72848200367,7.1564198474884035,-63695.73547662364,
2020-04-13,yangbyungi,SHORT,SOXS,MOO_SELL,0.012296923263686043,46812582.0,28307.540427320986,
2020-04-13,yangbyungi,LONG,SOXL,STOP_BUY,92882.89006393777,7.271033545045852,0.0,
2020-04-14,yangbyungi,LONG,SOXL,MOO_SELL,92882.89006393777,7.988670864582062,66160.15034977999,
2020-04-14,yangbyungi,LONG,SOXL,STOP_BUY,84428.70429428357,8.116613484756945,0.0,
2020-04-15,yangbyungi,LONG,SOXL,MOO_SELL,84428.70429428357,7.9686808836460115,-12965.079031279893,
2020-04-16,yangbyungi,LONG,SOXL,STOP_BUY,82489.71944420291,8.283833221321105,0.0,
2020-04-17,yangbyungi,LONG,SOXL,MOO_SELL,82489.71944420291,8.852238231658935,46392.82742916059,
2020-04-20,yangbyungi,LONG,SOXL,STOP_BUY,104290.41529743184,8.327839230701922,0.0,
2020-04-20,yangbyungi,LONG,SOXL,LOC_SELL,26072.60382435796,8.007327798843384,-8505.63270245347,loser
2020-04-21,yangbyungi,LONG,SOXL,MOO_SELL,78217.81147307387,7.63884548330307,-54328.69073735364,
2020-04-21,yangbyungi,LONG,SOXL,STOP_BUY,105272.43075141682,7.761185472371577,0.0,
2020-04-21,yangbyungi,LONG,SOXL,LOC_SELL,26318.107687854204,6.882557156324387,-23258.723097737296,loser
2020-04-22,yangbyungi,LONG,SOXL,MOO_SELL,78954.32306356261,7.4915855281353,-21707.576368365553,
2020-04-22,yangbyungi,LONG,SOXL,STOP_BUY,106278.74001237229,7.611567074249981,0.0,
2020-04-23,yangbyungi,LONG,SOXL,MOO_SELL,106278.74001237229,8.076626208782196,48842.336354011204,
2020-04-23,yangbyungi,LONG,SOXL,STOP_BUY,99651.2974683578,8.205977478454113,0.0,
2020-04-23,yangbyungi,LONG,SOXL,LOC_SELL,24912.82436708945,7.831415204048157,-9471.242018334975,loser
2020-04-24,yangbyungi,LONG,SOXL,MOO_SELL,74738.47310126835,7.860067843675614,-26273.02102801553,
2020-04-24,yangbyungi,LONG,SOXL,STOP_BUY,101591.48292342652,7.985950821171998,0.0,
2020-04-27,yangbyungi,LONG,SOXL,MOO_SELL,101591.48292342652,8.662333651065827,68122.77134517487,
2020-04-27,yangbyungi,LONG,SOXL,STOP_BUY,104175.12589892474,8.80106532282114,0.0,
2020-04-27,yangbyungi,LONG,SOXL,LOC_SELL,26043.781474731186,8.666331361293793,-3668.2028230038122,loser
2020-04-28,yangbyungi,LONG,SOXL,MOO_SELL,78131.34442419355,9.128100254535676,25061.38845469395,
2020-04-28,yangbyungi,LONG,SOXL,STOP_BUY,107198.11964430215,9.274291414940356,0.0,
2020-04-28,yangbyungi,LONG,SOXL,LOC_SELL,26799.529911075537,8.53106501340866,-20085.12949231235,loser
2020-04-29,yangbyungi,LONG,SOXL,MOO_SELL,80398.5897332266,8.966846883773805,-25231.403355004615,
2020-04-29,yangbyungi,LONG,SOXL,STOP_BUY,107149.23997186849,9.110455489568709,0.0,
2020-04-30,yangbyungi,LONG,SOXL,MOO_SELL,107149.23997186849,9.619854834079742,53879.32412605954,
2020-04-30,yangbyungi,SHORT,SOXS,STOP_BUY,0.021507687586375092,32910366.959999997,0.0,
2020-05-01,yangbyungi,SHORT,SOXS,MOO_SELL,0.021507687586375092,36125928.0,68639.59839079715,
2020-05-04,yangbyungi,LONG,SOXL,STOP_BUY,123608.51252331847,7.320455201876163,0.0,
2020-05-05,yangbyungi,LONG,SOXL,MOO_SELL,123608.51252331847,8.046641475677491,89097.97873269347,
2020-05-05,yangbyungi,LONG,SOXL,STOP_BUY,116615.24102183671,8.17551252462387,0.0,
2020-05-05,yangbyungi,LONG,SOXL,LOC_SELL,29153.81025545918,7.996666285037995,-5379.067555140966,loser
2020-05-06,yangbyungi,LONG,SOXL,MOO_SELL,87461.43076637754,8.262534032344819,7107.8322979146615,
2020-05-06,yangbyungi,LONG,SOXL,STOP_BUY,121586.73151234385,8.394862710206507,0.0,
2020-05-06,yangbyungi,LONG,SOXL,LOC_SELL,30396.68287808596,8.273860877990723,-3855.3901882430655,loser
2020-05-07,yangbyungi,LONG,SOXL,MOO_SELL,91190.04863425788,8.708311131477357,28037.503040971933,
2020-05-08,yangbyungi,LONG,SOXL,STOP_BUY,122962.87654008341,8.918864371018408,0.0,
2020-05-11,yangbyungi,LONG,SOXL,MOO_SELL,122962.87654008341,8.958186131477357,4065.7420328087173,
2020-05-11,longbyungi,LONG,SOXL,STOP_BUY,225847.4420224236,9.101656030926703,0.0,
2020-05-12,longbyungi,LONG,SOXL,MOO_SELL,225847.4420224236,9.429949300289152,72679.33463746891,
2020-05-13,yangbyungi,SHORT,SOXS,STOP_BUY,0.020526037001802742,34437530.16,0.0,
2020-05-14,yangbyungi,SHORT,SOXS,MOO_SELL,0.020526037001802742,35766108.0,26766.0870375284,
2020-05-14,yangbyungi,LONG,SOXL,STOP_BUY,125835.18637129733,7.934498296548127,0.0,
2020-05-15,yangbyungi,LONG,SOXL,MOO_SELL,125835.18637129733,7.78277353668213,-19784.538475512178,
2020-05-18,yangbyungi,LONG,SOXL,STOP_BUY,124997.45045358856,8.80106532282114,0.0,
2020-05-19,yangbyungi,LONG,SOXL,MOO_SELL,124997.45045358856,9.18140687036514,46755.006632621866,
2020-05-19,longbyungi,LONG,SOXL,STOP_BUY,215977.4765037043,9.328451763288971,0.0,
2020-05-20,longbyungi,LONG,SOXL,MOO_SELL,215977.4765037043,9.671828879833221,72725.45168718835,
2020-05-20,yangbyungi,LONG,SOXL,STOP_BUY,119804.29562601597,9.82672813025236,0.0,
2020-05-21,yangbyungi,LONG,SOXL,MOO_SELL,119804.29562601597,10.150922137260437,38002.14174428163,
2020-05-27,longbyungi,LONG,SOXL,STOP_BUY,213958.21727419613,10.07180360968351,0.0,
2020-05-28,longbyungi,LONG,SOXL,MOO_SELL,213958.21727419613,10.048306615829468,-6534.076936637517,
2020-05-28,longbyungi,LONG,SOXL,STOP_BUY,213780.50675383562,10.209235348348617,0.0,
2020-05-29,longbyungi,LONG,SOXL,MOO_SELL,213780.50675383562,9.672494211673735,-116232.40637115552,
2020-05-29,longbyungi,LONG,SOXL,STOP_BUY,209589.20131561134,9.827404117720123,0.0,
2020-06-01,longbyungi,LONG,SOXL,MOO_SELL,209589.20131561134,10.066963550090792,48749.694477627985,
2020-06-01,longbyungi,LONG,SOXL,STOP_BUY,211360.59227402505,10.228191082885266,0.0,
2020-06-02,longbyungi,LONG,SOXL,MOO_SELL,211360.59227402505,10.226884350776674,-1789.3805729495361,
2020-06-02,longbyungi,LONG,SOXL,STOP_BUY,202675.90217348302,10.390673096394538,0.0,
2020-06-03,longbyungi,LONG,SOXL,MOO_SELL,202675.90217348302,11.213723028659821,165279.84588924423,
2020-06-03,longbyungi,LONG,SOXL,STOP_BUY,200896.01764425813,11.393316496775148,0.0,
2020-06-04,longbyungi,LONG,SOXL,MOO_SELL,200896.01764425813,11.637511768341065,47438.47699662158,
2020-06-04,longbyungi,LONG,SOXL,STOP_BUY,204357.82709248282,11.823892428302763,0.0,
2020-06-05,longbyungi,LONG,SOXL,MOO_SELL,204357.82709248282,12.920869211673736,222405.91681836033,
2020-06-05,longbyungi,LONG,SOXL,STOP_BUY,190864.41352752145,13.127803492720123,0.0,
2020-06-08,longbyungi,LONG,SOXL,MOO_SELL,190864.41352752145,13.25403651380539,22331.01749002887,
2020-06-09,longbyungi,LONG,SOXL,STOP_BUY,199590.89079093936,12.605832699701784,0.0,
2020-06-10,longbyungi,LONG,SOXL,MOO_SELL,199590.89079093936,13.14675604391098,106164.37837569835,
2020-06-10,longbyungi,LONG,SOXL,STOP_BUY,179795.66520340025,13.357308017270562,0.0,
2020-06-11,longbyungi,LONG,SOXL,MOO_SELL,179795.66520340025,11.99533257007599,-246472.68472671928,
2020-06-16,yangbyungi,LONG,SOXL,STOP_BUY,102169.23463914105,12.59838618445873,0.0,
2020-06-16,yangbyungi,LONG,SOXL,LOC_SELL,25542.308659785263,12.032647391796113,-14670.471574777795,loser
2020-06-17,yangbyungi,LONG,SOXL,MOO_SELL,76626.92597935579,12.289851527214052,-24309.55054486508,
2020-06-17,yangbyungi,LONG,SOXL,STOP_BUY,104539.66894597429,12.486679739642144,0.0,
2020-06-17,yangbyungi,LONG,SOXL,LOC_SELL,26134.917236493573,12.365813740730287,-3386.154129348055,loser
2020-06-18,yangbyungi,LONG,SOXL,MOO_SELL,78404.75170948071,12.200563612937929,-23110.32288922998,
2020-06-18,longbyungi,LONG,SOXL,STOP_BUY,150568.14273941758,12.395961834082602,0.0,
2020-06-19,longbyungi,LONG,SOXL,MOO_SELL,150568.14273941758,12.732963486194611,49417.447393541224,
2020-06-22,longbyungi,LONG,SOXL,STOP_BUY,145811.49061702503,12.314721311559675,0.0,
2020-06-23,longbyungi,LONG,SOXL,MOO_SELL,145811.49061702503,12.61768759584427,42903.5644206265,
2020-06-23,longbyungi,LONG,SOXL,STOP_BUY,156100.2019113486,12.819766269371508,0.0,
2020-06-24,longbyungi,LONG,SOXL,MOO_SELL,156100.2019113486,12.251871373653412,-90018.29858043278,
2020-06-24,longbyungi,LONG,SOXL,STOP_BUY,160045.6042736367,12.44809131463766,0.0,
2020-06-25,longbyungi,LONG,SOXL,MOO_SELL,160045.6042736367,11.632847773075104,-131825.06219627825,
2020-06-25,yangbyungi,LONG,SOXL,STOP_BUY,106613.48218579048,11.819153736784457,0.0,
2020-06-26,yangbyungi,LONG,SOXL,MOO_SELL,106613.48218579048,11.794100190639497,-3552.1677250459325,
2020-06-26,longbyungi,LONG,SOXL,STOP_BUY,157665.33799253963,11.982988693692683,0.0,
2020-06-29,longbyungi,LONG,SOXL,MOO_SELL,157665.33799253963,11.242376144886018,-118050.5700781655,
2020-06-29,yangbyungi,LONG,SOXL,STOP_BUY,104915.40697968639,11.422428507206439,0.0,
2020-06-30,yangbyungi,LONG,SOXL,MOO_SELL,104915.40697968639,11.740793574810029,32550.83803065261,
2020-06-30,yangbyungi,LONG,SOXL,STOP_BUY,110507.97548739279,11.928828345344066,0.0,
2020-07-01,yangbyungi,LONG,SOXL,MOO_SELL,110507.97548739279,12.549055470943454,67593.29350768961,
2020-07-02,longbyungi,LONG,SOXL,STOP_BUY,166602.0442502747,12.721600880105495,0.0,
2020-07-06,longbyungi,LONG,SOXL,MOO_SELL,166602.0442502747,13.098780661582948,61333.31772215711,
2020-07-06,longbyungi,LONG,SOXL,STOP_BUY,166659.63006680805,13.30856428483486,0.0,
2020-07-07,longbyungi,LONG,SOXL,MOO_SELL,166659.63006680805,13.292017620563508,-4309.296045274008,
2020-07-07,longbyungi,LONG,SOXL,STOP_BUY,162571.43123752848,13.504896031830308,0.0,
2020-07-08,longbyungi,LONG,SOXL,MOO_SELL,162571.43123752848,13.293350190639497,-35916.130409801845,
2020-07-08,longbyungi,LONG,SOXL,STOP_BUY,153241.2839875326,13.506249943692682,0.0,
2020-07-09,longbyungi,LONG,SOXL,MOO_SELL,153241.2839875326,13.659833651065826,22078.326581585454,
2020-07-09,longbyungi,LONG,SOXL,STOP_BUY,156979.24016153597,13.878602822821136,0.0,
2020-07-10,longbyungi,LONG,SOXL,MOO_SELL,156979.24016153597,14.06629612016678,27928.582049870864,
2020-07-13,longbyungi,LONG,SOXL,STOP_BUY,153151.7407853426,14.717412234756944,0.0,
2020-07-14,longbyungi,LONG,SOXL,MOO_SELL,153151.7407853426,12.986836196422578,-266525.766688345,
2020-07-14,longbyungi,LONG,SOXL,STOP_BUY,137293.86814492123,13.19482697222471,0.0,
2020-07-15,longbyungi,LONG,SOXL,MOO_SELL,137293.86814492123,14.192899809360505,135713.2220684099,
2020-07-16,longbyungi,LONG,SOXL,STOP_BUY,159467.06275891498,13.540776633110044,0.0,
2020-07-17,longbyungi,LONG,SOXL,MOO_SELL,159467.06275891498,13.847073091506958,47315.58557121083,
2020-07-20,longbyungi,LONG,SOXL,STOP_BUY,166666.0682500466,14.137895345270632,0.0,
2020-07-21,longbyungi,LONG,SOXL,MOO_SELL,166666.0682500466,14.957850318431856,134961.42578245373,
2020-07-22,longbyungi,LONG,SOXL,STOP_BUY,169470.47131745575,14.758708483486174,0.0,
2020-07-23,longbyungi,LONG,SOXL,MOO_SELL,169470.47131745575,14.54472404575348,-38002.16679984331,
2020-07-23,longbyungi,LONG,SOXL,STOP_BUY,171603.5417389855,14.777665186486242,0.0,
2020-07-24,longbyungi,LONG,SOXL,MOO_SELL,171603.5417389855,13.151420992374419,-280746.71897909,
2020-07-27,longbyungi,LONG,SOXL,STOP_BUY,161791.7715935427,13.946302289793488,0.0,
2020-07-28,longbyungi,LONG,SOXL,MOO_SELL,161791.7715935427,14.224217112541199,43369.11614017235,
2020-07-29,longbyungi,LONG,SOXL,STOP_BUY,162065.0537973298,14.26788056869268,0.0,
2020-07-30,longbyungi,LONG,SOXL,MOO_SELL,162065.0537973298,14.303511704444887,4153.913453507237,
2020-07-30,longbyungi,LONG,SOXL,STOP_BUY,168102.28646645127,14.53258970705509,0.0,
2020-07-31,longbyungi,LONG,SOXL,MOO_SELL,168102.28646645127,15.466262977123261,155187.60500641447,
2020-08-03,longbyungi,LONG,SOXL,STOP_BUY,158875.21087612223,15.629337729578015,0.0,
2020-08-04,longbyungi,LONG,SOXL,MOO_SELL,158875.21087612223,15.91870387983322,44218.83752500871,
2020-08-04,longbyungi,LONG,SOXL,STOP_BUY,156017.3217666976,16.17365000525236,0.0,
2020-08-05,longbyungi,LONG,SOXL,MOO_SELL,156017.3217666976,16.62634910964966,68837.8230286995,
2020-08-07,longbyungi,LONG,SOXL,STOP_BUY,163861.12398705538,16.73014748768806,0.0,
2020-08-10,longbyungi,LONG,SOXL,MOO_SELL,163861.12398705538,16.116603880882263,-102419.75198577251,
2020-08-11,longbyungi,LONG,SOXL,STOP_BUY,169333.52114892085,16.24202739661932,0.0,
2020-08-12,longbyungi,LONG,SOXL,MOO_SELL,169333.52114892085,15.897379899024962,-60265.17197457142,
2020-08-12,longbyungi,LONG,SOXL,STOP_BUY,154951.44067179336,16.15198451006412,0.0,
2020-08-13,longbyungi,LONG,SOXL,MOO_SELL,154951.44067179336,17.068794783592224,140259.4100417532,
2020-08-14,longbyungi,LONG,SOXL,STOP_BUY,165193.34991178318,16.911585235733984,0.0,
2020-08-17,longbyungi,LONG,SOXL,MOO_SELL,165193.34991178318,16.8502380399704,-12086.178815995809,
2020-08-17,longbyungi,LONG,SOXL,STOP_BUY,163389.31936902038,17.120103157954212,0.0,
2020-08-18,longbyungi,LONG,SOXL,MOO_SELL,163389.31936902038,17.26736106967926,22093.879437216092,
2020-08-20,longbyungi,LONG,SOXL,STOP_BUY,169357.7454474359,16.227132429206367,0.0,
2020-08-21,longbyungi,LONG,SOXL,MOO_SELL,169357.7454474359,16.037311195373537,-34060.177900610026,
2020-08-21,longbyungi,LONG,SOXL,STOP_BUY,166221.23521615734,16.294156877174373,0.0,
2020-08-24,longbyungi,LONG,SOXL,MOO_SELL,166221.23521615734,16.880889058113098,95597.30886690365,
2020-08-25,longbyungi,LONG,SOXL,STOP_BUY,163497.0171701133,17.138381936559675,0.0,
2020-08-26,longbyungi,LONG,SOXL,MOO_SELL,163497.0171701133,17.49591494846344,56473.66950474214,
2020-08-28,longbyungi,LONG,SOXL,STOP_BUY,149938.07195807854,17.26904314744949,0.0,
2020-08-31,longbyungi,LONG,SOXL,MOO_SELL,149938.07195807854,17.831747390747072,82528.75862254389,
2020-08-31,longbyungi,LONG,SOXL,STOP_BUY,154696.83779687487,18.11733187934875,0.0,
2020-09-01,longbyungi,LONG,SOXL,MOO_SELL,154696.83779687487,18.11760368919373,-1919.8523590792902,
2020-09-01,longbyungi,LONG,SOXL,STOP_BUY,132319.11703099767,18.407766311559676,0.0,
2020-09-02,longbyungi,LONG,SOXL,MOO_SELL,132319.11703099767,19.618186259269713,158400.652553746,
2020-09-02,longbyungi,LONG,SOXL,STOP_BUY,127204.49674133779,19.93238147342204,0.0,
2020-09-03,longbyungi,LONG,SOXL,MOO_SELL,127204.49674133779,19.561547265052795,-48930.110715413,
2020-09-04,longbyungi,LONG,SOXL,STOP,115776.32618106506,14.8414067945607,-236573.3289492624,
2020-09-09,yangbyungi,LONG,SOXL,STOP_BUY,90473.27823017321,15.445192157807348,0.0,
2020-09-09,yangbyungi,LONG,SOXL,LOC_SELL,22618.319557543302,15.338326717853548,-2660.8116839948925,loser
2020-09-10,yangbyungi,LONG,SOXL,MOO_SELL,67854.9586726299,15.842075381278994,26187.44604048296,
2020-09-11,longbyungi,LONG,SOXL,STOP_BUY,139122.08875755614,15.262400497899053,0.0,
2020-09-14,longbyungi,LONG,SOXL,MOO_SELL,139122.08875755614,15.545556615829469,37893.14700055448,
2020-09-14,yangbyungi,LONG,SOXL,STOP_BUY,104800.52035566137,15.794526598348616,0.0,
2020-09-14,yangbyungi,LONG,SOXL,LOC_SELL,26200.130088915343,15.57620763397217,-6007.656328795303,loser
2020-09-15,yangbyungi,LONG,SOXL,MOO_SELL,78600.39026674602,16.145922328948977,26741.15545041347,
2020-09-15,longbyungi,LONG,SOXL,STOP_BUY,150422.43509628013,16.404507473201747,0.0,
2020-09-16,longbyungi,LONG,SOXL,MOO_SELL,150422.43509628013,16.583703054428103,25218.27725159889,
2020-09-23,longbyungi,LONG,SOXL,STOP_BUY,151936.25130707378,15.704485648720262,0.0,
2020-09-24,longbyungi,LONG,SOXL,MOO_SELL,151936.25130707378,14.08762010097504,-247244.765495121,
2020-09-24,yangbyungi,LONG,SOXL,STOP_BUY,89652.92335722361,14.313240489935875,0.0,
2020-09-25,yangbyungi,LONG,SOXL,MOO_SELL,89652.92335722361,14.888551908493042,50662.04139491473,
2020-09-25,yangbyungi,LONG,SOXL,STOP_BUY,85883.81100053966,15.126999627027509,0.0,
2020-09-28,yangbyungi,LONG,SOXL,MOO_SELL,85883.81100053966,16.03331157875061,76900.8661719067,
2020-09-28,longbyungi,LONG,SOXL,STOP_BUY,145798.67129938607,16.290093204660415,0.0,
2020-09-29,longbyungi,LONG,SOXL,MOO_SELL,145798.67129938607,16.599695801734924,43461.296646545175,
2020-09-29,longbyungi,LONG,SOXL,STOP_BUY,143025.9327390257,16.865548358559607,0.0,
2020-09-30,longbyungi,LONG,SOXL,MOO_SELL,143025.9327390257,16.6923160943985,-26456.581864575855,
2020-09-30,longbyungi,LONG,SOXL,STOP_BUY,141086.8505331808,16.9596520122385,0.0,
2020-10-01,longbyungi,LONG,SOXL,MOO_SELL,141086.8505331808,17.513238359451297,76401.4691904597,
2020-10-01,longbyungi,LONG,SOXL,STOP_BUY,135916.77352553434,17.79372176419258,0.0,
2020-10-02,longbyungi,LONG,SOXL,MOO_SELL,135916.77352553434,16.66299764633179,-155323.50999213802,
2020-10-05,longbyungi,LONG,SOXL,STOP_BUY,131413.74429378143,17.051047842192645,0.0,
2020-10-06,longbyungi,LONG,SOXL,MOO_SELL,131413.74429378143,17.853735750198364,103878.78458339954,
2020-10-06,longbyungi,LONG,SOXL,STOP_BUY,124526.1239144723,18.139672393541332,0.0,
2020-10-07,longbyungi,LONG,SOXL,MOO_SELL,124526.1239144723,18.361481170654297,26030.115753971506,
2020-10-07,longbyungi,LONG,SOXL,STOP_BUY,115407.33233612389,18.65554961471557,0.0,
2020-10-08,longbyungi,LONG,SOXL,MOO_SELL,115407.33233612389,19.1604150762558,56737.69224335812,
2020-10-09,longbyungi,LONG,SOXL,STOP_BUY,119707.975497033,20.329782690467834,0.0,
2020-10-12,longbyungi,LONG,SOXL,MOO_SELL,119707.975497033,21.078787914276123,87926.97132443031,
2020-10-12,longbyungi,LONG,SOXL,STOP_BUY,121786.11822212182,21.41637540555954,0.0,
2020-10-13,longbyungi,LONG,SOXL,MOO_SELL,121786.11822212182,21.240042238235475,-23293.16779494472,
2020-10-13,longbyungi,LONG,SOXL,STOP_BUY,120007.57938533717,21.580212299394603,0.0,
2020-10-14,longbyungi,LONG,SOXL,MOO_SELL,120007.57938533717,21.32799758243561,-32069.936308893375,
2020-10-19,longbyungi,LONG,SOXL,STOP_BUY,111120.06807680399,21.190256629128452,0.0,
2020-10-20,longbyungi,LONG,SOXL,MOO_SELL,111120.06807680399,20.350485941886898,-94930.97948504426,
2020-10-29,yangbyungi,LONG,SOXL,STOP_BUY,67165.33539194732,16.51959772921085,0.0,
2020-10-30,yangbyungi,LONG,SOXL,MOO_SELL,67165.33539194732,16.88688467025757,23883.635422366206,
2020-10-30,yangbyungi,LONG,SOXL,STOP_BUY,69125.85469295508,17.1573367026329,0.0,
2020-10-30,yangbyungi,LONG,SOXL,LOC_SELL,17281.46367323877,16.588368002891542,-10036.723225288966,loser
2020-11-02,yangbyungi,LONG,SOXL,MOO_SELL,51844.391019716306,17.133429198265077,-1861.694361257134,
2020-11-02,yangbyungi,LONG,SOXL,STOP_BUY,57608.2661514619,17.40782976644039,0.0,
2020-11-02,yangbyungi,LONG,SOXL,LOC_SELL,14402.066537865476,16.855568320274354,-8126.418402651441,loser
2020-11-03,yangbyungi,LONG,SOXL,MOO_SELL,43206.19961359643,17.324665395736695,-4118.447093032417,
2020-11-03,yangbyungi,LONG,SOXL,STOP_BUY,58203.133636748804,17.602128708715437,0.0,
2020-11-04,yangbyungi,LONG,SOXL,MOO_SELL,58203.133636748804,18.953851463317868,77929.81471624807,
2020-11-04,longbyungi,LONG,SOXL,STOP_BUY,93973.37563575667,19.257407018394463,0.0,
2020-11-05,longbyungi,LONG,SOXL,MOO_SELL,93973.37563575667,21.322665395736692,192744.59504296957,
2020-11-05,longbyungi,LONG,SOXL,STOP_BUY,104035.93639088226,21.66415870871543,0.0,
2020-11-06,longbyungi,LONG,SOXL,MOO_SELL,104035.93639088226,22.138257380485538,47728.34037836874,
2020-11-06,longbyungi,LONG,SOXL,STOP_BUY,108356.1244107583,22.49281281322002,0.0,
2020-11-09,longbyungi,LONG,SOXL,MOO_SELL,108356.1244107583,24.949518893241887,264399.9161286629,
2020-11-09,longbyungi,LONG,SOXL,STOP,111699.4510939058,22.816969537066633,-284720.4144694889,
2020-11-11,longbyungi,LONG,SOXL,STOP_BUY,123515.49525635608,21.864553159761424,0.0,
2020-11-12,longbyungi,LONG,SOXL,MOO_SELL,123515.49525635608,22.83124529266357,117469.23926722631,
2020-11-13,longbyungi,LONG,SOXL,STOP_BUY,117229.07596557488,23.011399795045847,0.0,
2020-11-16,longbyungi,LONG,SOXL,MOO_SELL,117229.07596557488,23.25836545753479,27053.099769808352,
2020-11-16,longbyungi,LONG,SOXL,STOP_BUY,125869.62639241116,23.630859989862437,0.0,
2020-11-17,longbyungi,LONG,SOXL,MOO_SELL,125869.62639241116,24.14392213726044,62474.252917012665,
2020-11-18,longbyungi,LONG,SOXL,STOP_BUY,125917.63993257067,24.289585565614697,0.0,
2020-11-19,longbyungi,LONG,SOXL,MOO_SELL,125917.63993257067,23.221716920852664,-136557.3783841543,
2020-11-19,longbyungi,LONG,SOXL,STOP_BUY,120575.11646613217,23.59362450825691,0.0,
2020-11-20,longbyungi,LONG,SOXL,MOO_SELL,120575.11646613217,24.358481170654297,90199.04039400117,
2020-11-20,longbyungi,LONG,SOXL,STOP_BUY,120470.91252032897,24.74859461471557,0.0,
2020-11-23,longbyungi,LONG,SOXL,MOO_SELL,120470.91252032897,24.42178301525116,-41444.55170142325,
2020-11-23,longbyungi,LONG,SOXL,STOP_BUY,116321.940732771,24.81291027049541,0.0,
2020-11-24,longbyungi,LONG,SOXL,MOO_SELL,116321.940732771,25.520566158294677,80266.69555807393,
2020-11-25,longbyungi,LONG,SOXL,STOP_BUY,124438.3927752134,25.760040379128448,0.0,
2020-11-27,longbyungi,LONG,SOXL,MOO_SELL,124438.3927752134,25.708471883773804,-8658.731310352683,
2020-11-27,longbyungi,LONG,SOXL,STOP_BUY,124787.72339210725,26.120206114568706,0.0,
2020-11-30,longbyungi,LONG,SOXL,MOO_SELL,124787.72339210725,26.222882061004643,10526.576419810764,
2020-11-30,longbyungi,LONG,SOXL,STOP_BUY,124974.08279494225,26.64285483198166,0.0,
2020-12-01,longbyungi,LONG,SOXL,MOO_SELL,124974.08279494225,27.732127289772034,133752.4140949645,
2020-12-01,longbyungi,LONG,SOXL,STOP_BUY,122492.13672512547,28.176271389412875,0.0,
2020-12-02,longbyungi,LONG,SOXL,MOO_SELL,122492.13672512547,28.204556743621833,1047.56063716067,
2020-12-02,longbyungi,LONG,SOXL,STOP_BUY,119301.73526855808,28.656267040843964,0.0,
2020-12-03,longbyungi,LONG,SOXL,MOO_SELL,119301.73526855808,29.2167171125412,64446.14448273461,
2020-12-03,longbyungi,LONG,SOXL,STOP_BUY,114222.86381011302,29.684637671999926,0.0,
2020-12-04,longbyungi,LONG,SOXL,MOO_SELL,114222.86381011302,29.220714822769168,-55345.51474557817,
2020-12-04,longbyungi,LONG,SOXL,STOP_BUY,112566.00692217099,29.688699407587045,0.0,
2020-12-07,longbyungi,LONG,SOXL,MOO_SELL,112566.00692217099,31.720132061004644,226250.8706946685,
2020-12-08,longbyungi,LONG,SOXL,STOP_BUY,108528.37425717138,31.9383876372385,0.0,
2020-12-09,longbyungi,LONG,SOXL,MOO_SELL,108528.37425717138,31.590863231658936,-40129.41296234168,
2020-12-09,longbyungi,LONG,SOXL,STOP,110505.16417335645,29.427038157367317,-297402.78428113554,
2020-12-10,longbyungi,LONG,SOXL,STOP_BUY,107812.11250103837,29.063825502247806,0.0,
2020-12-11,longbyungi,LONG,SOXL,MOO_SELL,107812.11250103837,28.399127225875855,-73830.84616491711,
2020-12-11,longbyungi,LONG,SOXL,STOP_BUY,106027.74750500052,28.853953668165204,0.0,
2020-12-14,longbyungi,LONG,SOXL,MOO_SELL,106027.74750500052,28.974172201156616,10600.515186508652,
2020-12-14,longbyungi,LONG,SOXL,STOP_BUY,100586.67793104949,29.4382082807064,0.0,
2020-12-15,longbyungi,LONG,SOXL,MOO_SELL,100586.67793104949,30.266193256378177,81182.34448667755,
2020-12-21,longbyungi,LONG,SOXL,STOP_BUY,110191.34254376509,29.4497175,0.0,
2020-12-22,longbyungi,LONG,SOXL,MOO_SELL,110191.34254376509,29.6858160943985,23735.342745883856,
2020-12-24,longbyungi,LONG,SOXL,STOP_BUY,101795.71923528535,29.61897004128456,0.0,
2020-12-28,longbyungi,LONG,SOXL,MOO_SELL,101795.71923528535,30.606688740730284,98399.78542397125,
2020-12-30,longbyungi,LONG,SOXL,STOP_BUY,102756.52037766726,30.132139438734054,0.0,
2020-12-31,longbyungi,LONG,SOXL,MOO_SELL,102756.52037766726,30.759280405998233,62252.87693391647,
2021-01-04,longbyungi,LONG,SOXL,STOP_BUY,98684.72235954339,32.163154438734054,0.0,
2021-01-05,longbyungi,LONG,SOXL,MOO_SELL,98684.72235954339,30.428778244018556,-173318.33686706098,
2021-01-05,longbyungi,LONG,SOXL,STOP_BUY,84107.76043561808,30.91611057792663,0.0,
2021-01-06,longbyungi,LONG,SOXL,MOO_SELL,84107.76043561808,31.512235877990726,48301.01598456502,
2021-01-06,longbyungi,LONG,SOXL,STOP_BUY,87154.35135249193,32.01692033603668,0.0,
2021-01-07,longbyungi,LONG,SOXL,MOO_SELL,87154.35135249193,33.629176908493044,138512.7057277672,
2021-01-07,longbyungi,LONG,SOXL,STOP_BUY,84487.3388506447,34.1677652520275,0.0,
2021-01-08,longbyungi,LONG,SOXL,MOO_SELL,84487.3388506447,37.48857818222046,278447.72847383004,
2021-01-11,longbyungi,LONG,SOXL,STOP_BUY,98898.26297758496,35.50755691772461,0.0,
2021-01-12,longbyungi,LONG,SOXL,MOO_SELL,98898.26297758496,37.64650012779236,209005.5848733522,
2021-01-12,longbyungi,LONG,SOXL,STOP_BUY,84923.04891253405,38.24942794249534,0.0,
2021-01-13,longbyungi,LONG,SOXL,MOO_SELL,84923.04891253405,38.6013561706543,27602.577119272202,
2021-01-14,longbyungi,LONG,SOXL,STOP_BUY,88797.82180891006,39.82820538963317,0.0,
2021-01-15,longbyungi,LONG,SOXL,MOO_SELL,88797.82180891006,40.17190534210205,28033.464682954364,
2021-01-19,longbyungi,LONG,SOXL,STOP_BUY,80768.53639392788,40.12676329301834,0.0,
2021-01-20,longbyungi,LONG,SOXL,MOO_SELL,80768.53639392788,43.141752225875855,241162.32670663716,
2021-01-21,longbyungi,LONG,SOXL,STOP_BUY,88034.7629983084,43.046010330247874,0.0,
2021-01-22,longbyungi,LONG,SOXL,MOO_SELL,88034.7629983084,41.979,-96553.80636179214,
2021-01-28,yangbyungi,LONG,SOXL,STOP_BUY,42669.98649046317,35.5434404243946,0.0,
2021-01-28,yangbyungi,LONG,SOXL,LOC_SELL,10667.496622615792,35.116431871414186,-4818.929678921122,loser
2021-01-29,yangbyungi,LONG,SOXL,MOO_SELL,32002.489867847376,35.31966501235962,-7955.0988911334425,
2021-01-29,yangbyungi,SHORT,SOXS,STOP_BUY,0.22936626848084407,4645121.399999999,0.0,
2021-01-29,yangbyungi,SHORT,SOXS,LOC_SELL,0.05734156712021102,4638679.5,-555.7103335849824,loser
2021-02-01,yangbyungi,SHORT,SOXS,MOO_SELL,0.17202470136063305,4416790.5,-39824.16032482835,
2021-02-01,yangbyungi,LONG,SOXL,STOP_BUY,47487.51003578306,35.63009465744018,0.0,
2021-02-02,yangbyungi,LONG,SOXL,MOO_SELL,47487.51003578306,39.113101207733166,164157.02961942228,
2021-02-04,longbyungi,LONG,SOXL,STOP_BUY,96940.39104767887,36.90015695683478,0.0,
2021-02-05,longbyungi,LONG,SOXL,MOO_SELL,96940.39104767887,38.314165395736694,134522.57397443382,
2021-02-08,longbyungi,LONG,SOXL,STOP_BUY,105253.79974771415,38.04226586906432,0.0,
2021-02-09,longbyungi,LONG,SOXL,MOO_SELL,105253.79974771415,39.616847011566165,162869.77740891278,
2021-02-09,longbyungi,LONG,SOXL,STOP_BUY,100029.65420112333,40.25133093206405,0.0,
2021-02-10,longbyungi,LONG,SOXL,MOO_SELL,100029.65420112333,40.64633460426331,36679.822810018435,
2021-02-10,longbyungi,LONG,SOXL,STOP_BUY,96230.78942266715,41.297306291284556,0.0,
2021-02-11,longbyungi,LONG,SOXL,MOO_SELL,96230.78942266715,40.864224109649655,-44443.1043493473,
2021-02-11,longbyungi,LONG,SOXL,STOP_BUY,93566.74365378532,41.518685407733905,0.0,
2021-02-12,longbyungi,LONG,SOXL,MOO_SELL,93566.74365378532,43.46625496292114,179444.62387258792,
2021-02-12,longbyungi,LONG,SOXL,STOP_BUY,93322.56600663738,44.162389106311785,0.0,
2021-02-16,longbyungi,LONG,SOXL,MOO_SELL,93322.56600663738,47.31299777412414,291035.03412245587,
2021-02-18,longbyungi,LONG,SOXL,STOP_BUY,98833.95446590494,42.85780302289008,0.0,
2021-02-19,longbyungi,LONG,SOXL,MOO_SELL,98833.95446590494,44.622346244812015,171370.6812672643,
2021-02-19,longbyungi,LONG,SOXL,STOP_BUY,91332.78741286419,45.33699577709197,0.0,
2021-02-22,longbyungi,LONG,SOXL,MOO_SELL,91332.78741286419,43.981332378387464,-126671.70915440377,
2021-02-22,longbyungi,LONG,SOXL,STOP,92970.84444159627,40.72406353762746,-371097.3681496666,
2021-02-24,longbyungi,LONG,SOXL,STOP_BUY,95265.3127072788,39.5871897088623,0.0,
2021-02-25,longbyungi,LONG,SOXL,MOO_SELL,95265.3127072788,42.046299554824834,231545.97449843725,
2021-02-25,longbyungi,LONG,SOXL,STOP,98648.78117483732,39.05360285305446,-364478.657200329,
2021-02-26,longbyungi,LONG,SOXL,STOP_BUY,76860.56233804216,38.53173890353202,0.0,
2021-03-01,longbyungi,LONG,SOXL,MOO_SELL,76860.56233804216,40.571703054428106,154664.8145262017,
2021-03-01,longbyungi,LONG,SOXL,STOP_BUY,75871.93154235349,41.221479479284284,0.0,
2021-03-02,longbyungi,LONG,SOXL,MOO_SELL,75871.93154235349,42.918528627395624,126524.0440622475,
2021-03-04,yangbyungi,SHORT,SOXS,STOP_BUY,0.3244834666088346,4110614.28,0.0,
2021-03-05,yangbyungi,SHORT,SOXS,MOO_SELL,0.3244834666088346,4083957.0,-9580.497638470028,
2021-03-05,yangbyungi,LONG,SOXL,STOP_BUY,57007.63984367231,32.719652889633174,0.0,
2021-03-08,yangbyungi,LONG,SOXL,MOO_SELL,57007.63984367231,32.69364408493042,-2787.870757478522,
2021-03-08,yangbyungi,SHORT,SOXS,STOP_BUY,0.33931578014923564,4244241.06,0.0,
2021-03-09,yangbyungi,SHORT,SOXS,MOO_SELL,0.33931578014923564,4167915.0,-26897.668648299994,
2021-03-09,yangbyungi,LONG,SOXL,STOP_BUY,67636.26251526873,30.810497704954145,0.0,
2021-03-10,yangbyungi,LONG,SOXL,MOO_SELL,67636.26251526873,34.172903627395634,225882.23761606938,
2021-03-11,yangbyungi,LONG,SOXL,STOP_BUY,71704.0741736464,33.816398975229255,0.0,
2021-03-12,yangbyungi,LONG,SOXL,MOO_SELL,71704.0741736464,32.50374045753479,-95787.36218641512,
2021-03-15,longbyungi,LONG,SOXL,STOP_BUY,126762.39739279452,34.324152725229254,0.0,
2021-03-16,longbyungi,LONG,SOXL,MOO_SELL,126762.39739279452,36.81158683013916,312157.04258475825,
2021-03-16,longbyungi,LONG,SOXL,STOP_BUY,125165.384538557,37.401143084449764,0.0,
2021-03-17,longbyungi,LONG,SOXL,MOO_SELL,125165.384538557,35.26235877990723,-270884.9942265656,
2021-03-17,longbyungi,LONG,SOXL,STOP_BUY,127665.97950533571,35.82710336036682,0.0,
2021-03-18,longbyungi,LONG,SOXL,MOO_SELL,127665.97950533571,36.74161832237244,113509.85346945468,
2021-03-19,longbyungi,LONG,SOXL,STOP_BUY,123275.24793598775,34.53740837050437,0.0,
2021-03-22,longbyungi,LONG,SOXL,MOO_SELL,123275.24793598775,35.92202862739563,167649.33886758983,
2021-03-22,longbyungi,LONG,SOXL,STOP_BUY,122793.47915659688,36.49733815541267,0.0,
2021-03-23,longbyungi,LONG,SOXL,MOO_SELL,122793.47915659688,37.351313932418826,101688.81025173143,
2021-03-24,yangbyungi,SHORT,SOXS,STOP_BUY,0.5444012655960356,3442480.38,0.0,
2021-03-25,yangbyungi,SHORT,SOXS,MOO_SELL,0.5444012655960356,3727135.5,153600.50580077316,
2021-03-26,longbyungi,LONG,SOXL,STOP_BUY,146887.85150724204,33.31880246958732,0.0,
2021-03-29,longbyungi,LONG,SOXL,MOO_SELL,146887.85150724204,36.36181106758118,443398.66261241864,
2021-03-30,longbyungi,LONG,SOXL,STOP_BUY,138263.8342239842,35.66462231532096,0.0,
2021-03-31,longbyungi,LONG,SOXL,MOO_SELL,138263.8342239842,36.411785305023194,99817.67358034756,
2021-03-31,longbyungi,LONG,SOXL,STOP_BUY,142623.21706595542,36.99493853490829,0.0,
2021-04-01,longbyungi,LONG,SOXL,MOO_SELL,142623.21706595542,40.02997423744202,429021.6165065551,
2021-04-01,longbyungi,LONG,SOXL,STOP_BUY,137658.85994387904,40.671074600229254,0.0,
2021-04-05,longbyungi,LONG,SOXL,MOO_SELL,137658.85994387904,44.507733779907234,524046.1624891432,
2021-04-05,longbyungi,LONG,SOXL,STOP_BUY,146619.72554311738,45.22054773536682,0.0,
2021-04-06,longbyungi,LONG,SOXL,MOO_SELL,146619.72554311738,44.09793893241883,-169180.14278092794,
2021-04-06,longbyungi,LONG,SOXL,STOP_BUY,140660.8700722429,44.80418981532097,0.0,
2021-04-07,longbyungi,LONG,SOXL,MOO_SELL,140660.8700722429,43.968006677627564,-121988.61872661486,
2021-04-09,longbyungi,LONG,SOXL,STOP_BUY,147671.22149451193,44.50969558444976,0.0,
2021-04-12,longbyungi,LONG,SOXL,MOO_SELL,147671.22149451193,43.69814122009278,-124402.23994600773,
2021-04-14,longbyungi,LONG,SOXL,STOP_BUY,153356.72526436747,43.047362305183405,0.0,
2021-04-15,longbyungi,LONG,SOXL,MOO_SELL,153356.72526436747,42.328823474884025,-114775.31628337968,
2021-04-15,longbyungi,LONG,SOXL,STOP_BUY,148545.44514749927,43.006741075458514,0.0,
2021-04-16,longbyungi,LONG,SOXL,MOO_SELL,148545.44514749927,43.48824332237244,67028.01302120928,
2021-04-21,longbyungi,LONG,SOXL,STOP_BUY,151967.86002771457,38.51819978490828,0.0,
2021-04-22,longbyungi,LONG,SOXL,MOO_SELL,151967.86002771457,40.349813932418826,274151.5912494231,
2021-04-23,longbyungi,LONG,SOXL,STOP_BUY,154696.90852754578,38.9142470900917,0.0,
2021-04-26,longbyungi,LONG,SOXL,MOO_SELL,154696.90852754578,40.0699551525116,174507.95024841186,
2021-04-26,longbyungi,LONG,SOXL,STOP_BUY,162608.73902981507,40.71169582995414,0.0,
2021-04-27,longbyungi,LONG,SOXL,MOO_SELL,162608.73902981507,42.758608779907235,328095.3833530061,
2021-04-30,longbyungi,LONG,SOXL,STOP_BUY,173022.56478560372,38.944711075458514,0.0,
2021-05-03,longbyungi,LONG,SOXL,MOO_SELL,173022.56478560372,37.70114122009277,-219807.15754596796,
2021-05-04,yangbyungi,SHORT,SOXS,STOP_BUY,0.7818161573673178,3242040.21,0.0,
2021-05-04,yangbyungi,SHORT,SOXS,LOC_SELL,0.19545403934182945,3091453.5,-29866.04816576466,loser
2021-05-05,yangbyungi,SHORT,SOXS,MOO_SELL,0.5863621180254883,2977510.5,-156386.6191608871,
2021-05-05,yangbyungi,LONG,SOXL,STOP_BUY,114814.55792255391,35.6138477150917,0.0,
2021-05-05,yangbyungi,LONG,SOXL,LOC_SELL,28703.639480638478,34.53272423744202,-31736.890205755597,loser
2021-05-06,yangbyungi,LONG,SOXL,MOO_SELL,86110.91844191543,34.182900762557985,-125323.74806482252,
2021-05-06,yangbyungi,LONG,SOXL,STOP_BUY,117781.16128919696,34.73035727477073,0.0,
2021-05-07,yangbyungi,LONG,SOXL,MOO_SELL,117781.16128919696,36.491743322372436,204522.07656389102,
2021-05-07,yangbyungi,LONG,SOXL,STOP_BUY,117407.45025572485,37.076177120504376,0.0,
2021-05-07,yangbyungi,LONG,SOXL,LOC_SELL,29351.862563931212,36.91153530502319,-5592.630948566599,loser
2021-05-10,yangbyungi,LONG,SOXL,MOO_SELL,88055.58769179364,35.982,-98600.02263764059,
2021-05-13,yangbyungi,LONG,SOXL,STOP_BUY,95697.66999403678,29.98793717229366,0.0,
2021-05-13,yangbyungi,LONG,SOXL,LOC_SELL,23924.417498509196,29.3153349237442,-16588.195688962005,loser
2021-05-14,yangbyungi,LONG,SOXL,MOO_SELL,71773.25249552759,30.474754771232607,33421.62102851411,
2021-05-14,yangbyungi,LONG,SOXL,STOP_BUY,110753.66859308712,30.962823442568773,0.0,
2021-05-17,yangbyungi,LONG,SOXL,MOO_SELL,110753.66859308712,30.964509542465212,-2213.7960108527914,
2021-05-20,longbyungi,LONG,SOXL,STOP_BUY,153574.2743040702,33.257870624999995,0.0,
2021-05-21,longbyungi,LONG,SOXL,MOO_SELL,153574.2743040702,35.28234923744202,307223.7286657896,
2021-05-24,longbyungi,LONG,SOXL,STOP_BUY,163324.64378994715,35.542762499999995,0.0,
2021-05-25,longbyungi,LONG,SOXL,MOO_SELL,163324.64378994715,37.31133683013916,284687.1680484172,
2021-05-26,longbyungi,LONG,SOXL,STOP_BUY,169925.35226833733,37.60424148536682,0.0,
2021-05-27,longbyungi,LONG,SOXL,MOO_SELL,169925.35226833733,36.86156106758118,-130629.00132078584,
2021-05-27,longbyungi,LONG,SOXL,STOP_BUY,182751.95289676124,37.451917684679024,0.0,
2021-05-28,longbyungi,LONG,SOXL,MOO_SELL,182751.95289676124,38.050964694976805,104647.60628740955,
2021-05-28,longbyungi,LONG,SOXL,STOP_BUY,185536.1981880048,38.660370215091696,0.0,
2021-06-01,longbyungi,LONG,SOXL,MOO_SELL,185536.1981880048,39.500240457534794,150750.7638608422,
2021-06-01,longbyungi,LONG,SOXL,STOP_BUY,181204.06270949292,40.13285686486244,0.0,
2021-06-02,longbyungi,LONG,SOXL,MOO_SELL,181204.06270949292,38.25086545753479,-345995.69611941464,
2021-06-02,longbyungi,LONG,SOXL,STOP_BUY,169239.0622962803,38.86347248986244,0.0,
2021-06-03,longbyungi,LONG,SOXL,MOO_SELL,169239.0622962803,37.81108683013916,-182646.47790807486,
2021-06-04,longbyungi,LONG,SOXL,STOP_BUY,165622.84164141273,38.67052745944976,0.0,
2021-06-07,longbyungi,LONG,SOXL,MOO_SELL,165622.84164141273,39.24036832237244,89862.32461667433,
2021-06-10,longbyungi,LONG,SOXL,STOP_BUY,169818.38457073318,38.38618272522926,0.0,
2021-06-11,longbyungi,LONG,SOXL,MOO_SELL,169818.38457073318,39.03047423744202,104811.17372811213,
2021-06-14,longbyungi,LONG,SOXL,STOP_BUY,186310.5516266045,40.42735496958731,0.0,
2021-06-15,longbyungi,LONG,SOXL,MOO_SELL,186310.5516266045,40.77959923744202,60331.424499339424,
2021-06-15,longbyungi,LONG,SOXL,STOP_BUY,174647.81644417933,41.432705225229256,0.0,
2021-06-16,longbyungi,LONG,SOXL,MOO_SELL,174647.81644417933,40.469756677627565,-173183.29133318737,
2021-06-17,longbyungi,LONG,SOXL,STOP_BUY,163400.03237855344,39.28998378041266,0.0,
2021-06-18,longbyungi,LONG,SOXL,MOO_SELL,163400.03237855344,39.27035591506958,-7700.060550051741,
2021-06-21,longbyungi,LONG,SOXL,STOP_BUY,147503.65231261766,38.13230585022926,0.0,
2021-06-22,longbyungi,LONG,SOXL,MOO_SELL,147503.65231261766,37.88105152511597,-40985.21735664364,
2021-06-22,longbyungi,LONG,SOXL,STOP_BUY,168382.02810014322,38.48773579954147,0.0,
2021-06-23,longbyungi,LONG,SOXL,MOO_SELL,168382.02810014322,38.58069847488403,11111.315068824217,
2021-06-23,longbyungi,LONG,SOXL,STOP_BUY,177738.70409415444,39.19858795045852,0.0,
2021-06-24,longbyungi,LONG,SOXL,MOO_SELL,177738.70409415444,39.86006106758118,112651.25099213701,
2021-06-24,longbyungi,LONG,SOXL,STOP_BUY,177662.57487417254,40.49844018467902,0.0,
2021-06-25,longbyungi,LONG,SOXL,MOO_SELL,177662.57487417254,41.14941316986084,110576.51796995848,
2021-06-28,longbyungi,LONG,SOXL,STOP_BUY,180393.37021206625,42.14356124999999,0.0,
2021-06-29,longbyungi,LONG,SOXL,MOO_SELL,180393.37021206625,43.28834637260437,201117.6740263477,
2021-06-29,longbyungi,LONG,SOXL,STOP_BUY,174799.48318041727,43.98163121958732,0.0,
2021-06-30,longbyungi,LONG,SOXL,MOO_SELL,174799.48318041727,44.34781393241882,58604.5694757849,
2021-07-09,longbyungi,LONG,SOXL,STOP_BUY,157193.14672509194,40.80309165990829,0.0,
2021-07-12,longbyungi,LONG,SOXL,MOO_SELL,157193.14672509194,42.1389198474884,205419.76576519944,
2021-07-12,longbyungi,LONG,SOXL,STOP_BUY,179478.34284605982,42.81379604504584,0.0,
2021-07-13,longbyungi,LONG,SOXL,MOO_SELL,179478.34284605982,42.728625,-20659.912213566713,
2021-07-14,longbyungi,LONG,SOXL,STOP_BUY,163920.1704483556,44.21519747972487,0.0,
2021-07-15,longbyungi,LONG,SOXL,MOO_SELL,163920.1704483556,41.76910591506958,-405896.8427945059,
2021-07-19,longbyungi,LONG,SOXL,STOP_BUY,180707.75433518863,35.756018145275114,0.0,
2021-07-20,longbyungi,LONG,SOXL,MOO_SELL,180707.75433518863,37.22138167762756,260186.899502364,
2021-07-20,longbyungi,LONG,SOXL,STOP_BUY,143770.93829872273,37.81750100449562,0.0,
2021-07-21,longbyungi,LONG,SOXL,MOO_SELL,143770.93829872273,38.65066316986084,115936.64136988856,
2021-07-21,longbyungi,LONG,SOXL,STOP_BUY,159687.7190430472,39.26967316555022,0.0,
2021-07-22,longbyungi,LONG,SOXL,MOO_SELL,159687.7190430472,40.87955152511597,252598.2067699451,
2021-07-22,longbyungi,LONG,SOXL,STOP_BUY,170396.9892412801,41.53425829954147,0.0,
2021-07-23,longbyungi,LONG,SOXL,MOO_SELL,170396.9892412801,41.26935591506958,-50076.88905300945,
2021-07-26,longbyungi,LONG,SOXL,STOP_BUY,177982.46001762187,41.20929620944976,0.0,
2021-07-27,longbyungi,LONG,SOXL,MOO_SELL,177982.46001762187,40.77959923744202,-81585.92899707798,
2021-07-28,longbyungi,LONG,SOXL,STOP_BUY,161025.01407195057,40.15316747972488,0.0,
2021-07-29,longbyungi,LONG,SOXL,MOO_SELL,161025.01407195057,41.20938454246521,165491.87526129,
2021-07-29,longbyungi,LONG,SOXL,STOP_BUY,165869.80722966307,41.86937376013755,0.0,
2021-07-30,longbyungi,LONG,SOXL,MOO_SELL,165869.80722966307,42.16890362739562,44804.16683705896,
2021-07-30,longbyungi,LONG,SOXL,STOP_BUY,168390.63881239036,42.84426003041266,0.0,
2021-08-02,longbyungi,LONG,SOXL,MOO_SELL,168390.63881239036,45.16740362739562,386008.5152556766,
2021-08-02,longbyungi,LONG,SOXL,STOP_BUY,158089.4270020215,45.890782530412665,0.0,
2021-08-03,longbyungi,LONG,SOXL,MOO_SELL,158089.4270020215,45.26735591506958,-103601.05465309508,
2021-08-03,longbyungi,LONG,SOXL,STOP_BUY,146462.6326795641,45.99233560472488,0.0,
2021-08-04,longbyungi,LONG,SOXL,MOO_SELL,146462.6326795641,46.13691984748841,16453.466184007935,
2021-08-04,longbyungi,LONG,SOXL,STOP_BUY,155246.9377229943,46.87582604504585,0.0,
2021-08-05,longbyungi,LONG,SOXL,MOO_SELL,155246.9377229943,48.14591316986084,192013.9948583506,
2021-08-06,longbyungi,LONG,SOXL,STOP_BUY,164313.38873701045,47.04846433444976,0.0,
2021-08-09,longbyungi,LONG,SOXL,MOO_SELL,164313.38873701045,46.87655152511597,-33649.174444005825,
2021-08-13,longbyungi,LONG,SOXL,STOP_BUY,197938.24311112717,43.159068749999996,0.0,
2021-08-16,longbyungi,LONG,SOXL,MOO_SELL,197938.24311112717,42.888544847488404,-59508.26569349691,
2021-08-18,longbyungi,LONG,SOXL,STOP_BUY,180774.78550046586,40.91479810472487,0.0,
2021-08-19,longbyungi,LONG,SOXL,MOO_SELL,180774.78550046586,38.160910305023194,-502836.68926254567,
2021-08-19,yangbyungi,LONG,SOXL,STOP_BUY,105828.54780371102,38.772076659908286,0.0,
2021-08-20,yangbyungi,LONG,SOXL,MOO_SELL,105828.54780371102,39.94001908493042,120686.15538289491,
2021-08-20,yangbyungi,LONG,SOXL,STOP_BUY,101800.29145755878,40.57967877027511,0.0,
2021-08-20,yangbyungi,LONG,SOXL,LOC_SELL,25450.072864389695,40.4097853050232,-5045.216786532197,loser
2021-08-23,yangbyungi,LONG,SOXL,MOO_SELL,76350.21859316909,41.37930152511597,58861.21700274246,
2021-08-23,longbyungi,LONG,SOXL,STOP_BUY,164719.06380936774,42.04201204954147,0.0,
2021-08-24,longbyungi,LONG,SOXL,MOO_SELL,164719.06380936774,43.95800954246521,310643.2682300173,
2021-08-25,longbyungi,LONG,SOXL,STOP_BUY,171188.88110182833,44.86512165990828,0.0,
2021-08-26,longbyungi,LONG,SOXL,MOO_SELL,171188.88110182833,44.49774045753479,-68245.85190444347,
2021-08-26,longbyungi,LONG,SOXL,STOP_BUY,173153.7480805971,45.21039436486244,0.0,
2021-08-27,longbyungi,LONG,SOXL,MOO_SELL,173153.7480805971,44.827573474884026,-71743.51600366645,
2021-08-27,longbyungi,LONG,SOXL,STOP_BUY,152174.34701974737,45.54550982545852,0.0,
2021-08-30,longbyungi,LONG,SOXL,MOO_SELL,152174.34701974737,47.75610877990724,331427.11290526483,
2021-08-30,longbyungi,LONG,SOXL,STOP_BUY,169194.21628989355,48.520947110366826,0.0,
2021-08-31,longbyungi,LONG,SOXL,MOO_SELL,169194.21628989355,47.74611545753479,-136797.7748295162,
2021-09-03,longbyungi,LONG,SOXL,STOP_BUY,172860.29060947863,46.8555154301834,0.0,
2021-09-07,longbyungi,LONG,SOXL,MOO_SELL,172860.29060947863,47.33632061004639,77413.41326482501,
2021-09-09,longbyungi,LONG,SOXL,STOP_BUY,163401.42230058406,45.60644167004585,0.0,
2021-09-10,longbyungi,LONG,SOXL,MOO_SELL,163401.42230058406,46.61667938995362,159799.99409205746,
2021-09-10,longbyungi,LONG,SOXL,STOP_BUY,152463.14416957143,47.36326918018341,0.0,
2021-09-13,longbyungi,LONG,SOXL,MOO_SELL,152463.14416957143,47.77609923744202,57864.53200221062,
2021-09-16,longbyungi,LONG,SOXL,STOP_BUY,154817.41843113504,48.480329754495614,0.0,
2021-09-17,longbyungi,LONG,SOXL,MOO_SELL,154817.41843113504,48.61567938995361,15693.22743070405,
2021-09-22,longbyungi,LONG,SOXL,STOP_BUY,124236.19607099047,45.14946252027511,0.0,
2021-09-23,longbyungi,LONG,SOXL,MOO_SELL,124236.19607099047,46.86655438995361,209323.86022179667,
2021-09-23,longbyungi,LONG,SOXL,STOP_BUY,140023.42446036174,47.617146055183404,0.0,
2021-09-24,longbyungi,LONG,SOXL,MOO_SELL,140023.42446036174,46.83657061004639,-113927.85337892268,
2021-09-24,longbyungi,LONG,SOXL,STOP_BUY,155418.175520606,47.58668206981658,0.0,
2021-09-27,longbyungi,LONG,SOXL,MOO_SELL,155418.175520606,46.49674045753479,-174514.53266140074,
2021-09-27,longbyungi,LONG,SOXL,STOP_BUY,161819.07879548156,47.241409364862434,0.0,
2021-09-28,longbyungi,LONG,SOXL,MOO_SELL,161819.07879548156,44.87755152511597,-387734.6099180365,
2021-09-30,yangbyungi,LONG,SOXL,STOP_BUY,97512.4355259503,41.69673934458732,0.0,
2021-09-30,yangbyungi,LONG,SOXL,LOC_SELL,24378.108881487577,40.01998091506958,-41573.4342491104,loser
2021-10-01,yangbyungi,LONG,SOXL,MOO_SELL,73134.32664446274,40.47975,-91107.16902485723,
2021-10-01,yangbyungi,SHORT,SOXS,STOP_BUY,1.0076110355857981,2220749.82,0.0,
2021-10-01,yangbyungi,SHORT,SOXS,LOC_SELL,0.25190275889644953,2122938.0,-25022.032741657924,loser
2021-10-04,yangbyungi,SHORT,SOXS,MOO_SELL,0.7557082766893486,2158920.0,-47883.72017646185,
2021-10-04,yangbyungi,SHORT,SOXS,STOP_BUY,1.0640269651080942,2290744.8,0.0,
2021-10-04,yangbyungi,SHORT,SOXS,LOC_SELL,0.26600674127702356,2284857.0,-1992.193814760656,loser
2021-10-05,yangbyungi,SHORT,SOXS,MOO_SELL,0.7980202238310707,2242878.0,-39464.94738864456,
2021-10-05,yangbyungi,LONG,SOXL,STOP_BUY,87655.09526713751,38.18308045045851,0.0,
2021-10-06,yangbyungi,LONG,SOXL,MOO_SELL,87655.09526713751,37.30133969497681,-79604.877836328,
2021-10-06,yangbyungi,LONG,SOXL,STOP_BUY,94485.56220440408,37.8987395900917,0.0,
2021-10-07,yangbyungi,LONG,SOXL,MOO_SELL,94485.56220440408,40.509733779907236,244108.2898963699,
2021-10-07,longbyungi,LONG,SOXL,STOP_BUY,150463.14675983792,41.15851773536682,0.0,
2021-10-08,longbyungi,LONG,SOXL,MOO_SELL,150463.14675983792,40.87955152511597,-46294.43095327169,
2021-10-11,longbyungi,LONG,SOXL,STOP_BUY,175274.80595923026,39.361068995504375,0.0,
2021-10-12,longbyungi,LONG,SOXL,MOO_SELL,175274.80595923026,39.190394084930425,-34733.84419019148,
2021-10-13,longbyungi,LONG,SOXL,STOP_BUY,169850.1803638352,38.28463352477073,0.0,
2021-10-14,longbyungi,LONG,SOXL,MOO_SELL,169850.1803638352,39.62017938995361,222211.4548018137,
2021-10-14,longbyungi,LONG,SOXL,STOP_BUY,175576.22053621995,40.2547166801834,0.0,
2021-10-15,longbyungi,LONG,SOXL,MOO_SELL,175576.22053621995,42.00898377990723,302952.34481561,
2021-10-18,longbyungi,LONG,SOXL,STOP_BUY,198797.61974673052,41.777977930183404,0.0,
2021-10-19,longbyungi,LONG,SOXL,MOO_SELL,198797.61974673052,43.08844561004639,254612.92046310753,
2021-10-19,longbyungi,LONG,SOXL,STOP_BUY,193874.3740285182,43.77852894481658,0.0,
2021-10-20,longbyungi,LONG,SOXL,MOO_SELL,193874.3740285182,44.10793606758118,57899.97304007225,
2021-10-21,longbyungi,LONG,SOXL,STOP_BUY,204120.11930109077,44.00194183444976,0.0,
2021-10-22,longbyungi,LONG,SOXL,MOO_SELL,204120.11930109077,44.817580152511596,160142.74279083684,
2021-10-22,longbyungi,LONG,SOXL,STOP_BUY,206364.64596938816,45.53535645495414,0.0,
2021-10-25,longbyungi,LONG,SOXL,MOO_SELL,206364.64596938816,44.57769847488403,-204135.40205416456,
2021-10-25,longbyungi,LONG,SOXL,STOP_BUY,198323.72723872316,45.291632950458514,0.0,
2021-10-26,longbyungi,LONG,SOXL,MOO_SELL,198323.72723872316,45.99699045753479,133552.48482211307,
2021-10-27,longbyungi,LONG,SOXL,STOP_BUY,195331.82271831768,44.91589626013755,0.0,
2021-10-28,longbyungi,LONG,SOXL,MOO_SELL,195331.82271831768,45.8170801525116,169826.82911964133,
2021-10-28,longbyungi,LONG,SOXL,STOP_BUY,179949.06624282064,46.55086395495414,0.0,
2021-10-29,longbyungi,LONG,SOXL,MOO_SELL,179949.06624282064,45.94701622009278,-114487.55354957469,
2021-10-29,longbyungi,LONG,SOXL,STOP_BUY,182545.36530771927,46.68288101463317,0.0,
2021-11-01,longbyungi,LONG,SOXL,MOO_SELL,182545.36530771927,47.76610591506958,191703.25647287443,
2021-11-01,longbyungi,LONG,SOXL,STOP_BUY,181423.39446777888,48.53110435472488,0.0,
2021-11-02,longbyungi,LONG,SOXL,MOO_SELL,181423.39446777888,49.79508969497681,223072.97582465783,
2021-11-02,longbyungi,LONG,SOXL,STOP_BUY,175663.37558247722,50.5925833400917,0.0,
2021-11-03,longbyungi,LONG,SOXL,MOO_SELL,175663.37558247722,52.04396469497681,248644.22918649763,
2021-11-03,longbyungi,LONG,SOXL,STOP_BUY,175575.89491597726,52.8774752150917,0.0,
2021-11-04,longbyungi,LONG,SOXL,MOO_SELL,175575.89491597726,55.39228816986084,434887.18887035735,
2021-11-04,longbyungi,LONG,SOXL,STOP_BUY,181261.47971744783,56.279423790550226,0.0,
2021-11-05,longbyungi,LONG,SOXL,MOO_SELL,181261.47971744783,60.00998091506958,668828.7282105051,
2021-11-05,longbyungi,LONG,SOXL,STOP_BUY,172151.89630030538,60.97107122972488,0.0,
2021-11-08,longbyungi,LONG,SOXL,MOO_SELL,172151.89630030538,62.06894847488403,181588.0992095638,
2021-11-08,longbyungi,LONG,SOXL,STOP_BUY,158033.62396026036,63.06301420045851,0.0,
2021-11-09,longbyungi,LONG,SOXL,MOO_SELL,158033.62396026036,65.23736164474488,336523.48569670506,
2021-11-11,longbyungi,LONG,SOXL,STOP_BUY,145704.90511202684,61.661616639633166,0.0,
2021-11-12,longbyungi,LONG,SOXL,MOO_SELL,145704.90511202684,62.18889122009278,70510.52344032936,
2021-11-12,longbyungi,LONG,SOXL,STOP_BUY,151565.53838275728,63.18487788963317,0.0,
2021-11-15,longbyungi,LONG,SOXL,MOO_SELL,151565.53838275728,64.69763835525514,222498.45056760497,
2021-11-16,longbyungi,LONG,SOXL,STOP_BUY,164458.18984555083,63.34735893467902,0.0,
2021-11-17,longbyungi,LONG,SOXL,MOO_SELL,164458.18984555083,65.967,423378.04576075636,
2021-11-18,longbyungi,LONG,SOXL,STOP_BUY,149984.60904108343,68.92249681417464,0.0,
2021-11-19,longbyungi,LONG,SOXL,MOO_SELL,149984.60904108343,67.82607061004639,-171625.61871629208,
2021-11-19,longbyungi,LONG,SOXL,STOP_BUY,144214.8682085488,68.91233956981658,0.0,
2021-11-22,longbyungi,LONG,SOXL,MOO_SELL,144214.8682085488,69.50523091506959,78517.09212782234,
2021-11-22,longbyungi,LONG,SOXL,STOP_BUY,138961.06232279658,70.61839247972486,0.0,
2021-11-23,longbyungi,LONG,SOXL,MOO_SELL,138961.06232279658,64.79758683013917,-815451.4785600975,
2021-11-23,longbyungi,LONG,SOXL,STOP_BUY,131508.8420854927,65.83535308444975,0.0,
2021-11-24,longbyungi,LONG,SOXL,MOO_SELL,131508.8420854927,62.95850667762757,-384258.8757967567,
2021-11-24,longbyungi,LONG,SOXL,STOP_BUY,130165.40488281865,63.96681912949561,0.0,
2021-11-26,longbyungi,LONG,SOXL,MOO_SELL,130165.40488281865,63.06844847488403,-122724.23895710241,
2021-11-29,longbyungi,LONG,SOXL,STOP_BUY,86026.11981807431,64.94170539977073,0.0,
2021-11-30,longbyungi,LONG,SOXL,MOO_SELL,86026.11981807431,67.24635877990723,194280.31863207836,
2021-11-30,longbyungi,LONG,SOXL,STOP_BUY,103411.11421389595,68.3233433603668,0.0,
2021-12-01,longbyungi,LONG,SOXL,MOO_SELL,103411.11421389595,67.50623091506958,-89414.7090728851,
2021-12-01,longbyungi,LONG,SOXL,STOP_BUY,86411.93069173608,68.58737747972488,0.0,
2021-12-02,longbyungi,LONG,SOXL,MOO_SELL,86411.93069173608,61.22936832237244,-639745.9778086059,
2021-12-02,longbyungi,LONG,SOXL,STOP_BUY,79275.07414796308,62.20998774550437,0.0,
2021-12-03,longbyungi,LONG,SOXL,MOO_SELL,79275.07414796308,65.86705152511597,286360.34141784813,
2021-12-03,longbyungi,LONG,SOXL,STOP_BUY,83887.90219956808,66.92194579954146,0.0,
2021-12-06,longbyungi,LONG,SOXL,MOO_SELL,83887.90219956808,62.028971372604374,-414247.4578667851,
2021-12-06,longbyungi,LONG,SOXL,STOP_BUY,78607.6286404565,63.02239684458732,0.0,
2021-12-07,longbyungi,LONG,SOXL,MOO_SELL,78607.6286404565,66.72662213516236,287610.6240969617,
2021-12-07,longbyungi,LONG,SOXL,STOP_BUY,84328.75829665615,67.79528286935805,0.0,
2021-12-08,longbyungi,LONG,SOXL,MOO_SELL,84328.75829665615,70.8945353050232,257262.67049326748,
2021-12-09,longbyungi,LONG,SOXL,STOP_BUY,112948.86474819461,70.50668603490828,0.0,
2021-12-10,longbyungi,LONG,SOXL,MOO_SELL,112948.86474819461,69.42526908493042,-127676.62123492826,
2021-12-14,longbyungi,LONG,SOXL,STOP_BUY,126824.54974075367,60.930449999999986,0.0,
2021-12-15,longbyungi,LONG,SOXL,MOO_SELL,126824.54974075367,61.8090801525116,105983.63850449119,
2021-12-15,longbyungi,LONG,SOXL,STOP_BUY,115094.12608459928,62.79898395495414,0.0,
2021-12-16,longbyungi,LONG,SOXL,MOO_SELL,115094.12608459928,68.97549713516236,705572.1226666123,
2021-12-17,longbyungi,LONG,SOXL,STOP_BUY,139158.32661558306,58.22920020495413,0.0,
2021-12-20,longbyungi,LONG,SOXL,MOO_SELL,139158.32661558306,56.111929389953616,-300204.8956977017,
2021-12-20,longbyungi,LONG,SOXL,STOP_BUY,132615.00559431026,57.010590430183406,0.0,
2021-12-21,longbyungi,LONG,SOXL,MOO_SELL,132615.00559431026,61.139413169860845,542059.8885343028,
2021-12-21,longbyungi,LONG,SOXL,STOP_BUY,119368.8024669991,62.118591915550226,0.0,
2021-12-22,longbyungi,LONG,SOXL,MOO_SELL,119368.8024669991,62.43876622009277,33014.931376260705,
2021-12-22,longbyungi,LONG,SOXL,STOP_BUY,127529.59536483668,63.438754764633174,0.0,
2021-12-23,longbyungi,LONG,SOXL,MOO_SELL,127529.59536483668,65.967,316650.0196093526,
2021-12-23,longbyungi,LONG,SOXL,STOP_BUY,139171.42139111448,67.023495,0.0,
2021-12-27,longbyungi,LONG,SOXL,MOO_SELL,139171.42139111448,68.06594847488404,138499.52538155206,
2021-12-27,longbyungi,LONG,SOXL,STOP_BUY,141249.14819141582,69.15605920045853,0.0,
2021-12-28,longbyungi,LONG,SOXL,MOO_SELL,141249.14819141582,74.03296469497681,681779.8822312877,
2021-12-29,longbyungi,LONG,SOXL,STOP_BUY,146386.73140808064,71.51203629055023,0.0,
2021-12-30,longbyungi,LONG,SOXL,MOO_SELL,146386.73140808064,70.46475000000001,-160583.04811045527,
2021-12-31,longbyungi,LONG,SOXL,STOP_BUY,150276.74785810008,69.76536215091704,0.0,
2022-01-03,longbyungi,LONG,SOXL,MOO_SELL,150276.74785810008,69.01547805023193,-119989.58058710955,
2022-01-03,longbyungi,LONG,SOXL,STOP_BUY,149278.06314123786,70.12079597408292,0.0,
2022-01-04,longbyungi,LONG,SOXL,MOO_SELL,149278.06314123786,72.54371183013916,354234.3476548642,
2022-01-04,longbyungi,LONG,SOXL,STOP,150795.10458729594,67.77518876603745,-901734.4732202813,
2022-01-05,longbyungi,LONG,SOXL,STOP,145339.18257520607,64.98312233453763,-833304.9896653835,
2022-01-06,longbyungi,LONG,SOXL,STOP_BUY,127471.23520573534,65.08387195610045,0.0,
2022-01-07,longbyungi,LONG,SOXL,MOO_SELL,127471.23520573534,65.04746183013917,-10447.044380126521,
2022-01-10,yangbyungi,LONG,SOXL,STOP_BUY,89837.48967764701,58.22920020495413,0.0,
2022-01-10,yangbyungi,SHORT,SOXS,STOP_BUY,2.789140619596481,1250364.8699999999,0.0,
2022-01-10,yangbyungi,SHORT,SOXS,LOC_SELL,0.6972851548991202,1133433.0,-82116.62248905469,loser
2022-01-11,yangbyungi,LONG,SOXL,MOO_SELL,89837.48967764701,59.0604551525116,70989.90489982162,
2022-01-11,yangbyungi,SHORT,SOXS,MOO_SELL,2.091855464697361,1154422.5,-202458.23464099597,
2022-01-11,yangbyungi,LONG,SOXL,STOP_BUY,82980.39909887545,60.00633832995414,0.0,
2022-01-12,yangbyungi,LONG,SOXL,MOO_SELL,82980.39909887545,64.95750286483765,407220.2668134859,
2022-01-12,longbyungi,LONG,SOXL,STOP_BUY,136527.71507786514,65.99783025564192,0.0,
2022-01-13,longbyungi,LONG,SOXL,MOO_SELL,136527.71507786514,67.46625,194102.4513996374,
2022-01-13,longbyungi,LONG,SOXL,STOP,139272.37470840136,63.031484242124996,-774538.8546041753,
2022-01-14,yangbyungi,LONG,SOXL,STOP_BUY,78678.85299424449,59.67121899550437,0.0,
2022-01-18,yangbyungi,LONG,SOXL,MOO_SELL,78678.85299424449,60.879544847488404,91750.01353803556,
2022-01-19,yangbyungi,SHORT,SOXS,STOP_BUY,2.28698375856098,1228093.74,0.0,
2022-01-20,yangbyungi,SHORT,SOXS,MOO_SELL,2.28698375856098,1253373.0,55826.981102313846,
2022-01-20,yangbyungi,LONG,SOXL,STOP_BUY,76377.95071039334,52.92824981532096,0.0,
2022-01-20,yangbyungi,LONG,SOXL,LOC_SELL,19094.487677598336,45.967006677627566,-133582.2953032197,loser
2022-01-20,yangbyungi,SHORT,SOXS,STOP_BUY,2.026486809548778,1329904.6199999999,0.0,
2022-01-21,yangbyungi,LONG,SOXL,MOO_SELL,57283.46303279501,45.197391220092776,-444817.694337307,
2022-01-21,yangbyungi,SHORT,SOXS,MOO_SELL,2.026486809548778,1427286.0,195386.48841766315,
2022-01-21,yangbyungi,LONG,SOXL,STOP_BUY,79700.56991255842,45.92125038963317,0.0,
2022-01-21,yangbyungi,LONG,SOXL,LOC_SELL,19925.142478139605,43.68814408493042,-45119.87927333405,loser
2022-01-24,yangbyungi,LONG,SOXL,MOO_SELL,59775.427434418816,40.9795,-297213.327139148,
2022-01-26,yangbyungi,LONG,SOXL,STOP_BUY,54856.683663965865,44.45891711036682,0.0,
2022-01-26,yangbyungi,LONG,SOXL,LOC_SELL,13714.170915991466,42.098938932418825,-32780.61832155136,loser
2022-01-27,yangbyungi,LONG,SOXL,MOO_SELL,41142.5127479744,43.37830152511597,-45724.08585245302,
2022-01-27,yangbyungi,SHORT,SOXS,STOP_BUY,1.2226140371299201,1546252.74,0.0,
2022-01-28,yangbyungi,SHORT,SOXS,MOO_SELL,1.2226140371299201,1730134.5,223414.40598741104,
2022-01-28,yangbyungi,LONG,SOXL,STOP_BUY,68256.00319570395,36.93400669032096,0.0,
2022-01-28,yangbyungi,SHORT,SOXS,STOP_BUY,1.09859403977298,1835777.43,0.0,
2022-01-28,yangbyungi,SHORT,SOXS,LOC_SELL,0.274648509943245,1619190.0,-59817.53050173004,loser
2022-01-31,yangbyungi,LONG,SOXL,MOO_SELL,68256.00319570395,38.97050667762757,137190.02109419694,
2022-01-31,yangbyungi,SHORT,SOXS,MOO_SELL,0.8239455298297351,1589205.0,-204149.9511147854,
2022-01-31,yangbyungi,LONG,SOXL,STOP_BUY,69489.37106318367,39.59463912949561,0.0,
2022-02-01,yangbyungi,LONG,SOXL,MOO_SELL,69489.37106318367,45.867054389953616,433787.65372991096,
2022-02-02,longbyungi,LONG,SOXL,STOP_BUY,145628.98133820086,49.22164976463317,0.0,
2022-02-03,longbyungi,LONG,SOXL,MOO_SELL,145628.98133820086,45.55721183013916,-538479.2557506785,
2022-02-04,longbyungi,LONG,SOXL,STOP_BUY,145071.08954489444,42.73255745944976,0.0,
2022-02-07,longbyungi,LONG,SOXL,MOO_SELL,145071.08954489444,43.61817938995362,124093.68996583577,
2022-02-07,longbyungi,LONG,SOXL,STOP_BUY,148139.35366285,44.31674668018341,0.0,
2022-02-08,longbyungi,LONG,SOXL,MOO_SELL,148139.35366285,42.728625,-239776.51502534468,
2022-02-08,longbyungi,LONG,SOXL,STOP_BUY,150706.60433269237,43.41294562499999,0.0,
2022-02-09,longbyungi,LONG,SOXL,MOO_SELL,150706.60433269237,48.405785305023194,747610.7229504129,
2022-02-09,longbyungi,LONG,SOXL,STOP_BUY,150347.3316885932,49.181028534908286,0.0,
2022-02-10,longbyungi,LONG,SOXL,MOO_SELL,150347.3316885932,47.55621183013916,-249377.3211324215,
2022-02-11,longbyungi,LONG,SOXL,STOP,137584.3571651672,42.73859722877096,-629440.2595323538,
2022-02-14,yangbyungi,LONG,SOXL,STOP_BUY,66998.78349991945,40.366423125,0.0,
2022-02-14,yangbyungi,LONG,SOXL,LOC_SELL,16749.69587497986,39.5702051525116,-13805.028863895568,loser
2022-02-15,yangbyungi,LONG,SOXL,MOO_SELL,50249.08762493958,41.87905152511597,74561.7309995424,
2022-02-15,yangbyungi,LONG,SOXL,STOP_BUY,61686.923696609745,42.54976579954147,0.0,
2022-02-16,yangbyungi,LONG,SOXL,MOO_SELL,61686.923696609745,44.04796469497681,90549.59928740468,
2022-02-16,yangbyungi,LONG,SOXL,STOP_BUY,65123.542089644085,44.7534152150917,0.0,
2022-02-17,yangbyungi,LONG,SOXL,MOO_SELL,65123.542089644085,44.09793893241883,-44712.14749895176,
2022-02-17,yangbyungi,SHORT,SOXS,STOP_BUY,1.8844039043090481,1304451.9,0.0,
2022-02-18,yangbyungi,SHORT,SOXS,MOO_SELL,1.8844039043090481,1307346.0,3731.064583451953,
2022-02-18,yangbyungi,SHORT,SOXS,STOP_BUY,1.5316806969031709,1387173.24,0.0,
2022-02-18,yangbyungi,SHORT,SOXS,LOC_SELL,0.3829201742257927,1349325.0,-14859.60578892997,loser
2022-02-22,yangbyungi,SHORT,SOXS,MOO_SELL,1.148760522677378,1400299.5,13958.18077378627,
2022-02-22,yangbyungi,LONG,SOXL,STOP_BUY,69292.7729388175,38.822851260137554,0.0,
2022-02-22,yangbyungi,LONG,SOXL,LOC_SELL,17323.193234704377,38.59069561004639,-4491.0446280533215,loser
2022-02-23,yangbyungi,LONG,SOXL,MOO_SELL,51969.57970411313,40.04996469497681,62337.92397452332,
2022-02-23,yangbyungi,LONG,SOXL,STOP_BUY,63974.432076906895,40.6913852150917,0.0,
2022-02-23,yangbyungi,LONG,SOXL,LOC_SELL,15993.608019226724,35.89204484748841,-77187.46446671465,loser
2022-02-23,yangbyungi,SHORT,SOXS,STOP_BUY,1.4709390465155454,1415807.5499999998,0.0,
2022-02-24,yangbyungi,LONG,SOXL,MOO_SELL,47980.82405768017,31.794094466209412,-428116.6115787104,
2022-02-24,yangbyungi,SHORT,SOXS,MOO_SELL,1.4709390465155454,1646176.5,337282.286495154,
2022-02-25,yangbyungi,LONG,SOXL,STOP_BUY,60076.486654753564,40.62029999999999,0.0,
2022-02-28,yangbyungi,LONG,SOXL,MOO_SELL,60076.486654753564,40.179900762557985,-28156.606174933724,
2022-02-28,longbyungi,LONG,SOXL,STOP_BUY,131085.16657948383,40.82340227477073,0.0,
2022-03-01,longbyungi,LONG,SOXL,MOO_SELL,131085.16657948383,40.75960877990724,-12105.393808823079,
2022-03-01,yangbyungi,SHORT,SOXS,STOP_BUY,1.4336999399459371,1364902.1099999999,0.0,
2022-03-02,yangbyungi,SHORT,SOXS,MOO_SELL,1.4336999399459371,1382308.5,23577.003807374276,
2022-03-02,yangbyungi,LONG,SOXL,STOP_BUY,58279.68804831716,38.051067264633176,0.0,
2022-03-03,yangbyungi,LONG,SOXL,MOO_SELL,58279.68804831716,40.62967652511597,148675.62207822222,
2022-03-03,yangbyungi,SHORT,SOXS,STOP_BUY,1.46691441845536,1326723.03,0.0,
2022-03-04,yangbyungi,SHORT,SOXS,MOO_SELL,1.46691441845536,1397301.0,102133.27327427082,
2022-03-04,yangbyungi,LONG,SOXL,STOP_BUY,66497.75154833951,37.19804080967902,0.0,
2022-03-04,yangbyungi,LONG,SOXL,LOC_SELL,16624.437887084878,34.752615457534795,-41072.470599841676,loser
2022-03-04,yangbyungi,SHORT,SOXS,STOP_BUY,1.3347099095184936,1482620.94,0.0,
2022-03-04,yangbyungi,SHORT,SOXS,LOC_SELL,0.3336774773796234,1454272.5,-9802.227264884801,loser
2022-03-07,yangbyungi,LONG,SOXL,MOO_SELL,49873.31366125464,34.80258969497681,-120725.90331388381,
2022-03-07,yangbyungi,SHORT,SOXS,MOO_SELL,1.0010324321388702,1445277.0,-38408.31736242445,
2022-03-07,yangbyungi,LONG,SOXL,STOP_BUY,65559.34988547263,35.3599708400917,0.0,
2022-03-07,yangbyungi,LONG,SOXL,LOC_SELL,16389.83747136816,29.5652099237442,-95347.62921055342,loser
2022-03-07,yangbyungi,SHORT,SOXS,STOP_BUY,1.2093312409771164,1533526.38,0.0,
2022-03-08,yangbyungi,LONG,SOXL,MOO_SELL,49169.51241410448,29.6551650762558,-281621.3847113743,
2022-03-08,yangbyungi,SHORT,SOXS,MOO_SELL,1.2093312409771164,1649175.0,138510.36006855383,
2022-03-08,yangbyungi,LONG,SOXL,STOP_BUY,66201.26439481818,30.130107602477068,0.0,
2022-03-09,yangbyungi,LONG,SOXL,MOO_SELL,66201.26439481818,34.10293893241882,261518.14915570174,
2022-03-09,yangbyungi,LONG,SOXL,STOP_BUY,61018.86959039146,34.649114815320964,0.0,
2022-03-10,yangbyungi,LONG,SOXL,MOO_SELL,61018.86959039146,33.05346469497681,-98810.66380969738,
2022-03-11,yangbyungi,SHORT,SOXS,STOP_BUY,1.3067423288950457,1492165.71,0.0,
2022-03-14,yangbyungi,SHORT,SOXS,MOO_SELL,1.3067423288950457,1577211.0,109728.4707515561,
2022-03-14,yangbyungi,LONG,SOXL,STOP_BUY,79327.34906930671,30.475380307431223,0.0,
2022-03-14,yangbyungi,LONG,SOXL,LOC_SELL,19831.83726732668,27.896044847488405,-51558.125511088176,loser
2022-03-14,yangbyungi,SHORT,SOXS,STOP_BUY,1.1556653849785408,1673516.3399999999,0.0,
2022-03-15,yangbyungi,LONG,SOXL,MOO_SELL,59495.511801980036,28.435775762557984,-122574.04855430871,
2022-03-15,yangbyungi,SHORT,SOXS,MOO_SELL,1.1556653849785408,1658170.5,-19082.26639552065,
2022-03-15,yangbyungi,LONG,SOXL,STOP_BUY,79728.01671739906,28.89118914977073,0.0,
2022-03-16,yangbyungi,LONG,SOXL,MOO_SELL,79728.01671739906,33.023480915069584,327731.7100974233,
2022-03-16,yangbyungi,LONG,SOXL,STOP_BUY,75080.796717164,33.552368729724876,0.0,
2022-03-17,yangbyungi,LONG,SOXL,MOO_SELL,75080.796717164,35.232375000000005,124328.664585663,
2022-03-17,yangbyungi,LONG,SOXL,STOP_BUY,79492.93253446782,35.79663937499999,0.0,
2022-03-18,yangbyungi,LONG,SOXL,MOO_SELL,79492.93253446782,36.591695610046386,61187.32529341383,
2022-03-18,yangbyungi,LONG,SOXL,STOP_BUY,79906.13850843368,37.17773019481658,0.0,
2022-03-21,yangbyungi,LONG,SOXL,MOO_SELL,79906.13850843368,38.68065076255799,117971.0364495865,
2022-03-21,longbyungi,LONG,SOXL,STOP_BUY,164090.4980339954,39.30014102477073,0.0,
2022-03-22,longbyungi,LONG,SOXL,MOO_SELL,164090.4980339954,38.77060591506958,-91375.41358888429,
2022-03-22,longbyungi,LONG,SOXL,STOP_BUY,164892.73631914108,39.391536854724876,0.0,
2022-03-23,longbyungi,LONG,SOXL,MOO_SELL,164892.73631914108,38.49074332237244,-153029.0882093897,
2022-03-23,longbyungi,LONG,SOXL,STOP_BUY,168317.18860542806,39.10719212050437,0.0,
2022-03-24,longbyungi,LONG,SOXL,MOO_SELL,168317.18860542806,37.80108969497681,-224370.23331700917,
2022-03-24,longbyungi,LONG,SOXL,STOP_BUY,163833.7664449062,38.4064933400917,0.0,
2022-03-25,longbyungi,LONG,SOXL,MOO_SELL,163833.7664449062,42.04896469497681,592146.3389861807,
2022-03-28,longbyungi,LONG,SOXL,STOP_BUY,178497.85884381857,41.838909774770734,0.0,
2022-03-29,longbyungi,LONG,SOXL,MOO_SELL,178497.85884381857,44.817580152511596,526272.4853608217,
2022-03-29,longbyungi,LONG,SOXL,STOP_BUY,180929.40504860925,45.53535645495414,0.0,
2022-03-30,longbyungi,LONG,SOXL,MOO_SELL,180929.40504860925,44.68764408493042,-159089.4925940223,
2022-04-04,yangbyungi,LONG,SOXL,STOP_BUY,131500.3810221709,37.14726620944977,0.0,
2022-04-05,yangbyungi,LONG,SOXL,MOO_SELL,131500.3810221709,37.0714551525116,-13385.109421390109,
2022-04-07,yangbyungi,LONG,SOXL,STOP_BUY,141103.18216238506,30.719101874999993,0.0,
2022-04-07,yangbyungi,LONG,SOXL,LOC_SELL,35275.795540596264,30.4947452287674,-8670.137684814865,loser
2022-04-08,yangbyungi,LONG,SOXL,MOO_SELL,105827.38662178878,29.845070610046385,-94739.71642972855,
2022-04-11,yangbyungi,LONG,SOXL,STOP_BUY,136321.1811718472,27.45932372972488,0.0,
2022-04-11,yangbyungi,LONG,SOXL,LOC_SELL,34080.2952929618,26.476754771232606,-34129.59536990442,loser
2022-04-12,yangbyungi,LONG,SOXL,MOO_SELL,102240.8858788854,28.02598091506958,55950.02927422756,
2022-04-12,yangbyungi,LONG,SOXL,STOP_BUY,114332.35147612508,28.47483122972488,0.0,
2022-04-12,yangbyungi,LONG,SOXL,LOC_SELL,28583.08786903127,26.226879771232607,-64800.63439764618,loser
2022-04-13,yangbyungi,LONG,SOXL,MOO_SELL,85749.26360709382,26.756615457534792,-148993.35674188007,
2022-04-13,yangbyungi,LONG,SOXL,STOP_BUY,118355.07631251776,27.185136239862437,0.0,
2022-04-14,yangbyungi,LONG,SOXL,MOO_SELL,118355.07631251776,28.535724237442018,157540.74917740515,
2022-04-14,yangbyungi,SHORT,SOXS,STOP_BUY,1.8872034717064974,1534799.0159999998,0.0,
2022-04-18,yangbyungi,SHORT,SOXS,MOO_SELL,1.8872034717064974,1619489.85,157745.36123198038,
2022-04-18,yangbyungi,LONG,SOXL,STOP_BUY,137297.6030670006,25.65171968243122,0.0,
2022-04-19,yangbyungi,LONG,SOXL,MOO_SELL,137297.6030670006,26.666660305023196,136834.7988781887,
2022-04-19,yangbyungi,LONG,SOXL,STOP_BUY,134464.07872921036,27.09374040990829,0.0,
2022-04-20,yangbyungi,LONG,SOXL,MOO_SELL,134464.07872921036,30.054964694976807,395488.7386084292,
2022-04-20,longbyungi,LONG,SOXL,STOP_BUY,254812.66931414377,30.5363102150917,0.0,
2022-04-21,longbyungi,LONG,SOXL,MOO_SELL,254812.66931414377,29.585200381278995,-247716.73847413808,
2022-04-21,longbyungi,LONG,SOXL,STOP,267369.71737435495,27.602017171889603,-662324.6756020831,
2022-04-22,yangbyungi,LONG,SOXL,STOP_BUY,129227.23455910863,26.504746137385364,0.0,
2022-04-22,yangbyungi,LONG,SOXL,LOC_SELL,32306.80863977716,24.437775762557983,-67353.24297096394,loser
2022-04-25,yangbyungi,LONG,SOXL,MOO_SELL,96920.42591933148,23.87805438995362,-256289.17579001933,
2022-04-25,yangbyungi,LONG,SOXL,STOP_BUY,110669.52632762135,24.260473555183413,0.0,
2022-04-26,yangbyungi,LONG,SOXL,MOO_SELL,110669.52632762135,24.69764408493042,46485.09536030376,
2022-04-26,yangbyungi,SHORT,SOXS,STOP_BUY,1.313714144486218,1713286.2149999999,0.0,
2022-04-27,yangbyungi,SHORT,SOXS,MOO_SELL,1.313714144486218,1827885.6,148922.6023984244,
2022-04-27,yangbyungi,LONG,SOXL,STOP_BUY,104509.66820800216,21.955273002247807,0.0,
2022-04-27,yangbyungi,LONG,SOXL,LOC_SELL,26127.41705200054,21.939025762557986,-825.8940348314354,loser
2022-04-28,yangbyungi,LONG,SOXL,MOO_SELL,78382.25115600161,23.188400762557986,95416.86784477183,
2022-04-28,yangbyungi,LONG,SOXL,STOP_BUY,104071.76370153588,23.559774774770734,0.0,
2022-04-29,yangbyungi,LONG,SOXL,MOO_SELL,104071.76370153588,24.287849237442018,74029.13811929105,
2022-05-02,yangbyungi,LONG,SOXL,STOP_BUY,102655.72493874581,22.727056997752186,0.0,
2022-05-03,yangbyungi,LONG,SOXL,MOO_SELL,102655.72493874581,24.3178349237442,161612.1615895615,
2022-05-03,yangbyungi,LONG,SOXL,STOP_BUY,98736.25527727147,24.70729739752292,0.0,
2022-05-04,yangbyungi,LONG,SOXL,MOO_SELL,98736.25527727147,25.67715553379059,94018.99025294138,
2022-05-04,yangbyungi,LONG,SOXL,STOP_BUY,104126.67622393077,26.08838821733951,0.0,
2022-05-04,yangbyungi,SHORT,SOXS,STOP_BUY,1.4227327290669063,1527481.359,0.0,
2022-05-04,yangbyungi,SHORT,SOXS,LOC_SELL,0.35568318226672657,1300749.3,-80996.86419534934,loser
2022-05-05,yangbyungi,LONG,SOXL,MOO_SELL,104126.67622393077,26.516735686302187,42685.23936546501,
2022-05-05,yangbyungi,SHORT,SOXS,MOO_SELL,1.0670495468001797,1368515.4000000001,-170706.11471783463,
2022-05-06,yangbyungi,LONG,SOXL,STOP_BUY,106207.30980204309,23.600394067568775,0.0,
2022-05-06,yangbyungi,LONG,SOXL,LOC_SELL,26551.827450510773,23.33832538127899,-7394.6106113923015,loser
2022-05-09,yangbyungi,LONG,SOXL,MOO_SELL,79655.48235153232,21.80908969497681,-143953.2038535762,
2022-05-10,yangbyungi,LONG,SOXL,STOP_BUY,102115.66113048398,21.782636649770733,0.0,
2022-05-10,yangbyungi,LONG,SOXL,LOC_SELL,25528.915282620994,21.0794551525116,-18334.438820494805,loser
2022-05-11,yangbyungi,LONG,SOXL,MOO_SELL,76586.74584786299,20.519735686302187,-97855.40548378951,
2022-05-11,yangbyungi,LONG,SOXL,STOP_BUY,111370.41870995713,20.84836967229366,0.0,
2022-05-11,yangbyungi,LONG,SOXL,LOC_SELL,27842.604677489282,19.140424618721013,-47943.32620433753,loser
2022-05-11,yangbyungi,SHORT,SOXS,STOP_BUY,1.038107702915729,1789326.216,0.0,
2022-05-11,yangbyungi,SHORT,SOXS,LOC_SELL,0.25952692572893227,1784107.5,-1678.9881130458089,loser
2022-05-12,yangbyungi,LONG,SOXL,MOO_SELL,83527.81403246784,18.5007452287674,-197242.2988800665,
2022-05-12,yangbyungi,SHORT,SOXS,MOO_SELL,0.7785807771867967,1841079.0,39304.42548819864,
2022-05-12,yangbyungi,LONG,SOXL,STOP_BUY,123121.52207612692,18.797044057431222,0.0,
2022-05-13,yangbyungi,LONG,SOXL,MOO_SELL,123121.52207612692,20.559714694976808,215326.7093989565,
2022-05-13,yangbyungi,LONG,SOXL,STOP_BUY,115492.47224004967,20.888988965091702,0.0,
2022-05-16,yangbyungi,LONG,SOXL,MOO_SELL,115492.47224004967,21.849070610046386,109154.62927243346,
2022-05-16,yangbyungi,LONG,SOXL,STOP_BUY,120615.23080392039,22.198994569816584,0.0,
2022-05-16,yangbyungi,LONG,SOXL,LOC_SELL,30153.807700980098,21.35931583881378,-25779.218105806038,loser
2022-05-17,yangbyungi,LONG,SOXL,MOO_SELL,90461.42310294029,23.0684599237442,77219.83783118636,
2022-05-17,yangbyungi,LONG,SOXL,STOP_BUY,120540.96154588087,23.43791302252292,0.0,
2022-05-18,yangbyungi,LONG,SOXL,MOO_SELL,120540.96154588087,23.388299618721014,-7956.0142439110205,
2022-05-18,yangbyungi,LONG,SOXL,STOP_BUY,125056.31368747767,23.762875112614633,0.0,
2022-05-18,yangbyungi,LONG,SOXL,LOC_SELL,31264.078421869417,20.839575381278994,-91882.33112962428,loser
2022-05-18,yangbyungi,SHORT,SOXS,STOP_BUY,1.6208747502533496,1466712.99,0.0,
2022-05-19,yangbyungi,LONG,SOXL,MOO_SELL,93792.23526560825,20.53972423744202,-303760.85911813215,
2022-05-19,yangbyungi,SHORT,SOXS,MOO_SELL,1.6208747502533496,1552623.3,137536.96418119315,
2022-05-19,yangbyungi,LONG,SOXL,STOP_BUY,117650.34366399173,20.86867835022926,0.0,
2022-05-19,yangbyungi,LONG,SOXL,LOC_SELL,29412.585915997934,20.4997452287674,-11277.1404417085,loser
2022-05-20,yangbyungi,LONG,SOXL,MOO_SELL,88237.7577479938,21.529230915069583,56976.293439825764,
2022-05-23,yangbyungi,LONG,SOXL,STOP_BUY,128077.13376312928,20.23906478490829,0.0,
2022-05-24,yangbyungi,LONG,SOXL,MOO_SELL,128077.13376312928,19.68015553379059,-73372.95367901959,
2022-05-24,yangbyungi,SHORT,SOXS,STOP_BUY,1.259680867299504,1691333.244,0.0,
2022-05-24,yangbyungi,SHORT,SOXS,LOC_SELL,0.314920216824876,1645576.8,-14777.430417718773,loser
2022-05-25,yangbyungi,SHORT,SOXS,MOO_SELL,0.944760650474628,1678560.3,-13181.684867746662,
2022-05-25,yangbyungi,LONG,SOXL,STOP_BUY,135105.2487886675,19.020455010137557,0.0,
2022-05-26,yangbyungi,LONG,SOXL,MOO_SELL,135105.2487886675,19.600195610046384,76499.74956992641,
2022-05-26,yangbyungi,LONG,SOXL,STOP_BUY,134766.9748042184,19.91410269481658,0.0,
2022-05-27,yangbyungi,LONG,SOXL,MOO_SELL,134766.9748042184,23.588200381278995,493095.0945158135,
2022-05-27,yangbyungi,LONG,SOXL,STOP_BUY,120012.41044797673,23.965977387385365,0.0,
2022-05-31,yangbyungi,LONG,SOXL,MOO_SELL,120012.41044797673,25.12742938995362,137326.51811828744,
2022-05-31,yangbyungi,LONG,SOXL,STOP_BUY,121712.11735850072,25.52985793018341,0.0,
2022-05-31,yangbyungi,LONG,SOXL,LOC_SELL,30428.02933962518,24.847570610046386,-21297.16865097056,loser
2022-06-01,yangbyungi,LONG,SOXL,MOO_SELL,91284.08801887554,25.3273301525116,-20112.42169492785,
2022-06-01,yangbyungi,SHORT,SOXS,STOP_BUY,1.9146741247419492,1271045.2049999998,0.0,
2022-06-02,yangbyungi,SHORT,SOXS,MOO_SELL,1.9146741247419492,1295352.0,44819.75642912928,
2022-06-02,yangbyungi,LONG,SOXL,STOP_BUY,130948.70394594016,23.762875112614633,0.0,
2022-06-03,yangbyungi,LONG,SOXL,MOO_SELL,130948.70394594016,24.537724237442017,99251.77334014606,
2022-06-07,yangbyungi,LONG,SOXL,STOP_BUY,137418.0113779455,23.376983114862437,0.0,
2022-06-08,yangbyungi,LONG,SOXL,MOO_SELL,137418.0113779455,24.147919847488403,103654.82051606523,
2022-06-08,yangbyungi,SHORT,SOXS,STOP_BUY,2.076172107537433,1301906.628,0.0,
2022-06-08,yangbyungi,SHORT,SOXS,LOC_SELL,0.5190430268843582,1289355.0,-6985.576687042718,loser
2022-06-09,yangbyungi,SHORT,SOXS,MOO_SELL,1.5571290806530746,1322038.6500000001,29918.119384102058,
2022-06-09,yangbyungi,LONG,SOXL,STOP_BUY,149223.64060516708,22.737212305183412,0.0,
2022-06-09,yangbyungi,LONG,SOXL,LOC_SELL,37305.91015129177,21.0794551525116,-62416.25662099302,loser
2022-06-10,yangbyungi,LONG,SOXL,MOO_SELL,111917.73045387531,19.97000954246521,-311371.94627922727,
2022-06-15,yangbyungi,LONG,SOXL,STOP_BUY,145646.6847564243,16.603548012385367,0.0,
2022-06-16,yangbyungi,LONG,SOXL,MOO_SELL,145646.6847564243,15.132430343151093,-215881.19542281516,
2022-06-17,yangbyungi,LONG,SOXL,STOP_BUY,170244.3962246234,13.861676987614628,0.0,
2022-06-17,yangbyungi,LONG,SOXL,LOC_SELL,42561.09905615585,13.693149809360506,-7583.169226801605,loser
2022-06-17,yangbyungi,SHORT,SOXS,STOP_BUY,0.8987912878223946,2100485.718,0.0,
2022-06-17,yangbyungi,SHORT,SOXS,LOC_SELL,0.22469782195559865,1967915.55,-30108.18432220415,loser
2022-06-21,yangbyungi,LONG,SOXL,MOO_SELL,127683.29716846754,14.532729961872102,84413.3343027425,
2022-06-21,yangbyungi,SHORT,SOXS,MOO_SELL,0.674093465866796,1847975.55,-171147.0254930721,
2022-06-21,yangbyungi,LONG,SOXL,STOP_BUY,167544.06939043905,14.765479011261462,0.0,
2022-06-22,yangbyungi,LONG,SOXL,MOO_SELL,167544.06939043905,14.032979961872101,-124414.62541230815,
2022-06-23,yangbyungi,SHORT,SOXS,STOP_BUY,1.0827163159859412,1946496.7619999999,0.0,
2022-06-23,yangbyungi,SHORT,SOXS,LOC_SELL,0.2706790789964853,1906746.1500000001,-11124.706330606074,loser
2022-06-24,yangbyungi,SHORT,SOXS,MOO_SELL,0.812037236989456,1812593.25,-109803.02028109296,
2022-06-24,yangbyungi,LONG,SOXL,STOP_BUY,174906.73689133578,14.86703014864683,0.0,
2022-06-27,yangbyungi,LONG,SOXL,MOO_SELL,174906.73689133578,16.301844466209413,249050.61417682935,
2022-06-27,yangbyungi,SHORT,SOXS,STOP_BUY,1.3283722208647593,1703741.4449999998,0.0,
2022-06-27,yangbyungi,SHORT,SOXS,LOC_SELL,0.3320930552161898,1655471.85,-16420.447269788827,loser
2022-06-28,yangbyungi,SHORT,SOXS,MOO_SELL,0.9962791656485694,1636581.3,-68075.01611052197,
2022-06-28,yangbyungi,LONG,SOXL,STOP_BUY,174764.2558315393,16.248119999999997,0.0,
2022-06-28,yangbyungi,LONG,SOXL,LOC_SELL,43691.06395788483,14.552720419406892,-74544.81403091678,loser
2022-06-28,yangbyungi,SHORT,SOXS,STOP_BUY,1.3081814080326144,1736511.822,0.0,
2022-06-29,yangbyungi,LONG,SOXL,MOO_SELL,131073.1918736545,13.993,-296973.1065015977,
2022-06-29,yangbyungi,SHORT,SOXS,MOO_SELL,1.3081814080326144,1858770.1500000001,158289.92330541136,
2022-06-29,yangbyungi,SHORT,SOXS,STOP_BUY,1.076249946999673,1972267.6409999998,0.0,
2022-06-29,yangbyungi,SHORT,SOXS,LOC_SELL,0.26906248674991823,1914542.25,-15897.765408250212,loser
2022-06-30,yangbyungi,SHORT,SOXS,MOO_SELL,0.8071874602497546,1994002.5,16423.572402474238,
2022-06-30,yangbyungi,LONG,SOXL,STOP_BUY,201954.36880062547,13.23206245383024,0.0,
2022-06-30,yangbyungi,LONG,SOXL,LOC_SELL,50488.59220015637,13.093450381278995,-7463.526733755483,loser
2022-07-01,yangbyungi,LONG,SOXL,MOO_SELL,151465.7766004691,12.483754771232606,-114706.27746016672,
2022-07-06,yangbyungi,LONG,SOXL,STOP_BUY,223532.3634822243,12.10484947747707,0.0,
2022-07-06,yangbyungi,LONG,SOXL,LOC_SELL,55883.09087055607,12.083955152511598,-1640.7502692401176,loser
2022-07-07,yangbyungi,LONG,SOXL,MOO_SELL,167649.27261166822,12.903544847488405,132433.2741294892,
2022-07-07,yangbyungi,LONG,SOXL,STOP_BUY,214883.71117228223,13.11020167004585,0.0,
2022-07-08,yangbyungi,LONG,SOXL,MOO_SELL,214883.71117228223,13.123435114383698,870.6382004837506,
2022-07-08,yangbyungi,LONG,SOXL,STOP_BUY,216564.10976788535,13.333613591215608,0.0,
2022-07-11,yangbyungi,LONG,SOXL,MOO_SELL,216564.10976788535,13.243375,-21556.907829415053,
2022-07-11,yangbyungi,LONG,SOXL,STOP_BUY,226754.51863951795,13.455474374999998,0.0,
2022-07-11,yangbyungi,LONG,SOXL,LOC_SELL,56688.62965987949,12.903544847488405,-31811.11842107249,loser
2022-07-12,yangbyungi,LONG,SOXL,MOO_SELL,170065.88897963846,13.173410305023193,-49554.509540795814,
2022-07-12,yangbyungi,LONG,SOXL,STOP_BUY,213238.17998020118,13.384389159908292,0.0,
2022-07-12,yangbyungi,LONG,SOXL,LOC_SELL,53309.544995050295,12.963515266895294,-22928.203915616497,loser
2022-07-13,yangbyungi,LONG,SOXL,MOO_SELL,159928.6349851509,12.173910305023192,-195020.85732125188,
2022-07-14,yangbyungi,LONG,SOXL,STOP_BUY,204583.8050695723,13.37423385247707,0.0,
2022-07-15,yangbyungi,LONG,SOXL,MOO_SELL,204583.8050695723,14.742625,277937.3788940343,
2022-07-15,yangbyungi,LONG,SOXL,STOP_BUY,189790.84100330042,14.978735624999997,0.0,
2022-07-18,yangbyungi,LONG,SOXL,MOO_SELL,189790.84100330042,15.822084923744205,158013.97289576894,
2022-07-18,yangbyungi,LONG,SOXL,STOP_BUY,195113.30140482442,16.075483647522926,0.0,
2022-07-18,yangbyungi,LONG,SOXL,LOC_SELL,48778.325351206106,14.912540076255798,-57255.480250477674,loser
2022-07-18,yangbyungi,SHORT,SOXS,STOP_BUY,1.5190148363460445,1651881.528,0.0,
2022-07-19,yangbyungi,LONG,SOXL,MOO_SELL,146334.9760536183,15.602194656848908,-70881.17642035987,
2022-07-19,yangbyungi,SHORT,SOXS,MOO_SELL,1.5190148363460445,1573312.9500000002,-121061.52704437543,
2022-07-19,yangbyungi,LONG,SOXL,STOP_BUY,185768.2041039472,15.852071726353165,0.0,
2022-07-20,yangbyungi,LONG,SOXL,MOO_SELL,185768.2041039472,16.821584923744204,177980.32125331974,
2022-07-20,yangbyungi,LONG,SOXL,STOP_BUY,180477.51797511868,17.090991147522924,0.0,
2022-07-21,yangbyungi,LONG,SOXL,MOO_SELL,180477.51797511868,18.51074045753479,253983.97236333461,
2022-07-21,longbyungi,LONG,SOXL,STOP_BUY,343317.13264958846,18.807199364862438,0.0,
2022-07-22,longbyungi,LONG,SOXL,MOO_SELL,343317.13264958846,18.830580152511597,3504.4318846771494,
2022-07-26,longbyungi,LONG,SOXL,STOP_BUY,384024.871115679,17.192542284908292,0.0,
2022-07-27,longbyungi,LONG,SOXL,MOO_SELL,384024.871115679,17.31133969497681,40983.537999827415,
2022-07-27,yangbyungi,LONG,SOXL,STOP_BUY,178144.47450149636,17.588589590091704,0.0,
2022-07-28,yangbyungi,LONG,SOXL,MOO_SELL,178144.47450149636,18.850570610046383,222542.94336489355,
2022-07-28,longbyungi,LONG,SOXL,STOP_BUY,353608.66288803937,19.152472069816582,0.0,
2022-07-29,longbyungi,LONG,SOXL,MOO_SELL,353608.66288803937,18.56071469497681,-213918.0324120298,
2022-07-29,longbyungi,LONG,SOXL,STOP_BUY,367672.39800507214,18.857973965091706,0.0,
2022-08-01,longbyungi,LONG,SOXL,MOO_SELL,367672.39800507214,19.400294847488404,194473.1410157755,
2022-08-01,longbyungi,LONG,SOXL,STOP_BUY,373800.79972444515,19.71100042004585,0.0,
2022-08-02,longbyungi,LONG,SOXL,MOO_SELL,373800.79972444515,19.420285305023196,-113789.09955184907,
2022-08-02,longbyungi,LONG,SOXL,STOP_BUY,345699.8582788134,19.73131103490829,0.0,
2022-08-03,longbyungi,LONG,SOXL,MOO_SELL,345699.8582788134,19.97000954246521,77714.38091981318,
2022-08-03,longbyungi,LONG,SOXL,STOP_BUY,322790.6410173387,20.289839385137554,0.0,
2022-08-04,longbyungi,LONG,SOXL,MOO_SELL,322790.6410173387,21.459264313697812,372762.7453309251,
2022-08-04,longbyungi,LONG,SOXL,STOP_BUY,336829.40509963315,21.80294532770633,0.0,
2022-08-05,longbyungi,LONG,SOXL,MOO_SELL,336829.40509963315,20.949519084930422,-292499.1541547524,
2022-08-08,longbyungi,LONG,SOXL,STOP_BUY,355540.0783697976,20.97022948761463,0.0,
2022-08-09,longbyungi,LONG,SOXL,MOO_SELL,355540.0783697976,19.22038454246521,-627141.2898551133,
2022-08-10,yangbyungi,LONG,SOXL,STOP_BUY,213601.10147578848,19.37588302252292,0.0,
2022-08-11,yangbyungi,LONG,SOXL,MOO_SELL,213601.10147578848,20.459764313697814,228540.10931180045,
2022-08-11,yangbyungi,LONG,SOXL,STOP_BUY,223579.79325000467,20.787437827706327,0.0,
2022-08-11,yangbyungi,LONG,SOXL,LOC_SELL,55894.94831250117,19.770110686302186,-57656.88471294427,loser
2022-08-12,yangbyungi,LONG,SOXL,MOO_SELL,167684.8449375035,20.229879771232607,-95901.3301329175,
2022-08-12,yangbyungi,LONG,SOXL,STOP_BUY,218309.17574595654,20.553871567568777,0.0,
2022-08-15,yangbyungi,LONG,SOXL,MOO_SELL,218309.17574595654,21.229379771232605,144277.05564556643,
2022-08-15,longbyungi,LONG,SOXL,STOP_BUY,362721.394036675,21.569379067568775,0.0,
2022-08-16,longbyungi,LONG,SOXL,MOO_SELL,362721.394036675,21.46925954246521,-41779.355963780545,
2022-08-18,longbyungi,LONG,SOXL,STOP_BUY,382158.1571051548,20.025807202706332,0.0,
2022-08-19,longbyungi,LONG,SOXL,MOO_SELL,382158.1571051548,20.04996946620941,3873.456357102841,
2022-08-19,longbyungi,LONG,SOXL,STOP_BUY,382327.7532615707,20.37107990766048,0.0,
2022-08-22,longbyungi,LONG,SOXL,MOO_SELL,382327.7532615707,18.090950381278994,-876903.5845359899,
2022-08-23,yangbyungi,LONG,SOXL,STOP_BUY,206133.4513005544,17.344868022522924,0.0,
2022-08-23,yangbyungi,LONG,SOXL,LOC_SELL,51533.3628251386,17.321334923744203,-1838.0028227336006,loser
2022-08-24,yangbyungi,LONG,SOXL,MOO_SELL,154600.0884754158,17.241375,-17871.493119592313,
2022-08-24,yangbyungi,LONG,SOXL,STOP_BUY,201141.80746361776,17.517504374999998,0.0,
2022-08-24,yangbyungi,LONG,SOXL,LOC_SELL,50285.45186590444,17.401294847488405,-6458.216261174879,loser
2022-08-25,yangbyungi,LONG,SOXL,MOO_SELL,150856.35559771332,17.45126908493042,-11838.356075214222,
2022-08-25,yangbyungi,LONG,SOXL,STOP_BUY,209630.7880885159,17.730760020275113,0.0,
2022-08-26,yangbyungi,LONG,SOXL,MOO_SELL,209630.7880885159,19.240375,313749.1770501677,
2022-08-26,yangbyungi,SHORT,SOXS,STOP_BUY,2.2989923320528836,1159371.396,0.0,
2022-08-29,yangbyungi,SHORT,SOXS,MOO_SELL,2.2989923320528836,1314242.55,354057.2086791722,
2022-08-29,yangbyungi,LONG,SOXL,STOP_BUY,185883.21840306127,15.720055635137555,0.0,
2022-08-29,yangbyungi,LONG,SOXL,LOC_SELL,46470.80460076532,15.042475190639497,-31988.0542832294,loser
2022-08-30,yangbyungi,LONG,SOXL,MOO_SELL,139412.41380229595,15.49225,-33281.91747641703,
2022-08-30,yangbyungi,SHORT,SOXS,STOP_BUY,1.633677418006268,1388127.717,0.0,
2022-08-31,yangbyungi,SHORT,SOXS,MOO_SELL,1.633677418006268,1376611.35,-20394.87082852563,
2022-08-31,yangbyungi,SHORT,SOXS,STOP_BUY,1.5499889228763863,1460667.9689999998,0.0,
2022-08-31,yangbyungi,SHORT,SOXS,LOC_SELL,0.3874972307190966,1442578.35,-7403.4272353112465,loser
2022-09-01,yangbyungi,SHORT,SOXS,MOO_SELL,1.1624916921572899,1545127.05,96960.00588146946,
2022-09-02,yangbyungi,LONG,SOXL,STOP_BUY,207974.81154640537,14.054623954954145,0.0,
2022-09-02,yangbyungi,LONG,SOXL,LOC_SELL,51993.70288660134,12.853569656848908,-62936.930144712795,loser
2022-09-02,yangbyungi,SHORT,SOXS,STOP_BUY,1.5173005286393269,1541162.196,0.0,
2022-09-06,yangbyungi,LONG,SOXL,MOO_SELL,155981.10865980404,12.903544847488405,-181018.33310767869,
2022-09-06,yangbyungi,SHORT,SOXS,MOO_SELL,1.5173005286393269,1559819.7000000002,26662.248167755082,
2022-09-06,yangbyungi,SHORT,SOXS,STOP_BUY,1.3931390642055441,1655063.118,0.0,
2022-09-06,yangbyungi,SHORT,SOXS,LOC_SELL,0.34828476605138603,1620689.25,-12371.207701157196,loser
2022-09-07,yangbyungi,SHORT,SOXS,MOO_SELL,1.0448542981541582,1614092.55,-44003.801045482745,
2022-09-07,yangbyungi,LONG,SOXL,STOP_BUY,215290.3194255033,12.61260322747707,0.0,
2022-09-08,yangbyungi,LONG,SOXL,MOO_SELL,215290.3194255033,12.633680343151093,2635.3508070493117,
2022-09-08,yangbyungi,LONG,SOXL,STOP_BUY,231081.91262503088,12.83601514864683,0.0,
2022-09-09,yangbyungi,LONG,SOXL,MOO_SELL,231081.91262503088,14.252870228767396,325218.66882138886,
2022-09-09,yangbyungi,LONG,SOXL,STOP_BUY,219471.05687161346,14.481137182431219,0.0,
2022-09-12,yangbyungi,LONG,SOXL,MOO_SELL,219471.05687161346,14.822584923744204,72686.93505106634,
2022-09-14,yangbyungi,LONG,SOXL,STOP_BUY,221934.72174816916,12.47043182883024,0.0,
2022-09-14,yangbyungi,LONG,SOXL,LOC_SELL,55483.68043704229,12.4537700381279,-1408.4677288746461,loser
2022-09-15,yangbyungi,LONG,SOXL,MOO_SELL,166451.04131112687,12.22388454246521,-42476.69068395579,
2022-09-15,yangbyungi,LONG,SOXL,STOP_BUY,231487.36453858664,12.419656260137556,0.0,
2022-09-15,yangbyungi,LONG,SOXL,LOC_SELL,57871.84113464666,11.904044847488404,-30332.06183824991,loser
2022-09-16,yangbyungi,LONG,SOXL,MOO_SELL,173615.52340393997,11.464265266895294,-167322.02418506402,
2022-09-16,yangbyungi,LONG,SOXL,STOP_BUY,241917.7764041036,11.647871296169756,0.0,
2022-09-19,yangbyungi,LONG,SOXL,MOO_SELL,241917.7764041036,11.614189885616303,-10117.759087730665,
2022-09-19,yangbyungi,LONG,SOXL,STOP_BUY,238327.0015324066,11.800197033784388,0.0,
2022-09-20,yangbyungi,LONG,SOXL,MOO_SELL,238327.0015324066,11.844075381278994,8485.120998751838,
2022-09-20,yangbyungi,LONG,SOXL,STOP_BUY,238764.41920839174,12.033764262385368,0.0,
2022-09-20,yangbyungi,LONG,SOXL,LOC_SELL,59691.104802097936,11.694149809360505,-20767.682799771428,loser
2022-09-21,yangbyungi,LONG,SOXL,MOO_SELL,179073.3144062938,11.754120228767396,-51567.7053154055,
2022-09-21,yangbyungi,LONG,SOXL,STOP_BUY,226852.4591355111,11.94236843243122,0.0,
2022-09-21,yangbyungi,LONG,SOXL,LOC_SELL,56713.114783877776,11.394299618721007,-31545.912838261458,loser
2022-09-22,yangbyungi,LONG,SOXL,MOO_SELL,170139.34435163334,11.164415076255796,-133736.4545045246,
2022-09-22,yangbyungi,SHORT,SOXS,STOP_BUY,1.1476629885222844,1807779.4379999998,0.0,
2022-09-23,yangbyungi,SHORT,SOXS,MOO_SELL,1.1476629885222844,1886056.5,88351.93933056341,
2022-09-26,yangbyungi,LONG,SOXL,STOP_BUY,242836.1452515706,10.06367917004585,0.0,
2022-09-26,yangbyungi,LONG,SOXL,LOC_SELL,60709.03631289265,9.545225190639496,-31891.49465275521,loser
2022-09-27,yangbyungi,LONG,SOXL,MOO_SELL,182127.10893867793,10.034979961872102,-6508.082551948028,
2022-09-27,yangbyungi,LONG,SOXL,STOP_BUY,221605.42212527382,10.195695261261461,0.0,
2022-09-27,yangbyungi,LONG,SOXL,LOC_SELL,55401.355531318455,9.805095419406891,-22027.585529454285,loser
2022-09-28,yangbyungi,LONG,SOXL,MOO_SELL,166204.06659395536,9.56521469497681,-105937.95428298227,
2022-09-28,yangbyungi,LONG,SOXL,STOP_BUY,227641.55118230492,9.718406465091705,0.0,
2022-09-29,yangbyungi,LONG,SOXL,MOO_SELL,227641.55118230492,9.695149809360505,-6840.947408461943,
2022-09-30,yangbyungi,LONG,SOXL,STOP_BUY,250478.72362981038,9.03801636261463,0.0,
2022-09-30,yangbyungi,LONG,SOXL,LOC_SELL,62619.680907452595,8.855569656848909,-11816.926224055584,loser
2022-10-03,yangbyungi,LONG,SOXL,MOO_SELL,187859.0427223578,9.085455152511598,7720.175354578299,
2022-10-03,yangbyungi,LONG,SOXL,STOP_BUY,246865.29996864434,9.230963329954147,0.0,
2022-10-04,yangbyungi,LONG,SOXL,MOO_SELL,246865.29996864434,10.574709923744203,330013.1392437271,
2022-10-04,yangbyungi,LONG,SOXL,STOP_BUY,228930.0895937583,10.744069272522927,0.0,
2022-10-05,yangbyungi,LONG,SOXL,MOO_SELL,228930.0895937583,10.524734733104706,-51916.449982314836,
2022-10-05,yangbyungi,LONG,SOXL,STOP_BUY,237165.31532730666,10.693293703830241,0.0,
2022-10-06,yangbyungi,LONG,SOXL,MOO_SELL,237165.31532730666,11.2843549618721,138354.91204966884,
2022-10-06,yangbyungi,LONG,SOXL,STOP_BUY,227764.3011777843,11.46507963626146,0.0,
2022-10-06,yangbyungi,LONG,SOXL,LOC_SELL,56941.07529444608,11.18440458059311,-16433.32957324467,loser
2022-10-07,yangbyungi,LONG,SOXL,MOO_SELL,170823.22588333822,10.174910305023191,-221684.70160931884,
2022-10-10,yangbyungi,SHORT,SOXS,STOP_BUY,0.9185721830431144,2030808.8969999999,0.0,
2022-10-11,yangbyungi,SHORT,SOXS,MOO_SELL,0.9185721830431144,2194602.15,149097.45520854904,
2022-10-11,yangbyungi,SHORT,SOXS,STOP_BUY,0.7836581164828239,2328605.721,0.0,
2022-10-11,yangbyungi,SHORT,SOXS,LOC_SELL,0.19591452912070598,2266566.15,-12469.544665983121,loser
2022-10-12,yangbyungi,SHORT,SOXS,MOO_SELL,0.587743587362118,2269864.5,-35470.728440995095,
2022-10-12,yangbyungi,LONG,SOXL,STOP_BUY,288247.221773597,7.606150942568777,0.0,
2022-10-12,yangbyungi,LONG,SOXL,LOC_SELL,72061.80544339925,7.336330152511597,-19820.647035615053,loser
2022-10-13,yangbyungi,LONG,SOXL,MOO_SELL,216185.41633019777,6.416790076255799,-258183.51842053118,
2022-10-14,yangbyungi,SHORT,SOXS,STOP_BUY,0.83185794600017,2169844.38,0.0,
2022-10-17,yangbyungi,SHORT,SOXS,MOO_SELL,0.83185794600017,2207495.7,30046.085924632847,
2022-10-17,yangbyungi,LONG,SOXL,STOP_BUY,297428.3228636555,7.585840811938046,0.0,
2022-10-17,yangbyungi,LONG,SOXL,LOC_SELL,74357.08071591388,7.326334923744202,-19684.189323874423,loser
2022-10-18,yangbyungi,LONG,SOXL,MOO_SELL,223071.24214774164,8.035979961872101,99193.42667750013,
2022-10-18,yangbyungi,LONG,SOXL,STOP_BUY,283929.8313510838,8.164680261261461,0.0,
2022-10-18,yangbyungi,LONG,SOXL,LOC_SELL,70982.45783777095,7.396300095319749,-54928.10755356343,loser
2022-10-19,yangbyungi,LONG,SOXL,MOO_SELL,212947.37351331286,7.266364980936051,-192443.97972638323,
2022-10-19,yangbyungi,LONG,SOXL,STOP_BUY,316369.7724248939,7.382739505630731,0.0,
2022-10-20,yangbyungi,LONG,SOXL,MOO_SELL,316369.7724248939,7.696149809360505,97483.86979325442,
2022-10-20,yangbyungi,LONG,SOXL,STOP_BUY,298608.50807246077,7.819407556307315,0.0,
2022-10-20,yangbyungi,LONG,SOXL,LOC_SELL,74652.12701811519,7.696149809360505,-9606.847256766516,loser
2022-10-21,yangbyungi,LONG,SOXL,MOO_SELL,223956.38105434558,7.646175095319748,-40008.78061645804,
2022-10-21,yangbyungi,LONG,SOXL,STOP_BUY,307102.2342278609,7.768632471846341,0.0,
2022-10-24,yangbyungi,LONG,SOXL,MOO_SELL,307102.2342278609,8.635680343151092,264509.1080694394,
2022-10-24,yangbyungi,LONG,SOXL,STOP_BUY,280659.57874135,8.77398514864683,0.0,
2022-10-24,yangbyungi,LONG,SOXL,LOC_SELL,70164.8946853375,8.675660305023193,-7327.475685248384,loser
2022-10-24,yangbyungi,SHORT,SOXS,STOP_BUY,0.9848703832435762,2000265.633,0.0,
2022-10-24,yangbyungi,SHORT,SOXS,LOC_SELL,0.24621759581089406,1867765.6500000001,-32957.15933630185,loser
2022-10-25,yangbyungi,LONG,SOXL,MOO_SELL,210494.68405601248,8.795600190639496,3255.4449248577002,
2022-10-25,yangbyungi,SHORT,SOXS,MOO_SELL,0.7386527874326821,1851873.6,-110606.07649196452,
2022-10-25,yangbyungi,LONG,SOXL,STOP_BUY,270760.1128630373,8.936466193692683,0.0,
2022-10-26,yangbyungi,LONG,SOXL,MOO_SELL,270760.1128630373,8.735629771232606,-56053.20695659565,
2022-10-27,yangbyungi,LONG,SOXL,STOP_BUY,283299.34735305875,9.302048545045851,0.0,
2022-10-27,yangbyungi,LONG,SOXL,LOC_SELL,70824.83683826469,8.51574045753479,-56131.82170220313,loser
2022-10-27,yangbyungi,SHORT,SOXS,STOP_BUY,1.122527958048773,1878092.5769999998,0.0,
2022-10-28,yangbyungi,LONG,SOXL,MOO_SELL,212474.51051479406,8.55572041940689,-159903.71543042478,
2022-10-28,yangbyungi,SHORT,SOXS,MOO_SELL,1.122527958048773,1889354.85,11162.043540128041,
2022-10-28,yangbyungi,LONG,SOXL,STOP_BUY,296778.24896697956,8.692744626123904,0.0,
2022-10-31,yangbyungi,LONG,SOXL,MOO_SELL,296778.24896697956,9.295350190639496,176971.75790600572,
2022-11-02,yangbyungi,LONG,SOXL,STOP_BUY,295192.6223241628,9.41375498986244,0.0,
2022-11-02,yangbyungi,LONG,SOXL,LOC_SELL,73798.1555810407,8.235879771232606,-87380.89731171355,loser
2022-11-02,yangbyungi,SHORT,SOXS,STOP_BUY,1.2252107321798187,1814460.777,0.0,
2022-11-03,yangbyungi,LONG,SOXL,MOO_SELL,221394.4667431221,7.776110209703446,-363897.50218169345,
2022-11-03,yangbyungi,SHORT,SOXS,MOO_SELL,1.2252107321798187,2014092.4500000002,242949.09366675746,
2022-11-04,yangbyungi,LONG,SOXL,STOP_BUY,314559.9044447475,8.855225671169757,0.0,
2022-11-07,yangbyungi,LONG,SOXL,MOO_SELL,314559.9044447475,9.26536545753479,127018.52801309945,
2022-11-07,yangbyungi,LONG,SOXL,STOP_BUY,308232.7955343971,9.41375498986244,0.0,
2022-11-08,yangbyungi,LONG,SOXL,MOO_SELL,308232.7955343971,10.104944656848907,210941.61712467205,
2022-11-08,yangbyungi,LONG,SOXL,STOP_BUY,290005.20413864485,10.266780476353166,0.0,
2022-11-08,yangbyungi,LONG,SOXL,LOC_SELL,72501.30103466121,10.164915076255797,-7903.837615943397,loser
2022-11-09,yangbyungi,LONG,SOXL,MOO_SELL,217503.90310398364,9.735129771232605,-117158.77619364159,
2022-11-10,yangbyungi,LONG,SOXL,STOP_BUY,250750.19796823795,10.967481193692683,0.0,
2022-11-11,yangbyungi,LONG,SOXL,MOO_SELL,250750.19796823795,12.273859733104706,325534.9575855681,
2022-11-11,yangbyungi,LONG,SOXL,STOP_BUY,251176.6662841462,12.47043182883024,0.0,
2022-11-14,yangbyungi,LONG,SOXL,MOO_SELL,251176.6662841462,12.983504771232605,126634.24900456937,
2022-11-14,longbyungi,LONG,SOXL,STOP_BUY,501308.13251668145,13.191442192568777,0.0,
2022-11-15,longbyungi,LONG,SOXL,MOO_SELL,501308.13251668145,14.332830152511598,567357.7171270931,
2022-11-22,yangbyungi,LONG,SOXL,STOP_BUY,282467.8942206118,12.328261398646829,0.0,
2022-11-23,yangbyungi,LONG,SOXL,MOO_SELL,282467.8942206118,12.893549618721007,157182.25000579376,
2022-11-23,longbyungi,LONG,SOXL,STOP_BUY,565133.3411673848,13.100046362614629,0.0,
2022-11-25,longbyungi,LONG,SOXL,MOO_SELL,565133.3411673848,13.123435114383698,8030.846136541106,
2022-11-28,longbyungi,LONG,SOXL,STOP_BUY,612927.84616836,12.551672351353167,0.0,
2022-11-29,longbyungi,LONG,SOXL,MOO_SELL,612927.84616836,11.944024809360505,-377699.0323584499,
2022-11-29,yangbyungi,LONG,SOXL,STOP_BUY,284168.51666477416,12.135314431307314,0.0,
2022-11-29,yangbyungi,LONG,SOXL,LOC_SELL,71042.12916619354,11.72413454246521,-29804.35389320203,loser
2022-11-30,yangbyungi,LONG,SOXL,MOO_SELL,213126.38749858062,11.834080152511598,-65988.95229783375,
2022-11-30,longbyungi,LONG,SOXL,STOP_BUY,577636.6159742295,12.023608954954147,0.0,
2022-12-01,longbyungi,LONG,SOXL,MOO_SELL,577636.6159742295,14.082955152511598,1184275.73110547,
2022-12-05,longbyungi,LONG,SOXL,STOP_BUY,670989.0957008958,12.998496193692683,0.0,
2022-12-06,longbyungi,LONG,SOXL,MOO_SELL,670989.0957008958,12.533729961872101,-317849.2194703799,
2022-12-07,longbyungi,LONG,SOXL,STOP_BUY,632295.3258965032,11.58694042004585,0.0,
2022-12-08,longbyungi,LONG,SOXL,MOO_SELL,632295.3258965032,11.884055343151093,182670.16681322176,
2022-12-08,yangbyungi,LONG,SOXL,STOP_BUY,300563.5140789416,12.07438452364683,0.0,
2022-12-09,yangbyungi,LONG,SOXL,MOO_SELL,300563.5140789416,12.483754771232606,120458.311947749,
2022-12-09,longbyungi,LONG,SOXL,STOP_BUY,587373.340057547,12.683688442568778,0.0,
2022-12-12,longbyungi,LONG,SOXL,MOO_SELL,587373.340057547,12.133930343151093,-328015.27375210915,
2022-12-12,yangbyungi,LONG,SOXL,STOP_BUY,288016.74325696705,12.328261398646829,0.0,
2022-12-13,yangbyungi,LONG,SOXL,MOO_SELL,288016.74325696705,14.712640266895296,684015.1549723013,
2022-12-14,longbyungi,LONG,SOXL,STOP_BUY,550569.4829559132,13.719506557431218,0.0,
2022-12-15,longbyungi,LONG,SOXL,MOO_SELL,550569.4829559132,12.22388454246521,-828443.1132757142,
2022-12-16,yangbyungi,LONG,SOXL,STOP_BUY,308853.4572191472,11.373683806307314,0.0,
2022-12-16,yangbyungi,LONG,SOXL,LOC_SELL,77213.3643047868,11.104444656848909,-21396.32470491319,loser
2022-12-19,yangbyungi,LONG,SOXL,MOO_SELL,231640.0929143604,11.114439885616303,-61874.48874786263,
2022-12-19,yangbyungi,SHORT,SOXS,STOP_BUY,2.4663983072878444,1142827.128,0.0,
2022-12-19,yangbyungi,SHORT,SOXS,LOC_SELL,0.6165995768219611,1119939.75,-14600.674974161782,loser
2022-12-20,yangbyungi,SHORT,SOXS,MOO_SELL,1.8497987304658832,1158320.55,27169.881327489857,
2022-12-20,yangbyungi,LONG,SOXL,STOP_BUY,341833.32045502524,10.408951874999998,0.0,
2022-12-21,yangbyungi,LONG,SOXL,MOO_SELL,341833.32045502524,10.624685114383698,71228.31026038481,
2022-12-21,yangbyungi,LONG,SOXL,STOP_BUY,345880.40809171076,10.794844841215609,0.0,
2022-12-22,yangbyungi,LONG,SOXL,MOO_SELL,345880.40809171076,10.5347299618721,-92550.75933111832,
2022-12-23,yangbyungi,LONG,SOXL,STOP_BUY,372244.5989356873,9.738717079954146,0.0,
2022-12-27,yangbyungi,LONG,SOXL,MOO_SELL,372244.5989356873,9.575209923744204,-63380.982540462166,
2022-12-28,yangbyungi,LONG,SOXL,STOP_BUY,396186.6861237653,9.241118637385368,0.0,
2022-12-28,yangbyungi,LONG,SOXL,LOC_SELL,99046.67153094133,8.855569656848909,-38814.68909373088,loser
2022-12-29,yangbyungi,LONG,SOXL,MOO_SELL,297140.014592824,9.275359733104706,8248.704353092704,
2022-12-29,yangbyungi,LONG,SOXL,STOP_BUY,379025.10138679715,9.42390932883024,0.0,
2022-12-30,yangbyungi,LONG,SOXL,MOO_SELL,379025.10138679715,9.26536545753479,-62571.403386775404,
2022-12-30,yangbyungi,LONG,SOXL,STOP_BUY,389962.69634879904,9.41375498986244,0.0,
2023-01-03,yangbyungi,LONG,SOXL,MOO_SELL,389962.69634879904,10.164915076255797,290252.17984008277,
2023-01-04,yangbyungi,LONG,SOXL,STOP_BUY,350135.8797509691,10.03321421621561,0.0,
2023-01-05,yangbyungi,LONG,SOXL,MOO_SELL,350135.8797509691,9.795100190639497,-85802.17533422541,
2023-01-05,yangbyungi,LONG,SOXL,STOP_BUY,364918.38673632324,9.951973693692683,0.0,
2023-01-05,yangbyungi,LONG,SOXL,LOC_SELL,91229.59668408081,9.56521469497681,-35907.05829557497,loser
2023-01-06,yangbyungi,LONG,SOXL,MOO_SELL,273688.79005224246,9.945024809360504,-3807.786651177332,
2023-01-06,yangbyungi,LONG,SOXL,STOP_BUY,351166.3621029096,10.104299431307314,0.0,
2023-01-09,yangbyungi,LONG,SOXL,MOO_SELL,351166.3621029096,11.524234733104706,495975.18957263976,
2023-01-09,longbyungi,LONG,SOXL,STOP_BUY,668286.7925192062,11.70880120383024,0.0,
2023-01-10,longbyungi,LONG,SOXL,MOO_SELL,668286.7925192062,11.374310114383698,-228935.12574095838,
2023-01-10,longbyungi,LONG,SOXL,STOP_BUY,640390.9400109099,11.556475466215609,0.0,
2023-01-11,longbyungi,LONG,SOXL,MOO_SELL,640390.9400109099,11.974009542465211,262110.9912813017,
2023-01-11,longbyungi,LONG,SOXL,STOP_BUY,661962.7892673118,12.165779385137556,0.0,
2023-01-12,longbyungi,LONG,SOXL,MOO_SELL,661962.7892673118,12.583705152511598,270917.17344148736,
2023-01-12,longbyungi,LONG,SOXL,STOP_BUY,626710.4345461479,12.785239579954144,0.0,
2023-01-13,longbyungi,LONG,SOXL,MOO_SELL,626710.4345461479,12.363814885616303,-269627.6645153351,
2023-01-13,longbyungi,LONG,SOXL,STOP_BUY,700738.9623576538,12.561827658784388,0.0,
2023-01-17,longbyungi,LONG,SOXL,MOO_SELL,700738.9623576538,12.873560114383698,212204.82893749513,
2023-01-17,longbyungi,LONG,SOXL,STOP_BUY,701202.3867547311,13.079736716215608,0.0,
2023-01-18,longbyungi,LONG,SOXL,MOO_SELL,701202.3867547311,13.443274809360505,248404.478944486,
2023-01-18,longbyungi,LONG,SOXL,STOP_BUY,647723.7808533742,13.658575681307314,0.0,
2023-01-19,longbyungi,LONG,SOXL,MOO_SELL,647723.7808533742,12.47375954246521,-773357.8763076887,
2023-01-20,longbyungi,LONG,SOXL,STOP_BUY,641965.8410617942,12.297795476353167,0.0,
2023-01-23,longbyungi,LONG,SOXL,MOO_SELL,641965.8410617942,13.173410305023193,556391.734518528,
2023-01-23,longbyungi,LONG,SOXL,STOP_BUY,634879.7645087404,13.384389159908292,0.0,
2023-01-24,longbyungi,LONG,SOXL,MOO_SELL,634879.7645087404,14.282854961872102,564269.8760685176,
2023-01-24,longbyungi,LONG,SOXL,STOP_BUY,610292.7598414205,14.51160213626146,0.0,
2023-01-25,longbyungi,LONG,SOXL,MOO_SELL,610292.7598414205,13.7031450381279,-499422.25320576783,
2023-01-26,longbyungi,LONG,SOXL,STOP_BUY,582260.5896605004,15.252923114862439,0.0,
2023-01-27,longbyungi,LONG,SOXL,MOO_SELL,582260.5896605004,14.492750000000001,-448680.7527125608,
2023-01-27,longbyungi,LONG,SOXL,STOP_BUY,594896.9410836266,14.72485875,0.0,
2023-01-30,longbyungi,LONG,SOXL,MOO_SELL,594896.9410836266,14.342825381278994,-233322.77917492762,
2023-01-30,longbyungi,LONG,SOXL,STOP_BUY,597883.5168139216,14.572533012385367,0.0,
2023-01-31,longbyungi,LONG,SOXL,MOO_SELL,597883.5168139216,13.663165076255797,-549604.6801964911,
2023-01-31,longbyungi,LONG,SOXL,STOP_BUY,558796.5594277665,13.88198760247707,0.0,
2023-02-01,longbyungi,LONG,SOXL,MOO_SELL,558796.5594277665,14.722634542465212,464156.1602054406,
2023-02-01,longbyungi,LONG,SOXL,STOP_BUY,552206.2640832353,14.958425010137557,0.0,
2023-02-02,longbyungi,LONG,SOXL,MOO_SELL,552206.2640832353,17.321334923744203,1298574.8757844595,
2023-02-02,longbyungi,LONG,SOXL,STOP_BUY,559077.5951365572,17.598744897522923,0.0,
2023-02-03,longbyungi,LONG,SOXL,MOO_SELL,559077.5951365572,16.771610686302186,-469157.6991747916,
2023-02-06,longbyungi,LONG,SOXL,STOP_BUY,567203.7531428995,16.369981752247806,0.0,
2023-02-07,longbyungi,LONG,SOXL,MOO_SELL,567203.7531428995,16.211889313697817,-96138.82033262402,
2023-02-07,longbyungi,LONG,SOXL,STOP_BUY,528189.9723640649,16.471530952706335,0.0,
2023-02-08,longbyungi,LONG,SOXL,MOO_SELL,528189.9723640649,17.321334923744203,442610.76746467873,
2023-02-08,longbyungi,LONG,SOXL,STOP_BUY,530926.63999728,17.598744897522923,0.0,
2023-02-09,longbyungi,LONG,SOXL,MOO_SELL,530926.63999728,17.321334923744203,-153773.34550684877,
2023-02-09,longbyungi,LONG,SOXL,STOP_BUY,499351.76698483893,17.598744897522923,0.0,
2023-02-10,longbyungi,LONG,SOXL,MOO_SELL,499351.76698483893,16.051969466209414,-778266.2850423772,
2023-02-13,longbyungi,LONG,SOXL,STOP_BUY,489468.29012265085,16.237964692568777,0.0,
2023-02-14,longbyungi,LONG,SOXL,MOO_SELL,489468.29012265085,16.051969466209414,-96570.48001839872,
2023-02-14,longbyungi,LONG,SOXL,STOP_BUY,488395.0217367338,16.309049907660484,0.0,
2023-02-15,longbyungi,LONG,SOXL,MOO_SELL,488395.0217367338,16.801594466209412,234896.43452127092,
2023-02-15,longbyungi,LONG,SOXL,STOP_BUY,510618.90650269407,17.070680532660482,0.0,
2023-02-16,longbyungi,LONG,SOXL,MOO_SELL,510618.90650269407,16.64167461872101,-225083.48873202503,
2023-02-21,longbyungi,LONG,SOXL,STOP_BUY,539201.2395466217,15.019355886261462,0.0,
2023-02-22,longbyungi,LONG,SOXL,MOO_SELL,539201.2395466217,14.102944656848909,-499626.04402664583,
2023-02-22,longbyungi,LONG,SOXL,STOP_BUY,476465.3897397151,14.328810476353166,0.0,
2023-02-23,longbyungi,LONG,SOXL,MOO_SELL,476465.3897397151,15.122435114383698,373223.29774320964,
2023-02-28,longbyungi,LONG,SOXL,STOP_BUY,524271.00498882233,14.623307612614628,0.0,
2023-03-01,longbyungi,LONG,SOXL,MOO_SELL,524271.00498882233,14.802595419406892,88595.8969348669,
2023-03-01,longbyungi,LONG,SOXL,STOP_BUY,519327.3163828585,15.039666501123904,0.0,
2023-03-02,longbyungi,LONG,SOXL,MOO_SELL,519327.3163828585,14.002995228767396,-543650.6364959888,
2023-03-02,longbyungi,LONG,SOXL,STOP_BUY,529909.8760267484,14.227260307431218,0.0,
2023-03-03,longbyungi,LONG,SOXL,MOO_SELL,529909.8760267484,15.042475190639497,426561.80502786767,
2023-03-03,longbyungi,LONG,SOXL,STOP_BUY,535311.0831646486,15.283388068692682,0.0,
2023-03-06,longbyungi,LONG,SOXL,MOO_SELL,535311.0831646486,15.822084923744205,282542.51042104326,
2023-03-06,longbyungi,LONG,SOXL,STOP_BUY,550614.5834359217,16.075483647522926,0.0,
2023-03-07,longbyungi,LONG,SOXL,MOO_SELL,550614.5834359217,15.18240458059311,-497766.22559993714,
2023-03-07,longbyungi,LONG,SOXL,STOP_BUY,549313.3758616486,15.425558498876093,0.0,
2023-03-08,longbyungi,LONG,SOXL,MOO_SELL,549313.3758616486,14.852569656848909,-320571.69842220657,
2023-03-08,longbyungi,LONG,SOXL,STOP_BUY,520413.9721903977,15.090441101353166,0.0,
2023-03-09,longbyungi,LONG,SOXL,MOO_SELL,520413.9721903977,15.742125000000001,333529.41193815507,
2023-03-09,longbyungi,LONG,SOXL,STOP_BUY,516429.381732019,15.994243124999997,0.0,
2023-03-10,longbyungi,LONG,SOXL,MOO_SELL,516429.381732019,15.102444656848908,-466171.66667261254,
2023-03-13,longbyungi,LONG,SOXL,STOP_BUY,444198.7398038068,13.821056726353167,0.0,
2023-03-14,longbyungi,LONG,SOXL,MOO_SELL,444198.7398038068,14.752620228767396,409356.9968663631,
2023-03-14,longbyungi,LONG,SOXL,STOP_BUY,395378.53603470523,14.988890932431218,0.0,
2023-03-15,longbyungi,LONG,SOXL,MOO_SELL,395378.53603470523,14.592700381278995,-160738.81429886632,
2023-03-15,longbyungi,LONG,SOXL,STOP_BUY,441226.1637916506,14.826409887385369,0.0,
2023-03-16,longbyungi,LONG,SOXL,MOO_SELL,441226.1637916506,14.47275954246521,-160564.43105815072,
2023-03-16,longbyungi,LONG,SOXL,STOP_BUY,398855.4442841237,14.704548135137557,0.0,
2023-03-17,longbyungi,LONG,SOXL,MOO_SELL,398855.4442841237,16.481754771232605,704494.9530789284,
2023-03-17,longbyungi,LONG,SOXL,STOP_BUY,420177.89313572226,16.745718442568776,0.0,
2023-03-20,longbyungi,LONG,SOXL,MOO_SELL,420177.89313572226,16.131929389953616,-262735.65223674383,
2023-03-20,longbyungi,LONG,SOXL,STOP_BUY,379344.36671713874,16.39029043018341,0.0,
2023-03-21,longbyungi,LONG,SOXL,MOO_SELL,379344.36671713874,17.001495228767396,227423.65222879685,
2023-03-21,longbyungi,LONG,SOXL,STOP_BUY,386752.04240480706,17.273782807431218,0.0,
2023-03-22,longbyungi,LONG,SOXL,MOO_SELL,386752.04240480706,16.671660305023195,-237467.07189312298,
2023-03-22,longbyungi,LONG,SOXL,STOP_BUY,437636.83220872906,16.938665409908293,0.0,
2023-03-23,longbyungi,LONG,SOXL,MOO_SELL,437636.83220872906,17.01149045753479,26670.67961532343,
2023-03-23,longbyungi,LONG,SOXL,STOP_BUY,412770.527169359,17.283938114862437,0.0,
2023-03-24,longbyungi,LONG,SOXL,MOO_SELL,412770.527169359,17.091450381278992,-84419.46479579527,
2023-03-29,longbyungi,LONG,SOXL,STOP_BUY,476195.2696641467,16.593392704954145,0.0,
2023-03-30,longbyungi,LONG,SOXL,MOO_SELL,476195.2696641467,17.751120228767395,545580.2272905698,
2023-03-30,longbyungi,LONG,SOXL,STOP_BUY,476577.2260999803,18.03541343243122,0.0,
2023-03-31,longbyungi,LONG,SOXL,MOO_SELL,476577.2260999803,17.551219466209414,-236691.73989391234,
2023-03-31,longbyungi,LONG,SOXL,STOP_BUY,476168.12004191056,17.83231115766048,0.0,
2023-04-03,longbyungi,LONG,SOXL,MOO_SELL,476168.12004191056,17.911040076255798,31531.25563409552,
2023-04-06,longbyungi,LONG,SOXL,STOP_BUY,540759.8395673203,15.689590681307312,0.0,
2023-04-10,longbyungi,LONG,SOXL,MOO_SELL,540759.8395673203,15.212390266895294,-263899.5121298544,
2023-04-10,longbyungi,LONG,SOXL,STOP_BUY,558086.7708939617,15.456024421169756,0.0,
2023-04-11,longbyungi,LONG,SOXL,MOO_SELL,558086.7708939617,16.711639313697816,694458.7392040044,
2023-04-13,longbyungi,LONG,SOXL,STOP_BUY,559895.1577279457,15.628660773646828,0.0,
2023-04-14,longbyungi,LONG,SOXL,MOO_SELL,559895.1577279457,15.632180343151093,-4155.387826004997,
2023-04-14,longbyungi,LONG,SOXL,STOP_BUY,590697.2049161594,15.88253764864683,0.0,
2023-04-17,longbyungi,LONG,SOXL,MOO_SELL,590697.2049161594,15.092450381278994,-473106.23407208547,
2023-04-17,longbyungi,LONG,SOXL,STOP_BUY,616304.3051044905,15.334163637385368,0.0,
2023-04-18,longbyungi,LONG,SOXL,MOO_SELL,616304.3051044905,16.01199045753479,410986.017972365,
2023-04-18,longbyungi,LONG,SOXL,STOP_BUY,602902.5607585603,16.26843061486244,0.0,
2023-04-19,longbyungi,LONG,SOXL,MOO_SELL,602902.5607585603,15.192399809360506,-655380.463421436,
2023-04-20,longbyungi,LONG,SOXL,STOP_BUY,640682.0680517924,15.019355886261462,0.0,
2023-04-21,longbyungi,LONG,SOXL,MOO_SELL,640682.0680517924,15.082455152511598,33676.5767017398,
2023-04-24,longbyungi,LONG,SOXL,STOP_BUY,630869.2021143173,15.009200578830239,0.0,
2023-04-25,longbyungi,LONG,SOXL,MOO_SELL,630869.2021143173,14.412790076255797,-382753.5176109541,
2023-04-25,yangbyungi,SHORT,SOXS,STOP_BUY,5.607323984959647,651271.473,0.0,
2023-04-26,yangbyungi,SHORT,SOXS,MOO_SELL,5.607323984959647,642278.7000000001,-52964.06595298136,
2023-04-27,yangbyungi,LONG,SOXL,STOP_BUY,361286.1534806073,13.536714897522927,0.0,
2023-04-28,yangbyungi,LONG,SOXL,MOO_SELL,361286.1534806073,13.753120228767395,74733.44587134756,
2023-04-28,yangbyungi,LONG,SOXL,STOP_BUY,389454.93998016784,13.973383432431218,0.0,
2023-05-01,yangbyungi,LONG,SOXL,MOO_SELL,389454.93998016784,14.4527700381279,182824.7346860869,
2023-05-01,longbyungi,LONG,SOXL,STOP_BUY,676062.3412735312,14.684238488738535,0.0,
2023-05-02,longbyungi,LONG,SOXL,MOO_SELL,676062.3412735312,14.652669847488404,-28284.122141817585,
2023-05-02,longbyungi,LONG,SOXL,STOP_BUY,652980.7662544065,14.887339795045852,0.0,
2023-05-03,longbyungi,LONG,SOXL,MOO_SELL,652980.7662544065,14.112939885616303,-512296.06494326517,
2023-05-03,longbyungi,LONG,SOXL,STOP_BUY,589027.2840843363,14.338965783784387,0.0,
2023-05-04,longbyungi,LONG,SOXL,MOO_SELL,589027.2840843363,13.493250000000002,-503887.54829538334,
2023-05-04,longbyungi,LONG,SOXL,STOP_BUY,573226.676059434,13.709351249999997,0.0,
2023-05-05,longbyungi,LONG,SOXL,MOO_SELL,573226.676059434,13.613189885616304,-60603.96257383749,
2023-05-05,longbyungi,LONG,SOXL,STOP_BUY,516067.2078554057,13.831212033784388,0.0,
2023-05-08,longbyungi,LONG,SOXL,MOO_SELL,516067.2078554057,14.4527700381279,315656.95134252496,
2023-05-08,longbyungi,LONG,SOXL,STOP_BUY,583093.4884072106,14.684238488738535,0.0,
2023-05-09,longbyungi,LONG,SOXL,MOO_SELL,583093.4884072106,14.06296469497681,-368127.51110572834,
2023-05-10,longbyungi,LONG,SOXL,STOP_BUY,552046.1947033259,14.602997966215609,0.0,
2023-05-11,longbyungi,LONG,SOXL,MOO_SELL,552046.1947033259,14.322834923744205,-160251.88008427992,
2023-05-15,longbyungi,LONG,SOXL,STOP_BUY,577605.9951366023,14.318656137385368,0.0,
2023-05-16,longbyungi,LONG,SOXL,MOO_SELL,577605.9951366023,14.972509542465211,371748.0831991704,
2023-05-16,longbyungi,LONG,SOXL,STOP_BUY,557939.436828289,15.212301885137554,0.0,
2023-05-17,longbyungi,LONG,SOXL,MOO_SELL,557939.436828289,15.472259542465212,139048.58450580947,
2023-05-17,longbyungi,LONG,SOXL,STOP_BUY,519705.69851858454,15.720055635137555,0.0,
2023-05-18,longbyungi,LONG,SOXL,MOO_SELL,519705.69851858454,16.331830152511596,312112.5611955086,
2023-05-18,longbyungi,LONG,SOXL,STOP_BUY,538414.9244984402,16.593392704954145,0.0,
2023-05-19,longbyungi,LONG,SOXL,MOO_SELL,538414.9244984402,17.581205152511597,525412.9246364478,
2023-05-22,longbyungi,LONG,SOXL,STOP_BUY,543635.7662251348,17.182386977477073,0.0,
2023-05-23,longbyungi,LONG,SOXL,MOO_SELL,543635.7662251348,17.191400762557983,-1640.1711935903877,
2023-05-23,longbyungi,LONG,SOXL,STOP_BUY,522290.7651469064,17.466729774770734,0.0,
2023-05-24,longbyungi,LONG,SOXL,MOO_SELL,522290.7651469064,15.882055343151093,-833757.0382729461,
2023-05-25,longbyungi,LONG,SOXL,STOP_BUY,397958.88776978035,18.44161604504585,0.0,
2023-05-26,longbyungi,LONG,SOXL,MOO_SELL,397958.88776978035,20.039974237442017,630720.9166997438,
2023-05-26,longbyungi,LONG,SOXL,STOP_BUY,396620.6616366935,20.36092460022926,0.0,
2023-05-30,longbyungi,LONG,SOXL,MOO_SELL,396620.6616366935,24.55771469497681,1658298.1829761127,
2023-06-01,longbyungi,LONG,SOXL,STOP_BUY,445813.54609777743,21.813100635137552,0.0,
2023-06-02,longbyungi,LONG,SOXL,MOO_SELL,445813.54609777743,22.67865553379059,378933.83905438706,
2023-06-06,longbyungi,LONG,SOXL,STOP_BUY,582326.1492445227,20.86867835022926,0.0,
2023-06-07,longbyungi,LONG,SOXL,MOO_SELL,582326.1492445227,22.138924618721013,730932.0599842258,
2023-06-07,longbyungi,LONG,SOXL,STOP_BUY,597984.6003875756,22.493490737614632,0.0,
2023-06-08,longbyungi,LONG,SOXL,MOO_SELL,597984.6003875756,21.779105915069582,-436457.1384886671,
2023-06-08,longbyungi,LONG,SOXL,STOP_BUY,591762.8499501337,22.12790935472488,0.0,
2023-06-09,longbyungi,LONG,SOXL,MOO_SELL,591762.8499501337,23.018485686302185,517659.40228426084,
2023-06-09,longbyungi,LONG,SOXL,STOP_BUY,591247.9771229029,23.38713842229366,0.0,
2023-06-12,longbyungi,LONG,SOXL,MOO_SELL,591247.9771229029,23.188400762557986,-127141.43196111545,
2023-06-12,longbyungi,LONG,SOXL,STOP_BUY,574595.8956240743,23.559774774770734,0.0,
2023-06-13,longbyungi,LONG,SOXL,MOO_SELL,574595.8956240743,25.77710591506958,1264147.3032536171,
2023-06-14,longbyungi,LONG,SOXL,STOP_BUY,538958.1048068526,25.70249428266048,0.0,
2023-06-15,longbyungi,LONG,SOXL,MOO_SELL,538958.1048068526,25.737125000000002,8961.175883211195,
2023-06-15,longbyungi,LONG,SOXL,STOP_BUY,557906.2906519138,26.149318124999997,0.0,
2023-06-16,longbyungi,LONG,SOXL,MOO_SELL,557906.2906519138,26.756615457534792,328484.20851181075,
2023-06-20,longbyungi,LONG,SOXL,STOP_BUY,603918.2577952641,25.245517069816582,0.0,
2023-06-21,longbyungi,LONG,SOXL,MOO_SELL,603918.2577952641,24.1579150762558,-667265.1732606497,
2023-06-22,longbyungi,LONG,SOXL,STOP_BUY,664406.8464041536,22.62550779729366,0.0,
2023-06-23,longbyungi,LONG,SOXL,MOO_SELL,664406.8464041536,21.939025762557986,-466466.50723322853,
2023-06-23,longbyungi,LONG,SOXL,STOP_BUY,670099.8304594175,22.290390399770732,0.0,
2023-06-26,longbyungi,LONG,SOXL,MOO_SELL,670099.8304594175,22.308839694976808,1902.791805896908,
2023-06-26,longbyungi,LONG,SOXL,STOP_BUY,633079.4978868352,22.666127090091702,0.0,
2023-06-27,longbyungi,LONG,SOXL,MOO_SELL,633079.4978868352,22.27885591506958,-255132.25257475115,
2023-06-27,longbyungi,LONG,SOXL,STOP_BUY,588409.2414188469,22.63566310472488,0.0,
2023-06-28,longbyungi,LONG,SOXL,MOO_SELL,588409.2414188469,23.168410305023194,304040.336964421,
2023-06-28,longbyungi,LONG,SOXL,STOP_BUY,598095.7171554911,23.53946415990829,0.0,
2023-06-29,longbyungi,LONG,SOXL,MOO_SELL,598095.7171554911,24.097945610046384,324053.2576724533,
2023-06-30,longbyungi,LONG,SOXL,STOP_BUY,584100.7072870524,24.9510189650917,0.0,
2023-07-03,longbyungi,LONG,SOXL,MOO_SELL,584100.7072870524,25.2473702287674,162836.66259690933,
2023-07-03,longbyungi,LONG,SOXL,STOP_BUY,571658.4562926766,25.65171968243122,0.0,
2023-07-05,longbyungi,LONG,SOXL,MOO_SELL,571658.4562926766,24.977504771232606,-395550.57384837046,
2023-07-07,longbyungi,LONG,SOXL,STOP_BUY,537577.0601402982,23.43791302252292,0.0,
2023-07-10,longbyungi,LONG,SOXL,MOO_SELL,537577.0601402982,23.148419847488405,-164390.2003191784,
2023-07-10,longbyungi,LONG,SOXL,STOP_BUY,552101.9995228371,23.51915354504585,0.0,
2023-07-11,longbyungi,LONG,SOXL,MOO_SELL,552101.9995228371,24.667660305023194,624781.4659519475,
2023-07-12,longbyungi,LONG,SOXL,STOP_BUY,521831.38650050515,25.83451134233951,0.0,
2023-07-13,longbyungi,LONG,SOXL,MOO_SELL,521831.38650050515,26.4967452287674,336016.59488144703,
2023-07-13,longbyungi,LONG,SOXL,STOP_BUY,559906.9804193426,26.92110405743122,0.0,
2023-07-14,longbyungi,LONG,SOXL,MOO_SELL,559906.9804193426,27.3263301525116,216258.18830418214,
2023-07-14,longbyungi,LONG,SOXL,STOP_BUY,546982.0951033846,27.763975204954143,0.0,
2023-07-17,longbyungi,LONG,SOXL,MOO_SELL,546982.0951033846,26.266860686302188,-829238.7009575367,
2023-07-17,longbyungi,LONG,SOXL,STOP_BUY,552620.7350892472,26.68753779729366,0.0,
2023-07-18,longbyungi,LONG,SOXL,MOO_SELL,552620.7350892472,27.736125,568944.5551753044,
2023-07-18,longbyungi,LONG,SOXL,STOP_BUY,535877.9456042617,28.180333124999997,0.0,
2023-07-19,longbyungi,LONG,SOXL,MOO_SELL,535877.9456042617,28.395794847488403,104849.92047359236,
2023-07-21,longbyungi,LONG,SOXL,STOP_BUY,576451.0771648794,25.39784280743122,0.0,
2023-07-24,longbyungi,LONG,SOXL,MOO_SELL,576451.0771648794,24.897544847488405,-298544.788548965,
2023-07-24,longbyungi,LONG,SOXL,STOP_BUY,584952.3242778868,25.29629167004585,0.0,
2023-07-25,longbyungi,LONG,SOXL,MOO_SELL,584952.3242778868,25.297344466209413,-9742.367205185816,
2023-07-25,longbyungi,LONG,SOXL,STOP_BUY,562550.574033075,25.70249428266048,0.0,
2023-07-26,longbyungi,LONG,SOXL,MOO_SELL,562550.574033075,25.187400762557985,-299786.0042989366,
2023-07-26,longbyungi,LONG,SOXL,STOP_BUY,556905.4252425261,25.590789774770734,0.0,
2023-07-27,longbyungi,LONG,SOXL,MOO_SELL,556905.4252425261,26.986500000000003,767030.3942246065,
2023-07-27,longbyungi,LONG,SOXL,STOP_BUY,571623.047038486,27.418702499999995,0.0,
2023-07-28,longbyungi,LONG,SOXL,MOO_SELL,571623.047038486,27.976004771232606,307484.1104273889,
2023-07-28,longbyungi,LONG,SOXL,STOP_BUY,513726.41334015806,28.424054692568777,0.0,
2023-07-31,longbyungi,LONG,SOXL,MOO_SELL,513726.41334015806,28.445769084930422,929.8211970329285,
2023-08-01,longbyungi,LONG,SOXL,STOP_BUY,546669.6299971782,28.24126303266048,0.0,
2023-08-02,longbyungi,LONG,SOXL,MOO_SELL,546669.6299971782,27.486250000000002,-423405.2838331312,
2023-08-03,longbyungi,LONG,SOXL,STOP_BUY,517400.8360467635,24.66667810472488,0.0,
2023-08-04,longbyungi,LONG,SOXL,MOO_SELL,517400.8360467635,24.80758969497681,63948.46497219801,
2023-08-04,longbyungi,LONG,SOXL,STOP_BUY,513671.1981930728,25.2048958400917,0.0,
2023-08-07,longbyungi,LONG,SOXL,MOO_SELL,513671.1981930728,25.447269084930422,115393.65969941206,
2023-08-10,yangbyungi,LONG,SOXL,STOP_BUY,378780.2738047152,24.02690729504585,0.0,
2023-08-10,yangbyungi,LONG,SOXL,LOC_SELL,94695.0684511788,22.798594466209412,-117867.11783921719,loser
2023-08-11,yangbyungi,LONG,SOXL,MOO_SELL,284085.2053535364,21.919035305023193,-603383.6440330986,
2023-08-14,yangbyungi,LONG,SOXL,STOP_BUY,442782.0540783586,21.183487069816582,0.0,
2023-08-15,yangbyungi,LONG,SOXL,MOO_SELL,442782.0540783586,22.608690838813782,624268.0156463645,
2023-08-18,yangbyungi,LONG,SOXL,STOP_BUY,413646.634936345,19.518053452706333,0.0,
2023-08-21,yangbyungi,LONG,SOXL,MOO_SELL,413646.634936345,20.4997452287674,400279.8699955903,
2023-08-21,longbyungi,LONG,SOXL,STOP_BUY,585968.215183999,20.82805905743122,0.0,
2023-08-22,longbyungi,LONG,SOXL,MOO_SELL,585968.215183999,22.69864408493042,1087176.5273200087,
2023-08-23,longbyungi,LONG,SOXL,STOP_BUY,620939.6459067926,21.274882899770734,0.0,
2023-08-24,longbyungi,LONG,SOXL,MOO_SELL,620939.6459067926,23.87805438995362,1606599.346236501,
2023-08-25,longbyungi,LONG,SOXL,STOP_BUY,685256.237677464,20.655422704954145,0.0,
2023-08-28,longbyungi,LONG,SOXL,MOO_SELL,685256.237677464,21.2493702287674,396955.81328487024,
2023-08-28,longbyungi,LONG,SOXL,STOP_BUY,733222.2303332028,21.58968968243122,0.0,
2023-08-29,longbyungi,LONG,SOXL,MOO_SELL,733222.2303332028,21.0794551525116,-385065.38796047866,
2023-08-29,longbyungi,LONG,SOXL,STOP_BUY,754238.7909132359,21.417053329954147,0.0,
2023-08-30,longbyungi,LONG,SOXL,MOO_SELL,754238.7909132359,22.9085400762558,1113235.9315016493,
2023-08-30,longbyungi,LONG,SOXL,STOP_BUY,763981.9146595328,23.27543197747707,0.0,
2023-08-31,longbyungi,LONG,SOXL,MOO_SELL,763981.9146595328,23.1584150762558,-101814.91302454099,
2023-08-31,longbyungi,LONG,SOXL,STOP_BUY,783034.3079934998,23.52930885247707,0.0,
2023-09-01,longbyungi,LONG,SOXL,MOO_SELL,783034.3079934998,24.337825381278993,619977.6177160926,
2023-09-05,longbyungi,LONG,SOXL,STOP_BUY,833571.8819778401,24.118303124999997,0.0,
2023-09-06,longbyungi,LONG,SOXL,MOO_SELL,833571.8819778401,23.858065838813783,-230923.5976657197,
2023-09-06,longbyungi,LONG,SOXL,STOP_BUY,766761.1176901386,24.240164877247807,0.0,
2023-09-07,longbyungi,LONG,SOXL,MOO_SELL,766761.1176901386,21.849070610046386,-1845766.9146223478,
2023-09-08,yangbyungi,LONG,SOXL,STOP_BUY,525089.3997399919,22.05682220270633,0.0,
2023-09-08,yangbyungi,LONG,SOXL,LOC_SELL,131272.34993499797,21.489250000000002,-76507.27513701376,loser
2023-09-11,yangbyungi,LONG,SOXL,MOO_SELL,393817.0498049939,22.228879771232606,61655.04145866446,
2023-09-11,yangbyungi,SHORT,SOXS,STOP_BUY,21.978615728636434,313068.456,0.0,
2023-09-11,yangbyungi,SHORT,SOXS,LOC_SELL,5.494653932159109,306146.85000000003,-39222.66046034382,loser
2023-09-12,yangbyungi,SHORT,SOXS,MOO_SELL,16.483961796477324,313043.4,-4025.303516891785,
2023-09-12,yangbyungi,LONG,SOXL,STOP_BUY,565047.3733326936,21.325657499999995,0.0,
2023-09-12,yangbyungi,LONG,SOXL,LOC_SELL,141261.8433331734,20.92953053379059,-58046.79145393334,loser
2023-09-13,yangbyungi,LONG,SOXL,MOO_SELL,423785.52999952016,20.86955916118622,-199546.4790357668,
2023-09-13,yangbyungi,LONG,SOXL,STOP_BUY,543953.4253989328,21.20379574775219,0.0,
2023-09-14,yangbyungi,LONG,SOXL,MOO_SELL,543953.4253989328,21.849070610046386,342802.90772375464,
2023-09-18,yangbyungi,LONG,SOXL,STOP_BUY,618231.88714065,19.58914060472488,0.0,
2023-09-19,yangbyungi,LONG,SOXL,MOO_SELL,618231.88714065,19.7501202287674,91010.46185066737,
2023-09-20,yangbyungi,SHORT,SOXS,STOP_BUY,19.664131290027004,345520.674,0.0,
2023-09-21,yangbyungi,SHORT,SOXS,MOO_SELL,19.664131290027004,359820.0,276329.35475669056,
2023-09-21,yangbyungi,LONG,SOXL,STOP_BUY,622912.8009290705,18.03541343243122,0.0,
2023-09-21,yangbyungi,LONG,SOXL,LOC_SELL,155728.2002322676,17.4112900762558,-99125.6249496718,loser
2023-09-22,yangbyungi,LONG,SOXL,MOO_SELL,467184.60069680284,17.89104961872101,-73319.05226652324,
2023-09-22,yangbyungi,LONG,SOXL,STOP_BUY,528932.6401535597,18.17758386261463,0.0,
2023-09-22,yangbyungi,LONG,SOXL,LOC_SELL,132233.16003838993,17.831080152511596,-47485.819352968596,loser
2023-09-25,yangbyungi,LONG,SOXL,MOO_SELL,396699.4801151698,17.60119561004639,-233620.61826389842,
2023-09-25,yangbyungi,LONG,SOXL,STOP_BUY,463368.65629665204,17.883087694816588,0.0,
2023-09-26,yangbyungi,LONG,SOXL,MOO_SELL,463368.65629665204,17.731129771232606,-76188.41809704434,
2023-09-27,yangbyungi,LONG,SOXL,STOP_BUY,418467.556732781,17.91355168018341,0.0,
2023-09-27,yangbyungi,LONG,SOXL,LOC_SELL,104616.88918319525,17.671160305023193,-26661.19828872918,loser
2023-09-28,yangbyungi,LONG,SOXL,MOO_SELL,313850.66754958575,17.561214694976808,-114478.02069730405,
2023-09-28,longbyungi,LONG,SOXL,STOP_BUY,722687.3846471051,17.842466465091704,0.0,
2023-09-29,longbyungi,LONG,SOXL,MOO_SELL,722687.3846471051,19.420285305023196,1130844.508659497,
2023-10-02,longbyungi,LONG,SOXL,STOP_BUY,737065.795942672,19.243867899770734,0.0,
2023-10-03,longbyungi,LONG,SOXL,MOO_SELL,737065.795942672,18.590700381278992,-491187.73506549187,
2023-10-03,longbyungi,LONG,SOXL,STOP_BUY,729383.3014047225,18.888439887385363,0.0,
2023-10-04,longbyungi,LONG,SOXL,MOO_SELL,729383.3014047225,18.170910305023195,-532814.7605558075,
2023-10-04,longbyungi,LONG,SOXL,STOP_BUY,646864.2614986269,18.461926659908293,0.0,
2023-10-05,longbyungi,LONG,SOXL,MOO_SELL,646864.2614986269,18.5707099237442,61983.724434362724,
2023-10-05,longbyungi,LONG,SOXL,STOP_BUY,675937.907621407,18.86812927252292,0.0,
2023-10-06,longbyungi,LONG,SOXL,MOO_SELL,675937.907621407,18.010990457534792,-588097.4154030085,
2023-10-06,longbyungi,LONG,SOXL,STOP_BUY,679486.2163259443,18.29944561486244,0.0,
2023-10-09,longbyungi,LONG,SOXL,MOO_SELL,679486.2163259443,18.9105400762558,406380.9780545365,
2023-10-09,longbyungi,LONG,SOXL,STOP_BUY,700274.0884645216,19.21340197747707,0.0,
2023-10-10,longbyungi,LONG,SOXL,MOO_SELL,700274.0884645216,19.550219466209413,226363.75401572883,
2023-10-10,longbyungi,LONG,SOXL,STOP_BUY,675517.4492696528,19.86332615766048,0.0,
2023-10-11,longbyungi,LONG,SOXL,MOO_SELL,675517.4492696528,20.299844466209414,285379.9114494324,
2023-10-11,longbyungi,LONG,SOXL,STOP_BUY,685913.6444289893,20.62495678266048,0.0,
2023-10-12,longbyungi,LONG,SOXL,MOO_SELL,685913.6444289893,20.6596650762558,13895.702248534188,
2023-10-12,longbyungi,LONG,SOXL,STOP_BUY,713835.052791499,20.99054010247707,0.0,
2023-10-13,longbyungi,LONG,SOXL,MOO_SELL,713835.052791499,20.78959923744202,-153877.07779023796,
2023-10-16,longbyungi,LONG,SOXL,STOP_BUY,637432.782996418,19.426657622752185,0.0,
2023-10-17,longbyungi,LONG,SOXL,MOO_SELL,637432.782996418,18.62068416118622,-522242.3246628847,
2023-10-18,longbyungi,LONG,SOXL,STOP_BUY,698483.2643075965,18.65487362724781,0.0,
2023-10-19,longbyungi,LONG,SOXL,MOO_SELL,698483.2643075965,18.7506202287674,57732.90976770595,
2023-10-19,yangbyungi,SHORT,SOXS,STOP_BUY,13.895513668644208,349974.89999999997,0.0,
2023-10-20,yangbyungi,SHORT,SOXS,MOO_SELL,13.895513668644208,355022.4,66708.90037600417,
2023-10-20,yangbyungi,LONG,SOXL,STOP_BUY,371617.20758007996,17.69014072747707,0.0,
2023-10-20,yangbyungi,LONG,SOXL,LOC_SELL,92904.30189501999,16.631679389953614,-99451.63730370766,loser
2023-10-23,yangbyungi,LONG,SOXL,MOO_SELL,278712.90568505996,16.341825381278994,-379112.6897747442,
2023-10-23,yangbyungi,LONG,SOXL,STOP_BUY,380727.8256787615,16.603548012385367,0.0,
2023-10-23,yangbyungi,LONG,SOXL,LOC_SELL,95181.95641969038,16.381804389953615,-22204.855437840102,loser
2023-10-24,yangbyungi,LONG,SOXL,MOO_SELL,285545.8692590711,16.651669847488403,10417.429702918977,
2023-10-24,yangbyungi,LONG,SOXL,STOP_BUY,397976.6481800336,16.91835479504585,0.0,
2023-10-25,yangbyungi,LONG,SOXL,MOO_SELL,397976.6481800336,16.37180916118622,-222149.44719491992,
2023-10-25,yangbyungi,SHORT,SOXS,STOP_BUY,11.902293294455019,400244.022,0.0,
2023-10-26,yangbyungi,SHORT,SOXS,MOO_SELL,11.902293294455019,401799.0,15166.651273509488,
2023-10-26,yangbyungi,LONG,SOXL,STOP_BUY,437325.97651167325,15.36462859121561,0.0,
2023-10-26,yangbyungi,LONG,SOXL,LOC_SELL,109331.49412791831,14.722634542465212,-71341.48847253155,loser
2023-10-27,yangbyungi,LONG,SOXL,MOO_SELL,327994.4823837549,15.292350190639496,-27226.278544940054,
2023-10-27,yangbyungi,LONG,SOXL,STOP_BUY,420011.8090073654,15.537264943692682,0.0,
2023-10-27,yangbyungi,LONG,SOXL,LOC_SELL,105002.95225184134,15.092450381278994,-47832.515945562394,loser
2023-10-30,yangbyungi,LONG,SOXL,MOO_SELL,315008.85675552406,14.81258969497681,-231625.28717136104,
2023-10-30,yangbyungi,LONG,SOXL,STOP_BUY,346086.75855648547,15.049820840091703,0.0,
2023-10-30,yangbyungi,LONG,SOXL,LOC_SELL,86521.68963912137,14.522734733104707,-46499.91417812044,loser
2023-10-31,yangbyungi,LONG,SOXL,MOO_SELL,259565.06891736411,14.532729961872102,-136906.2383347936,
2023-10-31,yangbyungi,LONG,SOXL,STOP_BUY,376127.66037904925,14.765479011261462,0.0,
2023-11-01,yangbyungi,LONG,SOXL,MOO_SELL,376127.66037904925,14.942524809360505,62680.92112888023,
2023-11-01,yangbyungi,LONG,SOXL,STOP_BUY,399644.9657831912,15.181836931307314,0.0,
2023-11-02,yangbyungi,LONG,SOXL,MOO_SELL,399644.9657831912,16.891549618721008,678791.7798459157,
2023-11-02,longbyungi,LONG,SOXL,STOP_BUY,788417.2589214294,17.162076362614627,0.0,
2023-11-03,longbyungi,LONG,SOXL,MOO_SELL,788417.2589214294,17.59120038127899,328738.7534165699,
2023-11-03,longbyungi,LONG,SOXL,STOP_BUY,829644.8473184486,17.872932387385365,0.0,
2023-11-06,longbyungi,LONG,SOXL,MOO_SELL,829644.8473184486,18.440775762557983,460563.71199710853,
2023-11-07,longbyungi,LONG,SOXL,STOP_BUY,865761.015475417,18.44161604504585,0.0,
2023-11-08,longbyungi,LONG,SOXL,MOO_SELL,865761.015475417,18.650669847488405,169751.06300644204,
2023-11-08,longbyungi,LONG,SOXL,STOP_BUY,854369.9269974249,18.94936979504585,0.0,
2023-11-09,longbyungi,LONG,SOXL,MOO_SELL,854369.9269974249,19.03048091506958,57941.80689585395,
2023-11-09,longbyungi,LONG,SOXL,STOP_BUY,860666.6726645702,19.33526372972488,0.0,
2023-11-10,longbyungi,LONG,SOXL,MOO_SELL,860666.6726645702,19.050469466209414,-256675.99361745082,
2023-11-10,longbyungi,LONG,SOXL,STOP_BUY,802126.0198118454,19.355572407660482,0.0,
2023-11-13,longbyungi,LONG,SOXL,MOO_SELL,802126.0198118454,20.099945610046383,586004.2099148948,
2023-11-14,longbyungi,LONG,SOXL,STOP_BUY,758088.6008506397,21.84356655743122,0.0,
2023-11-15,longbyungi,LONG,SOXL,MOO_SELL,758088.6008506397,22.598695610046384,560662.8166378848,
2023-11-15,longbyungi,LONG,SOXL,STOP_BUY,772452.7796457355,22.960625194816583,0.0,
2023-11-16,longbyungi,LONG,SOXL,MOO_SELL,772452.7796457355,22.358815838813783,-477121.80473062024,
2023-11-16,longbyungi,LONG,SOXL,STOP_BUY,761871.1606257687,22.716903627247806,0.0,
2023-11-17,longbyungi,LONG,SOXL,MOO_SELL,761871.1606257687,22.458764313697813,-208715.21191564947,
2023-11-17,longbyungi,LONG,SOXL,STOP_BUY,743403.1043589442,22.81845282770633,0.0,
2023-11-20,longbyungi,LONG,SOXL,MOO_SELL,743403.1043589442,23.078455152511598,181344.5690452382,
2023-11-20,longbyungi,LONG,SOXL,STOP_BUY,757424.4792195294,23.448068329954143,0.0,
2023-11-21,longbyungi,LONG,SOXL,MOO_SELL,757424.4792195294,23.558214694976808,70966.25486114249,
2023-11-22,longbyungi,LONG,SOXL,STOP_BUY,780940.1535873933,23.590238760137552,0.0,
2023-11-24,longbyungi,LONG,SOXL,MOO_SELL,780940.1535873933,22.958514313697812,-506062.11285873875,
2023-11-27,longbyungi,LONG,SOXL,STOP_BUY,831824.1884825651,23.143416854724883,0.0,
2023-11-28,longbyungi,LONG,SOXL,MOO_SELL,831824.1884825651,22.48875,-557853.0042148829,
2023-11-28,longbyungi,LONG,SOXL,STOP_BUY,804195.5643691649,22.848918749999996,0.0,
2023-11-29,longbyungi,LONG,SOXL,MOO_SELL,804195.5643691649,23.44826908493042,468963.6832693517,
2023-11-29,longbyungi,LONG,SOXL,STOP_BUY,789895.1668580505,23.823805020275113,0.0,
2023-11-30,longbyungi,LONG,SOXL,MOO_SELL,789895.1668580505,23.438275762557986,-317593.92856824026,
2023-12-01,longbyungi,LONG,SOXL,STOP_BUY,800298.5693874353,22.727056997752186,0.0,
2023-12-04,longbyungi,LONG,SOXL,MOO_SELL,800298.5693874353,22.348820610046385,-315327.9960984178,
2023-12-05,longbyungi,LONG,SOXL,STOP_BUY,802897.4162936177,22.01620290990829,0.0,
2023-12-06,longbyungi,LONG,SOXL,MOO_SELL,802897.4162936177,22.8185849237442,631631.2384302206,
2023-12-07,longbyungi,LONG,SOXL,STOP_BUY,823329.3323898904,22.36147561486244,0.0,
2023-12-08,longbyungi,LONG,SOXL,MOO_SELL,823329.3323898904,22.9984952287674,511405.7653564662,
2023-12-08,longbyungi,LONG,SOXL,STOP_BUY,802578.689432765,23.36682780743122,0.0,
2023-12-11,longbyungi,LONG,SOXL,MOO_SELL,802578.689432765,24.377804389953617,797976.6721302904,
2023-12-11,longbyungi,LONG,SOXL,STOP_BUY,831991.6247447493,24.76822730518341,0.0,
2023-12-12,longbyungi,LONG,SOXL,MOO_SELL,831991.6247447493,25.737125000000002,791407.7567789555,
2023-12-12,longbyungi,LONG,SOXL,STOP_BUY,799324.1590394584,26.149318124999997,0.0,
2023-12-13,longbyungi,LONG,SOXL,MOO_SELL,799324.1590394584,26.686650762557985,414721.385401167,
2023-12-13,longbyungi,LONG,SOXL,STOP_BUY,821851.1486110941,27.11405102477073,0.0,
2023-12-14,longbyungi,LONG,SOXL,MOO_SELL,821851.1486110941,28.605690838813782,1209878.2276375033,
2023-12-14,longbyungi,LONG,SOXL,STOP_BUY,800133.9683911159,29.063825502247806,0.0,
2023-12-15,longbyungi,LONG,SOXL,MOO_SELL,800133.9683911159,30.44476908493042,1088274.6721569374,
2023-12-15,longbyungi,LONG,SOXL,STOP_BUY,768147.9306824977,30.93235752027511,0.0,
2023-12-18,longbyungi,LONG,SOXL,MOO_SELL,768147.9306824977,30.544719466209415,-314291.59039940685,
2023-12-19,longbyungi,LONG,SOXL,STOP_BUY,756780.8622515046,30.80034239752292,0.0,
2023-12-20,longbyungi,LONG,SOXL,MOO_SELL,756780.8622515046,30.184900762557984,-481907.81389039755,
2023-12-21,longbyungi,LONG,SOXL,STOP_BUY,694888.8849675145,30.211348124999994,0.0,
2023-12-22,longbyungi,LONG,SOXL,MOO_SELL,694888.8849675145,30.604690838813784,258538.34348586574,
2023-12-22,longbyungi,LONG,SOXL,STOP_BUY,683441.2739944059,31.094840502247806,0.0,
2023-12-26,longbyungi,LONG,SOXL,MOO_SELL,683441.2739944059,30.914535305023197,-138060.93207946047,
2023-12-26,longbyungi,LONG,SOXL,STOP_BUY,704738.6905427353,31.40964728490829,0.0,
2023-12-27,longbyungi,LONG,SOXL,MOO_SELL,704738.6905427353,32.543721372604374,783451.242892161,
2024-01-04,longbyungi,LONG,SOXL,STOP_BUY,836885.813192552,25.34706627027511,0.0,
2024-01-05,longbyungi,LONG,SOXL,MOO_SELL,836885.813192552,25.637174618721012,227853.76533935964,
2024-01-05,longbyungi,LONG,SOXL,STOP_BUY,816612.2848132051,26.04776698761463,0.0,
2024-01-08,longbyungi,LONG,SOXL,MOO_SELL,816612.2848132051,26.476754771232606,335304.43473445624,
2024-01-08,longbyungi,LONG,SOXL,STOP_BUY,848116.7513581441,26.900793442568776,0.0,
2024-01-09,longbyungi,LONG,SOXL,MOO_SELL,848116.7513581441,27.486250000000002,480391.2166397199,
2024-01-09,longbyungi,LONG,SOXL,STOP_BUY,849607.9107212634,27.926456249999998,0.0,
2024-01-10,longbyungi,LONG,SOXL,MOO_SELL,849607.9107212634,28.625679389953618,577249.0114311948,
2024-01-11,longbyungi,LONG,SOXL,STOP_BUY,871490.465483489,28.688086874999996,0.0,
2024-01-12,longbyungi,LONG,SOXL,MOO_SELL,871490.465483489,28.5657099237442,-124113.9945223555,
2024-01-16,longbyungi,LONG,SOXL,STOP_BUY,869796.7388731082,28.586535737614632,0.0,
2024-01-17,longbyungi,LONG,SOXL,MOO_SELL,869796.7388731082,28.355815838813783,-218014.31066684052,
2024-01-18,longbyungi,LONG,SOXL,STOP_BUY,678732.6439859323,31.19638970270633,0.0,
2024-01-19,longbyungi,LONG,SOXL,MOO_SELL,678732.6439859323,32.40378816986084,804392.1230464466,
2024-01-19,longbyungi,LONG,SOXL,STOP_BUY,693925.1113651713,32.922751290550224,0.0,
2024-01-22,longbyungi,LONG,SOXL,MOO_SELL,693925.1113651713,35.66216030502319,1884287.2280969806,
2024-01-22,longbyungi,LONG,SOXL,STOP_BUY,716775.8670967745,36.23330790990829,0.0,
2024-01-23,longbyungi,LONG,SOXL,MOO_SELL,716775.8670967745,35.21238454246521,-749696.9237936363,
2024-01-23,longbyungi,LONG,SOXL,STOP_BUY,712927.5824608478,35.77632876013755,0.0,
2024-01-24,longbyungi,LONG,SOXL,MOO_SELL,712927.5824608478,37.08144847488403,912276.031410519,
2024-01-24,longbyungi,LONG,SOXL,STOP_BUY,734661.759459388,37.67532670045851,0.0,
2024-01-25,longbyungi,LONG,SOXL,MOO_SELL,734661.759459388,39.480250000000005,1306168.9888245948,
2024-01-29,longbyungi,LONG,SOXL,STOP_BUY,787617.2865219347,34.760821260137554,0.0,
2024-01-30,longbyungi,LONG,SOXL,MOO_SELL,787617.2865219347,34.54272137260437,-190883.87547779083,
2024-01-30,longbyungi,LONG,SOXL,STOP_BUY,755796.8064808481,35.09594059458732,0.0,
2024-01-31,longbyungi,LONG,SOXL,MOO_SELL,755796.8064808481,31.9040400762558,-2430151.6483583823,
2024-01-31,longbyungi,LONG,SOXL,STOP_BUY,768568.0989216978,32.41499947747707,0.0,
2024-02-01,longbyungi,LONG,SOXL,MOO_SELL,768568.0989216978,32.26385877990723,-133560.45609690994,
2024-02-02,longbyungi,LONG,SOXL,STOP_BUY,723695.884237772,32.851666075458525,0.0,
2024-02-05,longbyungi,LONG,SOXL,MOO_SELL,723695.884237772,34.53272423744202,1199506.8409158029,
2024-02-05,longbyungi,LONG,SOXL,STOP_BUY,708692.5333287646,35.08578335022926,0.0,
2024-02-06,longbyungi,LONG,SOXL,MOO_SELL,708692.5333287646,35.352313932418824,171416.59973937646,
2024-02-07,longbyungi,LONG,SOXL,STOP_BUY,758463.7118950231,34.974076905412666,0.0,
2024-02-08,longbyungi,LONG,SOXL,MOO_SELL,758463.7118950231,35.722131677627566,548605.2211623192,
2024-02-08,longbyungi,LONG,SOXL,STOP_BUY,758110.3612982064,36.294239754495614,0.0,
2024-02-09,longbyungi,LONG,SOXL,MOO_SELL,758110.3612982064,37.84107061004639,1152997.537344914,
2024-02-09,longbyungi,LONG,SOXL,STOP_BUY,746024.5852678792,38.44711456981658,0.0,
2024-02-12,longbyungi,LONG,SOXL,MOO_SELL,746024.5852678792,39.390294847488406,683311.6581053622,
2024-02-12,longbyungi,LONG,SOXL,STOP_BUY,724763.6079335515,40.02115042004585,0.0,
2024-02-13,longbyungi,LONG,SOXL,MOO_SELL,724763.6079335515,35.69214408493042,-3156712.234378349,
2024-02-14,longbyungi,LONG,SOXL,STOP_BUY,549246.1029756139,38.7314554301834,0.0,
2024-02-15,longbyungi,LONG,SOXL,MOO_SELL,549246.1029756139,39.980000000000004,670627.0533090346,
2024-02-16,longbyungi,LONG,SOXL,STOP_BUY,609059.2947857899,40.45781895495414,0.0,
2024-02-20,longbyungi,LONG,SOXL,MOO_SELL,609059.2947857899,37.22138167762756,-1987741.139451854,
2024-02-21,longbyungi,LONG,SOXL,STOP_BUY,584546.2821613961,35.654468944816585,0.0,
2024-02-22,longbyungi,LONG,SOXL,MOO_SELL,584546.2821613961,40.42977576255799,2775821.6796595417,
2024-02-22,longbyungi,LONG,SOXL,STOP_BUY,562867.3062099764,41.077279149770725,0.0,
2024-02-23,longbyungi,LONG,SOXL,MOO_SELL,562867.3062099764,42.118929389953614,569920.9156790487,
2024-02-28,longbyungi,LONG,SOXL,STOP_BUY,667018.2259024696,40.356269754495614,0.0,
2024-02-29,longbyungi,LONG,SOXL,MOO_SELL,667018.2259024696,41.18939408493042,536671.7574343309,
2024-02-29,longbyungi,LONG,SOXL,STOP_BUY,635285.1915668922,41.84906314527511,0.0,
2024-03-01,longbyungi,LONG,SOXL,MOO_SELL,635285.1915668922,44.37780152511597,1587297.5184756294,
2024-03-01,longbyungi,LONG,SOXL,STOP_BUY,640518.2765533509,45.088534549541464,0.0,
2024-03-04,longbyungi,LONG,SOXL,MOO_SELL,640518.2765533509,49.975,3108558.952805735,
2024-03-04,longbyungi,LONG,SOXL,STOP_BUY,637380.6015132988,50.77537499999999,0.0,
2024-03-05,longbyungi,LONG,SOXL,MOO_SELL,637380.6015132988,47.98599332237244,-1799929.7746580802,
2024-03-05,longbyungi,LONG,SOXL,STOP_BUY,612272.2337702013,48.75451337050438,0.0,
2024-03-06,longbyungi,LONG,SOXL,MOO_SELL,612272.2337702013,49.745115457534794,585410.1468847096,
2024-03-06,longbyungi,LONG,SOXL,STOP_BUY,560609.6661533464,50.54180873986243,0.0,
2024-03-07,longbyungi,LONG,SOXL,MOO_SELL,560609.6661533464,52.12392652511597,866806.1321559548,
2024-03-07,longbyungi,LONG,SOXL,STOP_BUY,547089.7011803365,52.95871767454147,0.0,
2024-03-08,longbyungi,LONG,SOXL,MOO_SELL,547089.7011803365,55.91202862739563,1594879.2842680365,
2024-03-08,longbyungi,LONG,SOXL,STOP,535465.9878924864,52.23675765842816,-2467907.0406411625,
2024-03-11,longbyungi,LONG,SOXL,STOP_BUY,583011.1395066717,47.66792065541266,0.0,
2024-03-12,longbyungi,LONG,SOXL,MOO_SELL,583011.1395066717,48.415778627395625,416403.2749825269,
2024-03-12,longbyungi,LONG,SOXL,STOP_BUY,553811.9703406562,49.19118190541266,0.0,
2024-03-13,longbyungi,LONG,SOXL,MOO_SELL,553811.9703406562,47.87605152511597,-747149.8956975564,
2024-03-14,longbyungi,LONG,SOXL,STOP,638522.8225446502,42.487889378025,-2393658.976730179,
2024-03-15,longbyungi,LONG,SOXL,STOP_BUY,616546.5150563283,42.45836996958732,0.0,
2024-03-18,longbyungi,LONG,SOXL,MOO_SELL,616546.5150563283,44.67765076255799,1349486.6453661136,
2024-03-19,longbyungi,LONG,SOXL,STOP_BUY,663624.4405513634,41.34130939527511,0.0,
2024-03-20,longbyungi,LONG,SOXL,MOO_SELL,663624.4405513634,41.5692051525116,131979.6890586838,
2024-03-20,longbyungi,LONG,SOXL,STOP_BUY,676266.8469201477,42.234957079954135,0.0,
2024-03-21,longbyungi,LONG,SOXL,MOO_SELL,676266.8469201477,47.596188932418826,3604360.921420008,
2024-03-21,longbyungi,LONG,SOXL,STOP_BUY,694527.9432841378,48.35846606532096,0.0,
2024-03-22,longbyungi,LONG,SOXL,MOO_SELL,694527.9432841378,45.6571603050232,-1898986.1017480455,
2024-03-22,longbyungi,LONG,SOXL,STOP_BUY,692740.3739170968,46.38838290990829,0.0,
2024-03-25,longbyungi,LONG,SOXL,MOO_SELL,692740.3739170968,44.47775,-1345603.8800391257,
2024-03-25,longbyungi,LONG,SOXL,STOP_BUY,676136.5556782082,45.19008374999999,0.0,
2024-03-26,longbyungi,LONG,SOXL,MOO_SELL,676136.5556782082,46.79658969497681,1064448.9529202022,
2024-03-28,longbyungi,LONG,SOXL,STOP_BUY,685190.230328136,47.02815371958732,0.0,
2024-04-01,longbyungi,LONG,SOXL,MOO_SELL,685190.230328136,46.70663454246521,-242780.95543287322,
2024-04-01,longbyungi,LONG,SOXL,STOP_BUY,662310.2332300635,47.45466501013755,0.0,
2024-04-02,longbyungi,LONG,SOXL,MOO_SELL,662310.2332300635,45.80708683013916,-1112826.7630739696,
2024-04-03,longbyungi,LONG,SOXL,STOP_BUY,601954.6497752412,44.97682810472488,0.0,
2024-04-04,longbyungi,LONG,SOXL,MOO_SELL,601954.6497752412,48.105936067581176,1863970.026942473,
2024-04-05,longbyungi,LONG,SOXL,STOP_BUY,589461.065051408,43.36217102477073,0.0,
2024-04-08,longbyungi,LONG,SOXL,MOO_SELL,589461.065051408,44.47775,639467.9961971529,
2024-04-08,longbyungi,LONG,SOXL,STOP_BUY,587498.2791848686,45.19008374999999,0.0,
2024-04-09,longbyungi,LONG,SOXL,MOO_SELL,587498.2791848686,45.34731393241883,73755.7637378797,
2024-04-11,longbyungi,LONG,SOXL,STOP_BUY,608084.8678596551,44.38783189527511,0.0,
2024-04-12,longbyungi,LONG,SOXL,MOO_SELL,608084.8678596551,43.29833969497681,-681165.9425751194,
2024-04-16,yangbyungi,LONG,SOXL,STOP_BUY,377208.83724507474,40.366423125,0.0,
2024-04-17,yangbyungi,LONG,SOXL,MOO_SELL,377208.83724507474,40.579698474884026,69762.58939992264,
2024-04-17,yangbyungi,SHORT,SOXS,STOP_BUY,79.81727358078568,114155.4492,0.0,
2024-04-18,yangbyungi,SHORT,SOXS,MOO_SELL,79.81727358078568,120029.955,462344.82242402993,
2024-04-18,yangbyungi,LONG,SOXL,STOP_BUY,446047.06314578955,36.59889122972488,0.0,
2024-04-18,yangbyungi,LONG,SOXL,LOC_SELL,111511.76578644739,34.8925448474884,-193067.94582295883,loser
2024-04-19,yangbyungi,LONG,SOXL,MOO_SELL,334535.29735934216,33.94301908493042,-896742.543337401,
2024-04-19,yangbyungi,LONG,SOXL,STOP_BUY,464147.45091076934,34.486633770275105,0.0,
2024-04-19,yangbyungi,LONG,SOXL,LOC_SELL,116036.86272769234,30.774605915069582,-433382.5150046367,loser
2024-04-19,yangbyungi,SHORT,SOXS,STOP_BUY,67.85253052722291,134803.9683,0.0,
2024-04-22,yangbyungi,LONG,SOXL,MOO_SELL,348110.588183077,31.5642099237442,-1025374.2334530335,
2024-04-22,yangbyungi,SHORT,SOXS,MOO_SELL,67.85253052722291,134392.77000000002,-34293.83316965774,
2024-04-22,yangbyungi,LONG,SOXL,STOP_BUY,393679.1148317557,32.06972677252292,0.0,
2024-04-23,yangbyungi,LONG,SOXL,MOO_SELL,393679.1148317557,32.80358969497681,279967.7612883989,
2024-04-23,yangbyungi,LONG,SOXL,STOP_BUY,421954.2185786906,33.328955840091695,0.0,
2024-04-24,yangbyungi,LONG,SOXL,MOO_SELL,421954.2185786906,36.891544847488404,1492879.0179595705,
2024-04-24,yangbyungi,LONG,SOXL,STOP_BUY,423359.5997744676,37.48238167004585,0.0,
2024-04-24,yangbyungi,LONG,SOXL,LOC_SELL,105839.8999436169,35.47225667762756,-215453.95713981427,loser
2024-04-25,yangbyungi,LONG,SOXL,MOO_SELL,317519.6998308507,35.26235877990723,-712985.2625476103,
2024-04-25,longbyungi,LONG,SOXL,STOP_BUY,705791.0119908518,35.82710336036682,0.0,
2024-04-26,longbyungi,LONG,SOXL,MOO_SELL,705791.0119908518,37.30133969497681,1022438.0652778,
2024-04-26,longbyungi,LONG,SOXL,STOP_BUY,714312.3603447957,37.8987395900917,0.0,
2024-04-29,longbyungi,LONG,SOXL,MOO_SELL,714312.3603447957,39.58019847488403,1181716.4077245668,
2024-04-29,longbyungi,LONG,SOXL,STOP_BUY,711867.0928498928,40.214095450458515,0.0,
2024-04-30,longbyungi,LONG,SOXL,MOO_SELL,711867.0928498928,40.059961830139166,-129723.21313282475,
2024-04-30,longbyungi,LONG,SOXL,STOP_BUY,717995.3917168203,40.70154245944976,0.0,
2024-05-01,longbyungi,LONG,SOXL,MOO_SELL,717995.3917168203,36.06196183013916,-3350488.056159824,
2024-05-02,longbyungi,LONG,SOXL,STOP_BUY,690919.4008731326,36.53795938513755,0.0,
2024-05-03,longbyungi,LONG,SOXL,MOO_SELL,690919.4008731326,38.730625,1496753.6291061044,
2024-05-03,longbyungi,LONG,SOXL,STOP_BUY,703638.7325962555,39.35091562499999,0.0,
2024-05-06,longbyungi,LONG,SOXL,MOO_SELL,703638.7325962555,39.95001622009278,402020.6609167382,
2024-05-06,longbyungi,LONG,SOXL,STOP_BUY,751144.922957456,40.58983601463317,0.0,
2024-05-07,longbyungi,LONG,SOXL,MOO_SELL,751144.922957456,41.509233779907234,669017.0587545447,
2024-05-08,longbyungi,LONG,SOXL,STOP_BUY,799043.3150140948,39.66572434458732,0.0,
2024-05-09,longbyungi,LONG,SOXL,MOO_SELL,799043.3150140948,40.37980152511597,548192.6526854895,
2024-05-10,longbyungi,LONG,SOXL,STOP_BUY,803135.7119433108,41.788135174541466,0.0,
2024-05-13,longbyungi,LONG,SOXL,MOO_SELL,803135.7119433108,41.57919847488403,-191238.87403263524,
2024-05-14,longbyungi,LONG,SOXL,STOP_BUY,744816.8793630851,41.81859915990829,0.0,
2024-05-15,longbyungi,LONG,SOXL,MOO_SELL,744816.8793630851,44.64766316986084,2084594.091323752,
2024-05-15,longbyungi,LONG,SOXL,STOP_BUY,736912.1300566309,45.36271816555022,0.0,
2024-05-16,longbyungi,LONG,SOXL,MOO_SELL,736912.1300566309,46.936519084930424,1135947.2381518483,
2024-05-16,longbyungi,LONG,SOXL,STOP_BUY,778542.2038027513,47.68823127027511,0.0,
2024-05-17,longbyungi,LONG,SOXL,MOO_SELL,778542.2038027513,46.99649045753479,-564350.0349832997,
2024-05-20,longbyungi,LONG,SOXL,STOP_BUY,813224.9032390747,46.672723770275105,0.0,
2024-05-21,longbyungi,LONG,SOXL,MOO_SELL,813224.9032390747,46.52672423744202,-145257.69519194216,
2024-05-21,longbyungi,LONG,SOXL,STOP_BUY,789971.290636775,47.27187335022926,0.0,
2024-05-22,longbyungi,LONG,SOXL,MOO_SELL,789971.290636775,49.225375,1516529.6999927163,
2024-05-22,longbyungi,LONG,SOXL,STOP_BUY,786308.1237157857,50.013744374999995,0.0,
2024-05-23,longbyungi,LONG,SOXL,MOO_SELL,786308.1237157857,53.12342652511597,2416784.1784426197,
2024-05-24,longbyungi,LONG,SOXL,STOP_BUY,772215.1946314027,50.795685614862435,0.0,
2024-05-28,longbyungi,LONG,SOXL,MOO_SELL,772215.1946314027,53.3133301525116,1916025.269297637,
2024-05-28,longbyungi,LONG,SOXL,STOP_BUY,805977.2520760417,54.16717020495414,0.0,
2024-05-29,longbyungi,LONG,SOXL,MOO_SELL,805977.2520760417,51.12442652511597,-2482084.1109774336,
2024-06-05,longbyungi,LONG,SOXL,STOP_BUY,739024.7140052827,50.80583898536682,0.0,
2024-06-06,longbyungi,LONG,SOXL,MOO_SELL,739024.7140052827,53.76310591506958,2158445.684851259,
2024-06-10,longbyungi,LONG,SOXL,STOP_BUY,829453.6951249521,51.303439364862435,0.0,
2024-06-11,longbyungi,LONG,SOXL,MOO_SELL,829453.6951249521,53.35331106758118,1669890.883424051,
2024-06-11,longbyungi,LONG,SOXL,STOP_BUY,781977.688145931,54.207791434679024,0.0,
2024-06-12,longbyungi,LONG,SOXL,MOO_SELL,781977.688145931,57.221375,2326057.8167580515,
2024-06-12,longbyungi,LONG,SOXL,STOP_BUY,760225.6473321345,58.13780437499999,0.0,
2024-06-13,longbyungi,LONG,SOXL,MOO_SELL,760225.6473321345,60.03996469497681,1414626.4407368526,
2024-06-13,longbyungi,LONG,SOXL,STOP_BUY,796385.3389352219,61.00153521509169,0.0,
2024-06-14,longbyungi,LONG,SOXL,MOO_SELL,796385.3389352219,58.920525762557986,-1690711.8780955821,
2024-06-14,longbyungi,LONG,SOXL,STOP_BUY,785988.4338023299,59.86416789977073,0.0,
2024-06-17,longbyungi,LONG,SOXL,MOO_SELL,785988.4338023299,60.969500000000004,835537.393406555,
2024-06-17,longbyungi,LONG,SOXL,STOP_BUY,732755.9572705653,61.94595749999999,0.0,
2024-06-18,longbyungi,LONG,SOXL,MOO_SELL,732755.9572705653,63.38828816986084,1024732.5953869745,
2024-06-18,longbyungi,LONG,SOXL,STOP_BUY,714790.1625883321,64.40348379055023,0.0,
2024-06-20,longbyungi,LONG,SOXL,MOO_SELL,714790.1625883321,65.48723664474488,742160.2656428441,
2024-06-21,longbyungi,LONG,SOXL,STOP_BUY,756298.6043614877,59.32594629055023,0.0,
2024-06-24,longbyungi,LONG,SOXL,MOO_SELL,756298.6043614877,56.421775762557985,-2227059.061374679,
2024-06-24,longbyungi,LONG,SOXL,STOP_BUY,752130.2601429101,57.32539914977073,0.0,
2024-06-25,longbyungi,LONG,SOXL,MOO_SELL,752130.2601429101,54.20288454246521,-2377897.0528520867,
2024-06-25,longbyungi,LONG,SOXL,STOP_BUY,736427.6453310419,55.07097126013755,0.0,
2024-06-26,longbyungi,LONG,SOXL,MOO_SELL,736427.6453310419,55.13241984748841,16847.5501543954,
2024-06-26,longbyungi,LONG,SOXL,STOP_BUY,751922.137647718,56.015393545045846,0.0,
2024-06-27,longbyungi,LONG,SOXL,MOO_SELL,751922.137647718,54.302836830139164,-1316742.0577774048,
2024-06-27,longbyungi,LONG,SOXL,STOP_BUY,758237.7605359633,55.172524334449754,0.0,
2024-06-28,longbyungi,LONG,SOXL,MOO_SELL,758237.7605359633,54.84256393241883,-279384.59425489604,
2024-06-28,longbyungi,LONG,SOXL,STOP_BUY,764876.4483048816,55.72089544032096,0.0,
2024-07-01,longbyungi,LONG,SOXL,MOO_SELL,764876.4483048816,55.33232061004639,-326941.43239399046,
2024-07-02,longbyungi,LONG,SOXL,STOP_BUY,767502.1031831973,55.20298831981658,0.0,
2024-07-03,longbyungi,LONG,SOXL,MOO_SELL,767502.1031831973,58.07094847488403,2170737.1562058404,
2024-07-03,longbyungi,LONG,SOXL,STOP_BUY,766125.1535744118,59.00098420045851,0.0,
2024-07-05,longbyungi,LONG,SOXL,MOO_SELL,766125.1535744118,61.829070610046394,2134268.3043628857,
2024-07-08,longbyungi,LONG,SOXL,STOP_BUY,721603.1582509998,63.22549524550437,0.0,
2024-07-09,longbyungi,LONG,SOXL,MOO_SELL,721603.1582509998,65.09743225479126,1318386.277532272,
2024-07-09,longbyungi,LONG,SOXL,STOP_BUY,715269.5469282987,66.14000068582533,0.0,
2024-07-10,longbyungi,LONG,SOXL,MOO_SELL,715269.5469282987,65.85705438995362,-235427.58467618376,
2024-07-10,longbyungi,LONG,SOXL,STOP_BUY,695733.1732332619,66.9117885551834,0.0,
2024-07-11,longbyungi,LONG,SOXL,MOO_SELL,695733.1732332619,69.97499713516235,2097842.9884003922,
2024-07-12,longbyungi,LONG,SOXL,STOP_BUY,736873.9690486239,63.81449145495414,0.0,
2024-07-15,longbyungi,LONG,SOXL,MOO_SELL,736873.9690486239,64.90753244018555,772235.2810922265,
2024-07-15,longbyungi,LONG,SOXL,STOP_BUY,750643.2287856445,65.94705952926634,0.0,
2024-07-16,longbyungi,LONG,SOXL,MOO_SELL,750643.2287856445,64.98748664474488,-754696.6839672253,
2024-07-22,yangbyungi,LONG,SOXL,STOP_BUY,506671.16293777374,50.82614960022926,0.0,
2024-07-23,yangbyungi,LONG,SOXL,MOO_SELL,506671.16293777374,50.47475,-196008.22971650586,
2024-07-23,longbyungi,LONG,SOXL,STOP_BUY,791753.142742731,51.28312874999999,0.0,
2024-07-24,longbyungi,LONG,SOXL,MOO_SELL,791753.142742731,48.405785305023194,-2305770.869160466,
2024-07-24,yangbyungi,SHORT,SOXS,STOP_BUY,209.26491896283554,75021.8922,0.0,
2024-07-25,yangbyungi,SHORT,SOXS,MOO_SELL,209.26491896283554,80929.515,1224835.9009985551,
2024-07-25,yangbyungi,LONG,SOXL,STOP_BUY,545336.5804706331,42.15371462050437,0.0,
2024-07-25,yangbyungi,LONG,SOXL,LOC_SELL,136334.14511765828,39.760108779907235,-330238.8839067593,loser
2024-07-25,yangbyungi,SHORT,SOXS,STOP_BUY,152.9731942788483,85871.11409999999,0.0,
2024-07-25,yangbyungi,SHORT,SOXS,LOC_SELL,38.243298569712074,83838.06,-80022.27846997138,loser
2024-07-26,yangbyungi,LONG,SOXL,MOO_SELL,409002.4353529748,42.218881677627564,14575.47599112615,
2024-07-26,yangbyungi,SHORT,SOXS,MOO_SELL,114.72989570913623,78530.71500000001,-848764.8548538983,
2024-07-26,yangbyungi,LONG,SOXL,STOP_BUY,510522.2371037669,42.89503850449561,0.0,
2024-07-26,yangbyungi,LONG,SOXL,LOC_SELL,127630.55927594172,41.899038169860845,-130907.89014869276,loser
2024-07-29,yangbyungi,LONG,SOXL,MOO_SELL,382891.6778278252,43.348313932418826,161997.7374450229,
2024-07-29,yangbyungi,LONG,SOXL,STOP_BUY,480325.3416898419,44.04255919032096,0.0,
2024-07-29,yangbyungi,LONG,SOXL,LOC_SELL,120081.33542246047,41.78909637260437,-274206.19741379935,loser
2024-07-30,yangbyungi,LONG,SOXL,MOO_SELL,360244.0062673814,42.35881106758118,-617454.1208000071,
2024-07-30,yangbyungi,SHORT,SOXS,STOP_BUY,164.71075578951204,82975.86720000001,0.0,
2024-07-31,yangbyungi,SHORT,SOXS,MOO_SELL,164.71075578951204,75981.99,-1161130.523590371,
2024-07-31,yangbyungi,LONG,SOXL,STOP_BUY,436840.9492097896,42.95596647522925,0.0,
2024-08-01,yangbyungi,LONG,SOXL,MOO_SELL,436840.9492097896,42.02897423744202,-417941.8848243952,
2024-08-06,yangbyungi,LONG,SOXL,STOP_BUY,244704.03541667195,29.043514887385363,0.0,
2024-08-06,yangbyungi,LONG,SOXL,LOC_SELL,61176.00885416799,28.5657099237442,-30463.706542771775,loser
2024-08-07,yangbyungi,LONG,SOXL,MOO_SELL,183528.02656250395,31.304339694976807,411048.2824102361,
2024-08-07,yangbyungi,LONG,SOXL,STOP_BUY,313617.3803844859,31.8056945900917,0.0,
2024-08-07,yangbyungi,LONG,SOXL,LOC_SELL,78404.34509612147,26.20688931369781,-440562.6145432808,loser
2024-08-08,yangbyungi,LONG,SOXL,MOO_SELL,235213.0352883644,28.555714694976807,-769406.8623584127,
2024-08-08,yangbyungi,LONG,SOXL,STOP_BUY,333094.63646714896,29.013048965091702,0.0,
2024-08-09,yangbyungi,LONG,SOXL,MOO_SELL,333094.63646714896,30.69464408493042,553169.4058188349,
2024-08-09,yangbyungi,LONG,SOXL,STOP_BUY,367239.85481426475,31.18623439527511,0.0,
2024-08-09,yangbyungi,LONG,SOXL,LOC_SELL,91809.96370356619,30.994495228767402,-19601.64960307069,loser
2024-08-12,yangbyungi,LONG,SOXL,MOO_SELL,275429.8911106986,31.094445610046385,-31285.26143998839,
2024-08-12,longbyungi,LONG,SOXL,STOP_BUY,845816.6424165935,31.592438944816582,0.0,
2024-08-13,longbyungi,LONG,SOXL,MOO_SELL,845816.6424165935,32.643669847488404,870132.403051231,
2024-08-13,longbyungi,LONG,SOXL,STOP_BUY,807644.6837239334,33.16647479504584,0.0,
2024-08-14,longbyungi,LONG,SOXL,MOO_SELL,807644.6837239334,36.1619103050232,2399650.1194910705,
2024-08-15,longbyungi,LONG,SOXL,STOP_BUY,950274.6969288546,37.929203575458516,0.0,
2024-08-16,longbyungi,LONG,SOXL,MOO_SELL,950274.6969288546,38.77060591506958,774053.2923927903,
2024-08-16,longbyungi,LONG,SOXL,STOP_BUY,988150.5458656715,39.391536854724876,0.0,
2024-08-19,longbyungi,LONG,SOXL,MOO_SELL,988150.5458656715,39.260358779907236,-156825.6559983194,
2024-08-19,longbyungi,LONG,SOXL,STOP_BUY,1000988.852031904,39.88913336036682,0.0,
2024-08-20,longbyungi,LONG,SOXL,MOO_SELL,1000988.852031904,41.02947423744202,1113118.9870239794,
2024-08-20,longbyungi,LONG,SOXL,STOP_BUY,989499.5743571977,41.68658210022926,0.0,
2024-08-21,longbyungi,LONG,SOXL,MOO_SELL,989499.5743571977,40.729625000000006,-975451.4240009785,
2024-08-21,longbyungi,LONG,SOXL,STOP_BUY,901771.0476472026,41.381930624999995,0.0,
2024-08-22,longbyungi,LONG,SOXL,MOO_SELL,901771.0476472026,42.488743322372436,971620.394729428,
2024-08-23,yangbyungi,LONG,SOXL,STOP_BUY,519475.1970213158,39.767273545045846,0.0,
2024-08-26,yangbyungi,LONG,SOXL,MOO_SELL,519475.1970213158,39.730125,-33751.672126900405,
2024-08-27,yangbyungi,LONG,SOXL,STOP_BUY,705920.7745345721,37.076177120504376,0.0,
2024-08-28,yangbyungi,LONG,SOXL,MOO_SELL,705920.7745345721,38.0709551525116,683667.7062081397,
2024-08-28,longbyungi,LONG,SOXL,STOP,1025472.5382578247,35.56843325037604,-3218173.5747345015,
2024-08-29,yangbyungi,LONG,SOXL,STOP_BUY,623373.7785983005,37.63470934458732,0.0,
2024-08-29,yangbyungi,LONG,SOXL,LOC_SELL,155843.44464957513,36.17190362739562,-231994.47870146204,loser
2024-08-30,yangbyungi,LONG,SOXL,MOO_SELL,467530.33394872537,38.66066030502319,467178.5552697405,
2024-09-04,yangbyungi,LONG,SOXL,STOP_BUY,565267.2694471306,29.5208027150917,0.0,
2024-09-05,yangbyungi,LONG,SOXL,MOO_SELL,565267.2694471306,29.035474237442017,-285925.2847196534,
2024-09-05,yangbyungi,LONG,SOXL,STOP_BUY,546465.3744576334,29.50049210022926,0.0,
2024-09-06,yangbyungi,LONG,SOXL,MOO_SELL,546465.3744576334,29.095445610046387,-232551.1097954251,
2024-09-06,yangbyungi,SHORT,SOXS,STOP_BUY,129.3139053539342,88607.2815,0.0,
2024-09-09,yangbyungi,SHORT,SOXS,MOO_SELL,129.3139053539342,88065.945,-77998.5436371956,
2024-09-09,yangbyungi,LONG,SOXL,STOP_BUY,460650.5954286419,27.60149415990829,0.0,
2024-09-09,yangbyungi,LONG,SOXL,LOC_SELL,115162.64885716047,27.416285305023194,-23546.739946466405,loser
2024-09-10,yangbyungi,LONG,SOXL,MOO_SELL,345487.9465714814,27.526230915069583,-32668.63149899058,
2024-09-10,yangbyungi,LONG,SOXL,STOP_BUY,522495.6467594772,27.967077479724882,0.0,
2024-09-11,yangbyungi,LONG,SOXL,MOO_SELL,522495.6467594772,28.875554389953617,464280.22108022496,
2024-09-11,yangbyungi,LONG,SOXL,STOP_BUY,512713.53559024795,29.33801105518341,0.0,
2024-09-11,yangbyungi,SHORT,SOXS,STOP_BUY,137.3868016934825,87589.17270000001,0.0,
2024-09-11,yangbyungi,SHORT,SOXS,LOC_SELL,34.34670042337063,72443.76000000001,-522118.76391427545,loser
2024-09-12,yangbyungi,LONG,SOXL,MOO_SELL,512713.53559024795,31.734125000000002,1217560.673542995,
2024-09-12,yangbyungi,SHORT,SOXS,MOO_SELL,103.04010127011188,73733.115,-1433547.5213141209,
2024-09-12,longbyungi,LONG,SOXL,STOP_BUY,990849.6736230409,32.242363125,0.0,
2024-09-13,longbyungi,LONG,SOXL,MOO_SELL,990849.6736230409,32.50374045753479,236531.8651734665,
2024-09-13,longbyungi,LONG,SOXL,STOP_BUY,1007558.4686283077,33.02430436486244,0.0,
2024-09-16,longbyungi,LONG,SOXL,MOO_SELL,1007558.4686283077,32.01398377990723,-1040892.5187029988,
2024-09-16,longbyungi,LONG,SOXL,STOP_BUY,1031295.7683017608,32.52670398536682,0.0,
2024-09-17,longbyungi,LONG,SOXL,MOO_SELL,1031295.7683017608,33.293346372604375,766877.0709675923,
2024-09-18,longbyungi,LONG,SOXL,STOP_BUY,970413.3038014651,33.04461497972488,0.0,
2024-09-19,longbyungi,LONG,SOXL,MOO_SELL,970413.3038014651,34.662660305023195,1547176.2955780923,
2024-09-19,longbyungi,LONG,SOXL,STOP_BUY,908473.1098427832,35.217800409908286,0.0,
2024-09-20,longbyungi,LONG,SOXL,MOO_SELL,908473.1098427832,34.03297423744202,-1098402.0808345638,
2024-09-24,longbyungi,LONG,SOXL,STOP_BUY,1014033.3543397685,35.38028145495414,0.0,
2024-09-25,longbyungi,LONG,SOXL,MOO_SELL,1014033.3543397685,34.69264408493042,-722156.928201288,
2024-09-25,longbyungi,LONG,SOXL,STOP_BUY,1034929.9562098,35.248264395275115,0.0,
2024-09-26,longbyungi,LONG,SOXL,MOO_SELL,1034929.9562098,40.179900762557985,5076576.205952391,
2024-09-30,longbyungi,LONG,SOXL,STOP_BUY,996769.2059288751,36.812146874999996,0.0,
2024-10-01,longbyungi,LONG,SOXL,MOO_SELL,996769.2059288751,36.5717051525116,-265266.272166647,
2024-10-02,longbyungi,LONG,SOXL,STOP_BUY,935162.6211243208,34.37492732545852,0.0,
2024-10-03,longbyungi,LONG,SOXL,MOO_SELL,935162.6211243208,34.05296469497681,-323484.33982630447,
2024-10-03,longbyungi,LONG,SOXL,STOP_BUY,940887.3525424696,34.5983402150917,0.0,
2024-10-04,longbyungi,LONG,SOXL,MOO_SELL,940887.3525424696,37.29134637260437,2510141.400011655,
2024-10-07,longbyungi,LONG,SOXL,STOP_BUY,920998.5859651803,36.47702754055023,0.0,
2024-10-08,longbyungi,LONG,SOXL,MOO_SELL,920998.5859651803,36.40178816986084,-92787.80418948084,
2024-10-08,longbyungi,LONG,SOXL,STOP_BUY,769407.8397508413,36.98478129055023,0.0,
2024-10-09,longbyungi,LONG,SOXL,MOO_SELL,769407.8397508413,37.271355915069584,200496.12383837625,
2024-10-09,longbyungi,LONG,SOXL,STOP_BUY,797222.1509339674,37.86827560472487,0.0,
2024-10-10,longbyungi,LONG,SOXL,MOO_SELL,797222.1509339674,37.08144847488403,-648189.0699498467,
2024-10-10,longbyungi,LONG,SOXL,STOP_BUY,812922.814918319,37.67532670045851,0.0,
2024-10-11,longbyungi,LONG,SOXL,MOO_SELL,812922.814918319,36.91153530502319,-642125.12782377,
2024-10-11,longbyungi,LONG,SOXL,STOP_BUY,804120.2470424098,37.50269228490829,0.0,
2024-10-14,longbyungi,LONG,SOXL,MOO_SELL,804120.2470424098,39.420278627395625,1520320.642015431,
2024-10-14,longbyungi,LONG,SOXL,STOP_BUY,792497.3020966379,40.051614405412664,0.0,
2024-10-15,longbyungi,LONG,SOXL,MOO_SELL,792497.3020966379,40.469756677627565,309042.0833523162,
2024-10-15,longbyungi,LONG,SOXL,STOP,806303.2024673976,37.8095541149614,-2689803.9987275116,
2024-10-21,longbyungi,LONG,SOXL,STOP_BUY,973273.5412577842,35.38028145495414,0.0,
2024-10-22,longbyungi,LONG,SOXL,MOO_SELL,973273.5412577842,34.382801525115966,-994585.3206345327,
2024-10-22,longbyungi,LONG,SOXL,STOP_BUY,948886.3998696263,34.93345954954147,0.0,
2024-10-23,longbyungi,LONG,SOXL,MOO_SELL,948886.3998696263,34.3927948474884,-536053.3416506536,
2024-10-25,longbyungi,LONG,SOXL,STOP_BUY,883636.4369901372,35.73570753041267,0.0,
2024-10-28,longbyungi,LONG,SOXL,MOO_SELL,883636.4369901372,35.28234923744202,-422567.8566060215,
2024-10-28,longbyungi,LONG,SOXL,STOP_BUY,819765.8304467367,35.84741397522926,0.0,
2024-10-29,longbyungi,LONG,SOXL,MOO_SELL,819765.8304467367,35.44226908493042,-352578.233629711,
2024-10-29,longbyungi,LONG,SOXL,STOP_BUY,831979.238773587,36.00989502027511,0.0,
2024-10-30,longbyungi,LONG,SOXL,MOO_SELL,831979.238773587,34.952516220092775,-900380.9477808848,
2024-11-01,yangbyungi,LONG,SOXL,STOP_BUY,564805.059359349,31.16592571733951,0.0,
2024-11-01,yangbyungi,LONG,SOXL,LOC_SELL,141201.26483983724,30.8145849237442,-52672.86871976871,loser
2024-11-04,yangbyungi,LONG,SOXL,MOO_SELL,423603.79451951175,30.594695610046386,-251131.95273431018,
2024-11-04,yangbyungi,LONG,SOXL,STOP_BUY,510564.2908258553,31.08468519481658,0.0,
2024-11-04,yangbyungi,LONG,SOXL,LOC_SELL,127641.07270646382,30.334825381278993,-98456.7892546705,loser
2024-11-05,yangbyungi,LONG,SOXL,MOO_SELL,382923.2181193915,30.344820610046384,-291544.302190369,
2024-11-05,yangbyungi,LONG,SOXL,STOP_BUY,508284.3214411663,30.83080831981658,0.0,
2024-11-06,yangbyungi,LONG,SOXL,MOO_SELL,508284.3214411663,33.233375,1209789.9877726007,
2024-11-06,yangbyungi,LONG,SOXL,STOP_BUY,510440.24272201175,33.765624374999994,0.0,
2024-11-07,yangbyungi,LONG,SOXL,MOO_SELL,510440.24272201175,35.75211545753479,1001565.3621364124,
2024-11-07,longbyungi,LONG,SOXL,STOP_BUY,1016240.6386136212,36.324703739862436,0.0,
2024-11-08,longbyungi,LONG,SOXL,MOO_SELL,1016240.6386136212,35.542221372604374,-820752.3120612577,
2024-11-08,longbyungi,LONG,SOXL,STOP_BUY,1076265.4091525192,36.11144809458732,0.0,
2024-11-11,longbyungi,LONG,SOXL,MOO_SELL,1076265.4091525192,34.33282347488404,-1940808.0105208084,
2024-11-18,yangbyungi,LONG,SOXL,STOP_BUY,778035.4021252603,27.11405102477073,0.0,
2024-11-19,yangbyungi,LONG,SOXL,MOO_SELL,778035.4021252603,27.35631583881378,173657.64618946984,
2024-11-19,yangbyungi,LONG,SOXL,STOP_BUY,789156.6742210456,27.794441127247804,0.0,
2024-11-20,yangbyungi,LONG,SOXL,MOO_SELL,789156.6742210456,27.3263301525116,-384637.5235794708,
2024-11-21,yangbyungi,LONG,SOXL,STOP_BUY,693462.1707382534,28.484984600229257,0.0,
2024-11-21,yangbyungi,SHORT,SOXS,STOP_BUY,174.13020447122474,75626.3943,0.0,
2024-11-21,yangbyungi,SHORT,SOXS,LOC_SELL,43.532551117806186,70254.85500000001,-236059.5131883528,loser
2024-11-22,yangbyungi,LONG,SOXL,MOO_SELL,693462.1707382534,28.235875,-186514.9037752971,
2024-11-22,yangbyungi,SHORT,SOXS,MOO_SELL,130.59765335341856,70914.52500000001,-622057.3385513052,
2024-11-22,longbyungi,LONG,SOXL,STOP_BUY,1141422.486243467,28.688086874999996,0.0,
2024-11-25,longbyungi,LONG,SOXL,MOO_SELL,1141422.486243467,29.5652099237442,977895.9030366875,
2024-11-25,longbyungi,LONG,SOXL,STOP_BUY,1232317.6745726943,30.03871177252292,0.0,
2024-11-26,longbyungi,LONG,SOXL,MOO_SELL,1232317.6745726943,30.02498091506958,-42826.92086144537,
2024-11-29,longbyungi,LONG,SOXL,STOP_BUY,1428793.3335776886,27.977230850229258,0.0,
2024-12-02,longbyungi,LONG,SOXL,MOO_SELL,1428793.3335776886,28.545719466209412,783986.879615061,
2024-12-02,longbyungi,LONG,SOXL,STOP_BUY,1462457.6566762752,29.00289365766048,0.0,
2024-12-03,longbyungi,LONG,SOXL,MOO_SELL,1462457.6566762752,29.5652099237442,792385.0487758741,
2024-12-03,longbyungi,LONG,SOXL,STOP_BUY,1453743.177299838,30.03871177252292,0.0,
2024-12-04,longbyungi,LONG,SOXL,MOO_SELL,1453743.177299838,31.52423091506958,2128239.4704582095,
2024-12-06,longbyungi,LONG,SOXL,STOP_BUY,1514495.4999060922,29.652819774770734,0.0,
2024-12-09,longbyungi,LONG,SOXL,MOO_SELL,1514495.4999060922,29.05546469497681,-935811.2816167697,
2024-12-09,longbyungi,LONG,SOXL,STOP_BUY,1583218.8480476306,29.5208027150917,0.0,
2024-12-10,longbyungi,LONG,SOXL,MOO_SELL,1583218.8480476306,29.415285305023193,-199715.20630191267,
2024-12-11,yangbyungi,LONG,SOXL,STOP_BUY,1020012.1376512941,28.76932739752292,0.0,
2024-12-12,yangbyungi,LONG,SOXL,MOO_SELL,1020012.1376512941,28.435775762557984,-360649.181043271,
2024-12-13,longbyungi,LONG,SOXL,STOP_BUY,1374591.9599860248,30.840963627247806,0.0,
2024-12-16,longbyungi,LONG,SOXL,MOO_SELL,1374591.9599860248,31.104440838813783,332371.2774301395,
2024-12-16,longbyungi,LONG,SOXL,STOP_BUY,1361284.577591518,31.602594252247805,0.0,
2024-12-17,longbyungi,LONG,SOXL,MOO_SELL,1361284.577591518,31.5642099237442,-82347.79313234985,
2024-12-17,longbyungi,LONG,SOXL,STOP_BUY,1258999.629661874,32.06972677252292,0.0,
2024-12-18,longbyungi,LONG,SOXL,MOO_SELL,1258999.629661874,31.764110686302185,-412898.91157280654,
2024-12-18,longbyungi,LONG,SOXL,STOP,1148382.9373880883,29.676157222148415,-3006873.023580298,
2024-12-20,yangbyungi,LONG,SOXL,STOP_BUY,611839.3624229109,26.2204033400917,0.0,
2024-12-23,yangbyungi,LONG,SOXL,MOO_SELL,611839.3624229109,27.87605438995362,1001408.0629699286,
2024-12-23,yangbyungi,LONG,SOXL,STOP_BUY,759376.9740112919,28.32250355518341,0.0,
2024-12-24,yangbyungi,LONG,SOXL,MOO_SELL,759376.9740112919,30.2448702287674,1444234.8372484185,
2024-12-26,longbyungi,LONG,SOXL,STOP_BUY,1341907.5670189406,30.363673862614633,0.0,
2024-12-27,longbyungi,LONG,SOXL,MOO_SELL,1341907.5670189406,29.96500954246521,-563305.0987783149,
2024-12-30,longbyungi,LONG,SOXL,STOP_BUY,1256364.2628784808,28.677931567568773,0.0,
2024-12-31,longbyungi,LONG,SOXL,MOO_SELL,1256364.2628784808,28.185900762557985,-643174.510027349,
2025-01-02,yangbyungi,LONG,SOXL,STOP_BUY,800754.9195025262,28.566225122752186,0.0,
2025-01-02,yangbyungi,LONG,SOXL,LOC_SELL,200188.72987563154,27.6561650762558,-186123.04592824914,loser
2025-01-03,yangbyungi,LONG,SOXL,MOO_SELL,600566.1896268947,28.305839694976807,-168333.0879357569,
2025-01-03,yangbyungi,LONG,SOXL,STOP_BUY,763881.4687047871,28.759172090091703,0.0,
2025-01-06,yangbyungi,LONG,SOXL,MOO_SELL,763881.4687047871,31.794094466209412,2302131.5307066515,
2025-01-06,longbyungi,LONG,SOXL,STOP_BUY,1132949.8449956311,32.30329303266048,0.0,
2025-01-07,longbyungi,LONG,SOXL,MOO_SELL,1132949.8449956311,33.55321469497681,1389984.3115002736,
2025-01-14,yangbyungi,LONG,SOXL,STOP_BUY,656438.8296211595,28.91149782770633,0.0,
2025-01-14,yangbyungi,LONG,SOXL,LOC_SELL,164109.70740528987,28.105940838813783,-135474.71205723844,loser
2025-01-15,yangbyungi,LONG,SOXL,MOO_SELL,492329.1222158696,29.635174618721013,346198.67813928425,
2025-01-15,yangbyungi,LONG,SOXL,STOP_BUY,649176.9291222332,30.109796987614633,0.0,
2025-01-15,yangbyungi,LONG,SOXL,LOC_SELL,162294.2322805583,29.92503053379059,-33396.686959514394,loser
2025-01-16,yangbyungi,LONG,SOXL,MOO_SELL,486882.69684167486,31.444269084930422,639242.0102092382,
2025-01-17,longbyungi,LONG,SOXL,STOP_BUY,1142333.3979844763,32.52670398536682,0.0,
2025-01-21,longbyungi,LONG,SOXL,MOO_SELL,1142333.3979844763,33.313336830139164,872273.0233931169,
2025-01-21,longbyungi,LONG,SOXL,STOP_BUY,1160441.9496462045,33.84686683444976,0.0,
2025-01-22,longbyungi,LONG,SOXL,MOO_SELL,1160441.9496462045,34.67265362739563,930448.1119284406,
2025-01-22,longbyungi,LONG,SOXL,STOP_BUY,1203356.5289226566,35.22795378041267,0.0,
2025-01-23,longbyungi,LONG,SOXL,MOO_SELL,1203356.5289226566,33.42327862739563,-2200581.7960253283,
2025-01-23,longbyungi,LONG,SOXL,STOP_BUY,1193551.3792617822,33.95856940541267,0.0,
2025-01-24,longbyungi,LONG,SOXL,MOO_SELL,1193551.3792617822,34.92252862739563,1121760.263603136,
2025-01-28,yangbyungi,SHORT,SOXS,STOP_BUY,199.6883930463559,69994.98,0.0,
2025-01-28,yangbyungi,SHORT,SOXS,LOC_SELL,49.92209826158898,65967.0,-203460.840919605,loser
2025-01-29,yangbyungi,SHORT,SOXS,MOO_SELL,149.76629478476693,64137.915,-884221.9287060574,
2025-01-30,yangbyungi,LONG,SOXL,STOP_BUY,959084.9031778041,26.992189272522918,0.0,
2025-01-31,yangbyungi,LONG,SOXL,MOO_SELL,959084.9031778041,27.61618416118622,580133.1540855058,
2025-01-31,yangbyungi,LONG,SOXL,STOP_BUY,975536.2900511095,28.058471372752187,0.0,
2025-01-31,yangbyungi,LONG,SOXL,LOC_SELL,243884.07251277738,27.00649045753479,-261261.7033093134,loser
2025-02-03,yangbyungi,LONG,SOXL,MOO_SELL,731652.2175383321,24.787599237442016,-2406673.5817465708,
2025-02-04,longbyungi,LONG,SOXL,STOP_BUY,1225898.5750440347,25.732960204954143,0.0,
2025-02-05,longbyungi,LONG,SOXL,MOO_SELL,1225898.5750440347,26.076955152511598,399473.12053957954,
2025-02-05,longbyungi,LONG,SOXL,STOP_BUY,1298717.2094875963,26.494590829954145,0.0,
2025-02-06,longbyungi,LONG,SOXL,MOO_SELL,1298717.2094875963,27.1564150762558,835135.41869127,
2025-02-06,longbyungi,LONG,SOXL,STOP_BUY,1383992.8785221577,27.591338852477072,0.0,
2025-02-07,longbyungi,LONG,SOXL,MOO_SELL,1383992.8785221577,27.856065838813784,339521.6792137921,
2025-02-10,longbyungi,LONG,SOXL,STOP_BUY,1340824.6613153683,27.33746197747707,0.0,
2025-02-11,longbyungi,LONG,SOXL,MOO_SELL,1340824.6613153683,26.666660305023196,-924770.9459169209,
2025-02-11,longbyungi,LONG,SOXL,STOP_BUY,1389455.5218988506,27.09374040990829,0.0,
2025-02-12,longbyungi,LONG,SOXL,MOO_SELL,1389455.5218988506,26.166910305023194,-1313690.3639272153,
2025-02-12,longbyungi,LONG,SOXL,STOP_BUY,1360429.960621991,26.58598665990829,0.0,
2025-02-13,longbyungi,LONG,SOXL,MOO_SELL,1360429.960621991,27.476254771232608,1185405.649088487,
2025-02-13,longbyungi,LONG,SOXL,STOP_BUY,1338256.4917135949,27.916300942568775,0.0,
2025-02-14,longbyungi,LONG,SOXL,MOO_SELL,1338256.4917135949,28.475754771232605,722279.2558993697,
2025-02-18,longbyungi,LONG,SOXL,STOP_BUY,1375205.1173544114,29.652819774770734,0.0,
2025-02-19,longbyungi,LONG,SOXL,MOO_SELL,1375205.1173544114,30.17490553379059,689178.6196005642,
2025-02-19,longbyungi,LONG,SOXL,STOP_BUY,1297418.1442032466,30.658171967339513,0.0,
2025-02-20,longbyungi,LONG,SOXL,MOO_SELL,1297418.1442032466,32.043971372604375,1769488.478159316,
2025-02-20,longbyungi,LONG,SOXL,STOP_BUY,1270839.274268116,32.55717184458732,0.0,
2025-02-21,longbyungi,LONG,SOXL,MOO_SELL,1270839.274268116,31.894044847488406,-871395.3298471197,
2025-02-25,yangbyungi,SHORT,SOXS,STOP_BUY,202.64713899153745,64618.092899999996,0.0,
2025-02-25,yangbyungi,SHORT,SOXS,LOC_SELL,50.66178474788436,64407.780000000006,-12942.665219421498,loser
2025-02-26,yangbyungi,SHORT,SOXS,MOO_SELL,151.9853542436531,61949.01,-412394.23115162365,
2025-02-26,yangbyungi,LONG,SOXL,STOP_BUY,721005.9439275487,26.393039692568774,0.0,
2025-02-26,yangbyungi,LONG,SOXL,LOC_SELL,180251.48598188718,26.276855915069582,-24265.13797364384,loser
2025-02-27,yangbyungi,LONG,SOXL,MOO_SELL,540754.4579456615,26.766610686302187,191948.96894671023,
2025-02-27,yangbyungi,SHORT,SOXS,STOP_BUY,202.66735631993157,63886.3272,0.0,
2025-02-28,yangbyungi,SHORT,SOXS,MOO_SELL,202.66735631993157,71724.12000000001,1578845.4123712108,
2025-02-28,yangbyungi,LONG,SOXL,STOP_BUY,817300.4399998082,22.138062725229258,0.0,
2025-03-03,yangbyungi,LONG,SOXL,MOO_SELL,817300.4399998082,23.708139313697814,1270109.7442041934,
2025-03-03,yangbyungi,SHORT,SOXS,STOP_BUY,191.23875834288856,69517.74149999999,0.0,
2025-03-04,yangbyungi,SHORT,SOXS,MOO_SELL,191.23875834288856,75981.99,1226476.0409629326,
2025-03-04,yangbyungi,LONG,SOXL,STOP_BUY,853223.9710671179,20.59449279729366,0.0,
2025-03-04,yangbyungi,SHORT,SOXS,STOP_BUY,145.30215864982665,80621.49059999999,0.0,
2025-03-04,yangbyungi,SHORT,SOXS,LOC_SELL,36.32553966245666,74572.695,-221698.89386843145,loser
2025-03-05,yangbyungi,LONG,SOXL,MOO_SELL,853223.9710671179,21.239375000000003,537736.1732811257,
2025-03-05,yangbyungi,SHORT,SOXS,MOO_SELL,108.97661898736999,72503.73000000001,-890486.5780248214,
2025-03-05,yangbyungi,LONG,SOXL,STOP_BUY,780843.4290063686,21.579534374999998,0.0,
2025-03-06,yangbyungi,LONG,SOXL,MOO_SELL,780843.4290063686,19.70014408493042,-1478791.0965261292,
2025-03-07,yangbyungi,LONG,SOXL,STOP_BUY,782775.1932543097,19.802396249999997,0.0,
2025-03-10,yangbyungi,LONG,SOXL,MOO_SELL,782775.1932543097,19.330330152511596,-380242.8753055949,
2025-03-11,yangbyungi,LONG,SOXL,STOP_BUY,624616.9409560721,18.32990960022926,0.0,
2025-03-11,yangbyungi,LONG,SOXL,LOC_SELL,156154.23523901802,17.401294847488405,-146959.9791625645,loser
2025-03-11,yangbyungi,SHORT,SOXS,STOP_BUY,106.07426052963552,86348.3526,0.0,
2025-03-11,yangbyungi,SHORT,SOXS,LOC_SELL,26.51856513240888,84527.71500000001,-49866.68262298964,loser
2025-03-12,yangbyungi,LONG,SOXL,MOO_SELL,468462.7057170541,18.53073091506958,88033.55412916094,
2025-03-12,yangbyungi,SHORT,SOXS,MOO_SELL,79.55569539722664,78860.55,-600297.5010364158,
2025-03-12,yangbyungi,LONG,SOXL,STOP_BUY,620951.4153843041,18.82750997972488,0.0,
2025-03-12,yangbyungi,LONG,SOXL,LOC_SELL,155237.85384607603,18.290849237442018,-85326.82292354014,loser
2025-03-13,yangbyungi,LONG,SOXL,MOO_SELL,465713.56153822807,18.37080916118622,-218755.08135068603,
2025-03-13,yangbyungi,LONG,SOXL,STOP_BUY,691861.9012110844,18.665026997752186,0.0,
2025-03-13,yangbyungi,LONG,SOXL,LOC_SELL,172965.4753027711,18.0809551525116,-103248.78951683594,loser
2025-03-14,yangbyungi,LONG,SOXL,MOO_SELL,518896.42590831337,19.050469466209414,193155.06656495668,
2025-03-14,yangbyungi,LONG,SOXL,STOP_BUY,656674.5381549961,19.355572407660482,0.0,
2025-03-17,yangbyungi,LONG,SOXL,MOO_SELL,656674.5381549961,19.5002452287674,86072.4888486024,
2025-03-17,yangbyungi,LONG,SOXL,STOP_BUY,727888.9846571966,19.812551557431224,0.0,
2025-03-18,yangbyungi,LONG,SOXL,MOO_SELL,727888.9846571966,20.17990553379059,257204.3887168765,
2025-03-19,yangbyungi,LONG,SOXL,STOP_BUY,719805.4530301666,20.19844355518341,0.0,
2025-03-20,yangbyungi,LONG,SOXL,MOO_SELL,719805.4530301666,19.600195610046384,-440648.6802967321,
2025-03-20,longbyungi,LONG,SOXL,STOP_BUY,1578903.0906265872,19.91410269481658,0.0,
2025-03-21,longbyungi,LONG,SOXL,MOO_SELL,1578903.0906265872,18.81058969497681,-1763739.9737678654,
2025-03-24,longbyungi,LONG,SOXL,STOP_BUY,1507682.774499326,20.797593135137557,0.0,
2025-03-25,longbyungi,LONG,SOXL,MOO_SELL,1507682.774499326,20.8195849237442,11195.714993733913,
2025-03-28,yangbyungi,LONG,SOXL,STOP_BUY,919190.5677536605,17.598744897522923,0.0,
2025-03-28,yangbyungi,LONG,SOXL,LOC_SELL,229797.64193841512,16.021985686302187,-365039.6362561439,loser
2025-03-28,yangbyungi,SHORT,SOXS,STOP_BUY,151.21008212179183,85584.771,0.0,
2025-03-31,yangbyungi,LONG,SOXL,MOO_SELL,689392.9258152454,15.062464694976809,-1756374.3719151244,
2025-03-31,yangbyungi,SHORT,SOXS,MOO_SELL,151.21008212179183,91664.145,909882.0036885608,
2025-04-01,yangbyungi,LONG,SOXL,STOP_BUY,829094.2974316379,15.973932510137555,0.0,
2025-04-01,yangbyungi,LONG,SOXL,LOC_SELL,207273.57435790947,15.942024809360506,-8928.990283035208,loser
2025-04-02,yangbyungi,LONG,SOXL,MOO_SELL,621820.7230737284,15.18240458059311,-498969.24910270795,
2025-04-02,yangbyungi,LONG,SOXL,STOP_BUY,869610.3652396987,15.425558498876093,0.0,
2025-04-03,yangbyungi,LONG,SOXL,MOO_SELL,869610.3652396987,13.803095419406892,-1419806.8502684068,
2025-04-08,yangbyungi,LONG,SOXL,STOP_BUY,670466.9040154858,10.57143292004585,0.0,
2025-04-08,yangbyungi,LONG,SOXL,LOC_SELL,167616.72600387144,8.245875,-390906.3381314764,loser
2025-04-09,yangbyungi,LONG,SOXL,MOO_SELL,502850.17801161436,8.47575954246521,-1057161.9904127652,
2025-04-09,yangbyungi,LONG,SOXL,STOP_BUY,797846.965947536,8.611503135137557,0.0,
2025-04-10,yangbyungi,LONG,SOXL,MOO_SELL,797846.965947536,10.914540076255797,1832018.457919673,
2025-04-11,yangbyungi,LONG,SOXL,STOP_BUY,752540.4578303566,9.494995512385369,0.0,
2025-04-14,yangbyungi,LONG,SOXL,MOO_SELL,752540.4578303566,11.144424618721008,1235825.9353043512,
2025-04-15,yangbyungi,LONG,SOXL,STOP_BUY,881854.991970922,10.764379887385369,0.0,
2025-04-15,yangbyungi,LONG,SOXL,LOC_SELL,220463.7479927305,10.594700381278994,-39056.295885164756,loser
2025-04-16,yangbyungi,LONG,SOXL,MOO_SELL,661391.2439781915,9.125435114383698,-1088587.95454741,
2025-04-17,yangbyungi,SHORT,SOXS,STOP_BUY,87.1568181025438,80557.8588,0.0,
2025-04-17,yangbyungi,SHORT,SOXS,LOC_SELL,21.78920452563595,78800.58,-39505.00994732883,loser
2025-04-21,yangbyungi,SHORT,SOXS,MOO_SELL,65.36761357690784,83358.3,179307.9753618436,
2025-04-22,yangbyungi,LONG,SOXL,STOP_BUY,933628.4595761342,9.098947238738536,0.0,
2025-04-23,yangbyungi,LONG,SOXL,MOO_SELL,933628.4595761342,10.574709923744203,1371385.2821209878,
2025-04-23,yangbyungi,LONG,SOXL,STOP_BUY,899774.6235507372,10.744069272522927,0.0,
2025-04-23,yangbyungi,LONG,SOXL,LOC_SELL,224943.6558876843,10.284854961872101,-104952.95895757386,loser
2025-04-24,yangbyungi,LONG,SOXL,MOO_SELL,674830.9676630528,11.044475190639497,197576.96182389744,
2025-04-24,yangbyungi,LONG,SOXL,STOP_BUY,927440.2005718731,11.221358068692684,0.0,
2025-04-25,yangbyungi,LONG,SOXL,MOO_SELL,927440.2005718731,11.624185114383698,366182.2397482898,
2025-04-25,yangbyungi,LONG,SOXL,STOP_BUY,954127.7195524003,11.810352341215609,0.0,
2025-04-28,yangbyungi,LONG,SOXL,MOO_SELL,954127.7195524003,12.153919847488403,319804.53954141773,
2025-04-28,yangbyungi,LONG,SOXL,STOP_BUY,978675.890335787,12.34857104504585,0.0,
2025-04-28,yangbyungi,LONG,SOXL,LOC_SELL,244668.97258394674,12.283854961872102,-17943.394206955098,loser
2025-04-29,yangbyungi,LONG,SOXL,MOO_SELL,734006.9177518402,11.804095419406892,-405853.75425972603,
2025-04-29,yangbyungi,LONG,SOXL,STOP_BUY,986831.8428884561,11.993144001123904,0.0,
2025-04-29,yangbyungi,LONG,SOXL,LOC_SELL,246707.96072211402,11.854069656848909,-36369.90197251132,loser
2025-04-30,yangbyungi,LONG,SOXL,MOO_SELL,740123.8821663421,10.984504771232606,-752470.1898467746,
2025-05-01,yangbyungi,LONG,SOXL,STOP_BUY,931274.6227404989,12.734464011261462,0.0,
2025-05-01,yangbyungi,LONG,SOXL,LOC_SELL,232818.65568512472,12.093950381278994,-151146.70360210026,loser
2025-05-02,yangbyungi,LONG,SOXL,MOO_SELL,698455.9670553742,12.883555343151093,97871.15992576629,
2025-05-02,yangbyungi,LONG,SOXL,STOP_BUY,908678.4145505085,13.08989202364683,0.0,
2025-05-05,yangbyungi,LONG,SOXL,MOO_SELL,908678.4145505085,12.923535305023192,-159438.00329446606,
2025-05-05,longbyungi,LONG,SOXL,STOP_BUY,1958686.6782655024,13.13051228490829,0.0,
2025-05-06,longbyungi,LONG,SOXL,MOO_SELL,1958686.6782655024,12.323834923744204,-1597478.1827440038,
2025-05-07,yangbyungi,LONG,SOXL,STOP_BUY,1067541.086764939,12.805549226353167,0.0,
2025-05-08,yangbyungi,LONG,SOXL,MOO_SELL,1067541.086764939,13.833080152511597,1086978.240620792,
2025-05-08,yangbyungi,LONG,SOXL,STOP_BUY,1046278.2339206107,14.054623954954145,0.0,
2025-05-08,yangbyungi,LONG,SOXL,LOC_SELL,261569.5584801527,13.653169847488405,-107544.80402683513,loser
2025-05-09,yangbyungi,LONG,SOXL,MOO_SELL,784708.6754404581,14.2028950381279,108588.73317829706,
2025-05-09,longbyungi,LONG,SOXL,STOP_BUY,1779270.4991575673,14.430361613738533,0.0,
2025-05-12,longbyungi,LONG,SOXL,MOO_SELL,1779270.4991575673,16.881554389953614,4341835.665521517,
2025-05-12,longbyungi,LONG,SOXL,STOP_BUY,1675250.4330477684,17.151921055183408,0.0,
2025-05-13,longbyungi,LONG,SOXL,MOO_SELL,1675250.4330477684,17.351320610046386,313813.6409443058,
2025-05-13,longbyungi,LONG,SOXL,STOP_BUY,1952595.7804994772,17.62921081981659,0.0,
2025-05-14,longbyungi,LONG,SOXL,MOO_SELL,1952595.7804994772,18.96051431369781,2574491.854699813,
2025-05-14,longbyungi,LONG,SOXL,STOP_BUY,1891537.451333651,19.26417657770633,0.0,
2025-05-15,longbyungi,LONG,SOXL,MOO_SELL,1891537.451333651,18.310839694976806,-1828148.5101005659,
2025-05-15,longbyungi,LONG,SOXL,STOP_BUY,1853266.3014859594,18.604097090091702,0.0,
2025-05-16,longbyungi,LONG,SOXL,MOO_SELL,1853266.3014859594,18.520735686302185,-178571.65102416277,
2025-05-20,longbyungi,LONG,SOXL,STOP_BUY,1971279.7741421522,17.893243002247807,0.0,
2025-05-21,longbyungi,LONG,SOXL,MOO_SELL,1971279.7741421522,17.551219466209414,-698678.9120623544,
2025-05-21,longbyungi,LONG,SOXL,STOP_BUY,1957501.287482598,17.83231115766048,0.0,
2025-05-22,longbyungi,LONG,SOXL,MOO_SELL,1957501.287482598,16.961514313697815,-1728424.0785475262,
2025-05-22,longbyungi,LONG,SOXL,STOP_BUY,1698093.4993163156,17.233161577706333,0.0,
2025-05-23,longbyungi,LONG,SOXL,MOO_SELL,1698093.4993163156,15.2023950381279,-3467708.972229846,
2025-05-27,longbyungi,LONG,SOXL,STOP_BUY,1501979.9336650441,16.99959531756878,0.0,
2025-05-28,longbyungi,LONG,SOXL,MOO_SELL,1501979.9336650441,17.421285305023194,615275.0841860212,
2025-06-02,longbyungi,LONG,SOXL,STOP_BUY,1903566.842530216,16.309049907660484,0.0,
2025-06-03,longbyungi,LONG,SOXL,MOO_SELL,1903566.842530216,16.921535305023195,1143767.069894541,
2025-06-03,longbyungi,LONG,SOXL,STOP_BUY,1869866.4342159445,17.192542284908292,0.0,
2025-06-04,longbyungi,LONG,SOXL,MOO_SELL,1869866.4342159445,18.670660305023194,2740412.4820613414,
2025-06-04,longbyungi,LONG,SOXL,STOP_BUY,1856839.127676272,18.96968040990829,0.0,
2025-06-05,longbyungi,LONG,SOXL,MOO_SELL,1856839.127676272,19.480254771232605,923066.0812599733,
2025-06-05,longbyungi,LONG,SOXL,STOP_BUY,1819523.472843684,19.792240942568775,0.0,
2025-06-06,longbyungi,LONG,SOXL,MOO_SELL,1819523.472843684,19.390299618721013,-756294.4167437851,
2025-06-06,longbyungi,LONG,SOXL,STOP_BUY,1716988.747992306,19.700845112614633,0.0,
2025-06-09,longbyungi,LONG,SOXL,MOO_SELL,1716988.747992306,19.70014408493042,-24881.52593500167,
2025-06-09,longbyungi,LONG,SOXL,STOP_BUY,1861418.53085849,20.015651895275113,0.0,
2025-06-10,longbyungi,LONG,SOXL,MOO_SELL,1861418.53085849,20.829580152511596,1488450.6156685129,
2025-06-10,longbyungi,LONG,SOXL,STOP_BUY,1769642.456290287,21.163176454954147,0.0,
2025-06-11,longbyungi,LONG,SOXL,MOO_SELL,1769642.456290287,22.348820610046385,2071215.9978261814,
2025-06-12,longbyungi,LONG,SOXL,STOP_BUY,1792994.5481409542,21.569379067568775,0.0,
2025-06-13,longbyungi,LONG,SOXL,MOO_SELL,1792994.5481409542,20.30983969497681,-2284628.452048853,
2025-06-16,longbyungi,LONG,SOXL,STOP_BUY,1453439.872857655,21.153021147522917,0.0,
2025-06-17,longbyungi,LONG,SOXL,MOO_SELL,1453439.872857655,21.599195610046383,626739.5323114619,
2025-06-17,longbyungi,LONG,SOXL,STOP_BUY,1544268.4427948394,21.945117694816584,0.0,
2025-06-18,longbyungi,LONG,SOXL,MOO_SELL,1544268.4427948394,21.70913931369781,-388008.82916570455,
2025-06-18,longbyungi,LONG,SOXL,STOP_BUY,1349559.8608696763,22.05682220270633,0.0,
2025-06-20,longbyungi,LONG,SOXL,MOO_SELL,1349559.8608696763,22.12892938995362,76442.00471902266,
2025-06-23,longbyungi,LONG,SOXL,STOP_BUY,1451810.7785620491,21.50844915990829,0.0,
2025-06-24,longbyungi,LONG,SOXL,MOO_SELL,1451810.7785620491,22.648669847488403,1632946.9607044235,
2025-06-24,longbyungi,LONG,SOXL,STOP_BUY,1453976.3265833138,23.011399795045847,0.0,
2025-06-25,longbyungi,LONG,SOXL,MOO_SELL,1453976.3265833138,24.38779961872101,1977131.6996908188,
2025-06-27,longbyungi,LONG,SOXL,STOP_BUY,1617984.9963700208,25.60094314527511,0.0,
2025-06-30,longbyungi,LONG,SOXL,MOO_SELL,1617984.9963700208,25.477254771232605,-229051.24868085235,
2025-07-01,longbyungi,LONG,SOXL,STOP_BUY,1652434.0493504019,24.758071997752186,0.0,
2025-07-02,longbyungi,LONG,SOXL,MOO_SELL,1652434.0493504019,24.4977452287674,-458660.01335763186,
2025-07-02,longbyungi,LONG,SOXL,STOP_BUY,1620768.8124044307,24.890089057431222,0.0,
2025-07-03,longbyungi,LONG,SOXL,MOO_SELL,1620768.8124044307,26.386799618721014,2396734.0052476153,
2025-07-08,longbyungi,LONG,SOXL,STOP_BUY,1528396.549529278,26.027456372752187,0.0,
2025-07-09,longbyungi,LONG,SOXL,MOO_SELL,1528396.549529278,26.61668416118622,872412.32576859,
2025-07-09,longbyungi,LONG,SOXL,STOP_BUY,1579781.5977078853,27.042963872752185,0.0,
2025-07-10,longbyungi,LONG,SOXL,MOO_SELL,1579781.5977078853,27.376304389953617,496515.51934850216,
2025-07-11,longbyungi,LONG,SOXL,STOP_BUY,1682951.5973747778,27.266376762385367,0.0,
2025-07-14,longbyungi,LONG,SOXL,MOO_SELL,1682951.5973747778,26.62667938995362,-1108324.5064991042,
2025-07-16,longbyungi,LONG,SOXL,STOP_BUY,1514061.2313117268,27.012499887385363,0.0,
2025-07-17,longbyungi,LONG,SOXL,MOO_SELL,1514061.2313117268,26.946519084930422,-128493.01555482298,
2025-07-17,longbyungi,LONG,SOXL,STOP_BUY,1509714.7874120853,27.37808127027511,0.0,
2025-07-18,longbyungi,LONG,SOXL,MOO_SELL,1509714.7874120853,27.646169847488405,375662.46540260315,
2025-07-21,longbyungi,LONG,SOXL,STOP_BUY,1554156.803396125,27.98738615766048,0.0,
2025-07-22,longbyungi,LONG,SOXL,MOO_SELL,1554156.803396125,27.106440838813782,-1399095.7168236598,
2025-07-25,longbyungi,LONG,SOXL,STOP_BUY,1771850.8667767607,25.56032385247707,0.0,
2025-07-28,longbyungi,LONG,SOXL,MOO_SELL,1771850.8667767607,26.366809161186218,1396769.195805207,
2025-07-28,longbyungi,LONG,SOXL,STOP_BUY,1784559.533511738,26.789086997752186,0.0,
2025-07-29,longbyungi,LONG,SOXL,MOO_SELL,1784559.533511738,27.396294847488406,1049754.5931578204,
2025-07-29,longbyungi,LONG,SOXL,STOP_BUY,1736173.0333486919,27.835060420045846,0.0,
2025-07-30,longbyungi,LONG,SOXL,MOO_SELL,1736173.0333486919,27.736125,-205537.42607174814,
2025-08-04,longbyungi,LONG,SOXL,STOP_BUY,1422399.522994463,24.971329579954144,0.0,
2025-08-05,longbyungi,LONG,SOXL,MOO_SELL,1422399.522994463,25.4072900762558,595029.518385075,
2025-08-07,longbyungi,LONG,SOXL,STOP_BUY,1684663.6303214207,25.875130635137555,0.0,
2025-08-08,longbyungi,LONG,SOXL,MOO_SELL,1684663.6303214207,25.147419847488404,-1256032.4396385849,
2025-08-08,longbyungi,LONG,SOXL,STOP_BUY,1691093.930202276,25.55016854504585,0.0,
2025-08-11,longbyungi,LONG,SOXL,MOO_SELL,1691093.930202276,26.016985686302185,758909.9185615107,
2025-08-11,longbyungi,LONG,SOXL,STOP_BUY,1810512.5797612537,26.433660922293658,0.0,
2025-08-12,longbyungi,LONG,SOXL,MOO_SELL,1810512.5797612537,26.19689408493042,-462020.2361885682,
2025-08-12,longbyungi,LONG,SOXL,STOP_BUY,1663548.593908405,26.616450645275112,0.0,
2025-08-13,longbyungi,LONG,SOXL,MOO_SELL,1663548.593908405,28.635674618721012,3326907.09345939,
2025-08-13,longbyungi,LONG,SOXL,STOP_BUY,1772037.7599841869,29.09428948761463,0.0,
2025-08-14,longbyungi,LONG,SOXL,MOO_SELL,1772037.7599841869,28.105940838813783,-1786867.4645108357,
2025-08-14,longbyungi,LONG,SOXL,STOP_BUY,1783537.3891006354,28.556071752247806,0.0,
2025-08-15,longbyungi,LONG,SOXL,MOO_SELL,1783537.3891006354,28.69564408493042,213193.77229841053,
2025-08-18,longbyungi,LONG,SOXL,STOP_BUY,1783239.977925849,27.520253637385366,0.0,
2025-08-19,longbyungi,LONG,SOXL,MOO_SELL,1783239.977925849,27.55621469497681,29752.0994849205,
2025-08-21,longbyungi,LONG,SOXL,STOP_BUY,1830715.866986851,25.793890112614633,0.0,
2025-08-22,longbyungi,LONG,SOXL,MOO_SELL,1830715.866986851,25.547219466209413,-484480.7106710747,
2025-08-22,longbyungi,LONG,SOXL,STOP_BUY,1706037.422930667,25.95637115766048,0.0,
2025-08-25,longbyungi,LONG,SOXL,MOO_SELL,1706037.422930667,27.336325381278993,2322431.7802919,
2025-08-26,longbyungi,LONG,SOXL,STOP_BUY,1845178.268737328,27.95692217229366,0.0,
2025-08-27,longbyungi,LONG,SOXL,MOO_SELL,1845178.268737328,27.596195610046383,-701481.7056073993,
2025-08-27,longbyungi,LONG,SOXL,STOP_BUY,1840697.1745053567,28.03816269481658,0.0,
2025-08-28,longbyungi,LONG,SOXL,MOO_SELL,1840697.1745053567,28.395794847488403,621935.2537672892,
2025-08-28,longbyungi,LONG,SOXL,STOP_BUY,1778572.2690047072,28.850567920045847,0.0,
2025-08-29,longbyungi,LONG,SOXL,MOO_SELL,1778572.2690047072,27.30633969497681,-2781479.1896311566,
2025-09-04,yangbyungi,LONG,SOXL,STOP_BUY,1258450.122191394,24.78853792004585,0.0,
2025-09-05,yangbyungi,LONG,SOXL,MOO_SELL,1258450.122191394,26.806589694976807,2516892.0396223627,
2025-09-08,longbyungi,LONG,SOXL,STOP_BUY,1825848.8287992512,27.37808127027511,0.0,
2025-09-09,longbyungi,LONG,SOXL,MOO_SELL,1825848.8287992512,27.1564150762558,-439579.07193376124,
2025-09-11,longbyungi,LONG,SOXL,STOP_BUY,1663504.5789873302,29.51064740766048,0.0,
2025-09-12,longbyungi,LONG,SOXL,MOO_SELL,1663504.5789873302,29.355315838813784,-292668.1058302149,
2025-09-15,longbyungi,LONG,SOXL,STOP_BUY,1717212.260831359,29.59188793018341,0.0,
2025-09-16,longbyungi,LONG,SOXL,MOO_SELL,1717212.260831359,30.3148349237442,1205448.0456269085,
2025-09-17,longbyungi,LONG,SOXL,STOP_BUY,1519686.3318355032,30.749567797293658,0.0,
2025-09-18,longbyungi,LONG,SOXL,MOO_SELL,1519686.3318355032,32.74361832237244,2996559.9234628677,
2025-09-18,longbyungi,LONG,SOXL,STOP_BUY,1530563.7083384998,33.26802399550438,0.0,
2025-09-19,longbyungi,LONG,SOXL,MOO_SELL,1530563.7083384998,33.54322137260437,385416.5144049302,
2025-09-22,longbyungi,LONG,SOXL,STOP_BUY,1545548.136118564,33.714849774770734,0.0,
2025-09-23,longbyungi,LONG,SOXL,MOO_SELL,1545548.136118564,34.682650762557984,1458783.942493558,
2025-09-23,longbyungi,LONG,SOXL,STOP_BUY,1449881.842260881,35.23811102477073,0.0,
2025-09-24,longbyungi,LONG,SOXL,MOO_SELL,1449881.842260881,33.94301908493042,-1912836.850163497,
2025-09-30,longbyungi,LONG,SOXL,STOP_BUY,1433717.8422537488,34.5983402150917,0.0,
2025-10-01,longbyungi,LONG,SOXL,MOO_SELL,1433717.8422537488,34.162910305023196,-658788.1122203991,
2025-10-01,longbyungi,LONG,SOXL,STOP_BUY,1401073.4190093847,34.710046659908286,0.0,
2025-10-02,longbyungi,LONG,SOXL,MOO_SELL,1401073.4190093847,38.94051908493042,5891086.017064653,
2025-10-08,longbyungi,LONG,SOXL,STOP_BUY,1267263.4815358436,39.472775440320966,0.0,
2025-10-09,longbyungi,LONG,SOXL,MOO_SELL,1267263.4815358436,42.55871183013916,3874310.0653052777,
2025-10-13,longbyungi,LONG,SOXL,STOP_BUY,1080816.4415631487,38.822851260137554,0.0,
2025-10-14,longbyungi,LONG,SOXL,MOO_SELL,1080816.4415631487,36.601688932418824,-2429200.7922771946,
2025-10-15,longbyungi,LONG,SOXL,STOP_BUY,1052551.9381266905,40.163320850229255,0.0,
2025-10-16,longbyungi,LONG,SOXL,MOO_SELL,1052551.9381266905,41.429275762557985,1302425.1405570507,
2025-10-17,longbyungi,LONG,SOXL,STOP_BUY,879448.4135203849,40.224252694816585,0.0,
2025-10-20,longbyungi,LONG,SOXL,MOO_SELL,879448.4135203849,41.139419847488405,779797.9970657676,
2025-10-20,longbyungi,LONG,SOXL,STOP_BUY,1041598.329233438,41.79828854504584,0.0,
2025-10-21,longbyungi,LONG,SOXL,MOO_SELL,1041598.329233438,41.78909637260437,-40047.11962338537,
2025-10-22,longbyungi,LONG,SOXL,STOP,1243192.033682071,37.426696353162434,-4105257.532305263,
2025-10-23,longbyungi,LONG,SOXL,STOP_BUY,1199691.6008706703,38.315097510137555,0.0,
2025-10-24,longbyungi,LONG,SOXL,MOO_SELL,1199691.6008706703,43.4082853050232,6075939.61959599,
2025-10-24,longbyungi,LONG,SOXL,STOP_BUY,1216082.1715714629,44.10349103490829,0.0,
2025-10-27,longbyungi,LONG,SOXL,MOO_SELL,1216082.1715714629,45.46725667762757,1620327.19802697,
2025-10-27,longbyungi,LONG,SOXL,STOP_BUY,1252673.6987072811,46.19543787949561,0.0,
2025-10-28,longbyungi,LONG,SOXL,MOO_SELL,1252673.6987072811,46.41677862739562,236663.22261753678,
2025-10-28,longbyungi,LONG,SOXL,STOP_BUY,1275933.039017169,47.16016690541266,0.0,
2025-10-29,longbyungi,LONG,SOXL,MOO_SELL,1275933.039017169,49.345313932418826,2745004.200860776,
2025-10-29,longbyungi,LONG,SOXL,STOP_BUY,1194159.1292540515,50.13560419032096,0.0,
2025-10-30,longbyungi,LONG,SOXL,MOO_SELL,1194159.1292540515,48.475750000000005,-2023345.2117014378,
2025-10-30,longbyungi,LONG,SOXL,STOP_BUY,1150533.1617814633,49.25211374999999,0.0,
2025-10-31,longbyungi,LONG,SOXL,MOO_SELL,1150533.1617814633,48.74561545753479,-622205.4548982903,
2025-10-31,longbyungi,LONG,SOXL,STOP_BUY,1135928.043002574,49.526301239862434,0.0,
2025-11-03,longbyungi,LONG,SOXL,MOO_SELL,1135928.043002574,49.47525,-97351.05841373652,
2025-11-05,longbyungi,LONG,SOXL,STOP_BUY,1139397.7633767033,43.890235389633176,0.0,
2025-11-06,longbyungi,LONG,SOXL,MOO_SELL,1139397.7633767033,46.436769084930425,2865493.3613803014,
2025-11-07,longbyungi,LONG,SOXL,STOP,1209682.0690278802,38.37916898033962,-4096259.9030495435,
2025-11-17,longbyungi,LONG,SOXL,STOP_BUY,1225605.0759489194,38.48773579954147,0.0,
2025-11-18,longbyungi,LONG,SOXL,MOO_SELL,1225605.0759489194,35.29234637260437,-3947934.336412549,
2025-11-18,longbyungi,LONG,SOXL,STOP_BUY,1106599.391878892,35.85757121958732,0.0,
2025-11-19,longbyungi,LONG,SOXL,MOO_SELL,1106599.391878892,34.70264122009277,-1305373.4959651679,
2025-11-19,yangbyungi,LONG,SOXL,STOP_BUY,701486.1245598462,35.25842163963318,0.0,
2025-11-20,yangbyungi,LONG,SOXL,MOO_SELL,701486.1245598462,38.77060591506958,2445572.9186404124,
2025-11-21,yangbyungi,LONG,SOXL,STOP_BUY,762599.1522300617,31.328406762385363,0.0,
2025-11-21,yangbyungi,SHORT,SOXS,STOP_BUY,907.1753160995263,15048.9207,0.0,
2025-11-21,yangbyungi,SHORT,SOXS,LOC_SELL,226.79382902488157,13763.115000000002,-293899.8352494594,loser
2025-11-24,yangbyungi,LONG,SOXL,MOO_SELL,762599.1522300617,32.67365362739563,1008801.3478490002,
2025-11-24,yangbyungi,SHORT,SOXS,MOO_SELL,680.3814870746447,13343.325,-1167216.8841368835,
2025-11-24,yangbyungi,LONG,SOXL,STOP_BUY,691399.6392348253,33.19693878041267,0.0,
2025-11-25,yangbyungi,LONG,SOXL,MOO_SELL,691399.6392348253,34.3228301525116,762101.788128294,
2025-11-25,longbyungi,LONG,SOXL,STOP_BUY,1265303.5833974339,34.872527704954145,0.0,
2025-11-26,longbyungi,LONG,SOXL,MOO_SELL,1265303.5833974339,37.42127862739562,3192927.9110793024,
2025-11-26,longbyungi,LONG,SOXL,STOP_BUY,1337372.1147609423,38.02059940541266,0.0,
2025-11-28,longbyungi,LONG,SOXL,MOO_SELL,1337372.1147609423,39.63017652511597,2116256.7626017705,
2025-11-28,longbyungi,LONG,SOXL,STOP_BUY,1400151.4096849433,40.26487392454147,0.0,
2025-12-01,longbyungi,LONG,SOXL,MOO_SELL,1400151.4096849433,39.56021183013916,-1025752.1470506117,
2025-12-01,longbyungi,LONG,SOXL,STOP_BUY,1455965.43767921,40.19378870944976,0.0,
2025-12-02,longbyungi,LONG,SOXL,MOO_SELL,1455965.43767921,42.768605915069585,3706568.2270040736,
2025-12-02,longbyungi,LONG,SOXL,STOP_BUY,1336570.619170127,43.453566854724876,0.0,
2025-12-03,longbyungi,LONG,SOXL,MOO_SELL,1336570.619170127,44.427775762557985,1260988.1359631345,
2025-12-03,longbyungi,LONG,SOXL,STOP_BUY,1357266.8195401968,45.13930914977073,0.0,
2025-12-04,longbyungi,LONG,SOXL,MOO_SELL,1357266.8195401968,45.867054389953616,944512.496418722,
2025-12-05,longbyungi,LONG,SOXL,STOP_BUY,1380124.1470641056,47.190634764633174,0.0,
2025-12-08,longbyungi,LONG,SOXL,MOO_SELL,1380124.1470641056,47.53622137260437,431195.2350273654,
2025-12-08,longbyungi,LONG,SOXL,STOP_BUY,1387821.5775760843,48.29753809458732,0.0,
2025-12-09,longbyungi,LONG,SOXL,MOO_SELL,1387821.5775760843,47.016480915069586,-1824176.3941229582,
2025-12-09,longbyungi,LONG,SOXL,STOP_BUY,1270387.7347790785,47.76947372972488,0.0,
2025-12-10,longbyungi,LONG,SOXL,MOO_SELL,1270387.7347790785,47.626176525115966,-224459.32357554883,
2025-12-10,longbyungi,LONG,SOXL,STOP_BUY,1230837.05443059,48.38893392454147,0.0,
2025-12-11,longbyungi,LONG,SOXL,MOO_SELL,1230837.05443059,47.98599332237244,-537471.864934966,
2025-12-11,longbyungi,LONG,SOXL,STOP,1303080.3599510768,44.8317252247136,-5154390.825345151,
2025-12-16,longbyungi,LONG,SOXL,STOP_BUY,1376759.0301828277,41.381930624999995,0.0,
2025-12-17,longbyungi,LONG,SOXL,MOO_SELL,1376759.0301828277,40.9795,-593737.1421639696,
2025-12-19,yangbyungi,LONG,SOXL,STOP_BUY,825101.7163112045,40.214095450458515,0.0,
2025-12-22,yangbyungi,LONG,SOXL,MOO_SELL,825101.7163112045,44.427775762557985,3452271.503876619,
2025-12-23,longbyungi,LONG,SOXL,STOP_BUY,1598869.826499795,43.28092856532096,0.0,
2025-12-24,longbyungi,LONG,SOXL,MOO_SELL,1598869.826499795,43.69814122009278,618394.8513726294,
2025-12-29,longbyungi,LONG,SOXL,STOP_BUY,1653932.6949180167,43.646511885137556,0.0,
2025-12-30,longbyungi,LONG,SOXL,MOO_SELL,1653932.6949180167,44.12792652511597,745416.8581598103,
2026-01-02,longbyungi,LONG,SOXL,STOP_BUY,1445953.3114695183,45.82985455967902,0.0,
2026-01-05,longbyungi,LONG,SOXL,MOO_SELL,1445953.3114695183,50.32482347488403,6450852.876602143,
2026-01-05,longbyungi,LONG,SOXL,STOP_BUY,1439649.2407196409,51.13080107545851,0.0,
2026-01-06,longbyungi,LONG,SOXL,MOO_SELL,1439649.2407196409,51.08444561004639,-118239.54638203979,
2026-01-06,longbyungi,LONG,SOXL,STOP_BUY,1379285.976639009,51.902588944816586,0.0,
2026-01-07,longbyungi,LONG,SOXL,MOO_SELL,1379285.976639009,52.173900762557984,323973.65054422617,
2026-01-09,longbyungi,LONG,SOXL,STOP_BUY,1335554.219798276,51.88227832995413,0.0,
2026-01-12,longbyungi,LONG,SOXL,MOO_SELL,1335554.219798276,52.363804389953614,594374.9578892291,
2026-01-12,longbyungi,LONG,SOXL,STOP_BUY,1397951.1296630723,53.20243730518341,0.0,
2026-01-13,longbyungi,LONG,SOXL,MOO_SELL,1397951.1296630723,55.662153627395625,3385297.6290311813,
2026-01-13,longbyungi,LONG,SOXL,STOP_BUY,1307808.211903479,56.55361128041266,0.0,
2026-01-14,longbyungi,LONG,SOXL,MOO_SELL,1307808.211903479,54.862554389953615,-2262576.9298791736,
2026-01-16,longbyungi,LONG,SOXL,STOP_BUY,1108579.702696185,62.13890253041266,0.0,
2026-01-20,longbyungi,LONG,SOXL,MOO_SELL,1108579.702696185,57.3113301525116,-5398095.78763999,
2026-01-21,longbyungi,LONG,SOXL,STOP_BUY,835156.7548289625,61.17417350449561,0.0,
2026-01-22,longbyungi,LONG,SOXL,MOO_SELL,835156.7548289625,66.86655152511597,4716601.028220415,
2026-01-26,longbyungi,LONG,SOXL,STOP_BUY,1091023.663435591,61.692080624999996,0.0,
2026-01-27,longbyungi,LONG,SOXL,MOO_SELL,1091023.663435591,63.278346372604375,1682932.4745543003,
2026-01-27,longbyungi,LONG,SOXL,STOP_BUY,1062460.8697023843,64.29178121958732,0.0,
2026-01-28,longbyungi,LONG,SOXL,MOO_SELL,1062460.8697023843,68.9655,4916090.093767062,
2026-01-28,longbyungi,LONG,SOXL,STOP_BUY,1014396.9191593033,70.07001749999999,0.0,
2026-01-29,longbyungi,LONG,SOXL,MOO_SELL,1014396.9191593033,70.36480152511596,249168.18017838895,
2026-01-29,longbyungi,LONG,SOXL,STOP,996781.3349410148,65.73950498998536,-5781586.411960781,
2026-01-30,longbyungi,LONG,SOXL,STOP,952385.9625314542,62.67664289559366,-5266710.012653276,
2026-02-02,longbyungi,LONG,SOXL,STOP_BUY,980562.376345146,60.38207502027511,0.0,
2026-02-03,longbyungi,LONG,SOXL,MOO_SELL,980562.376345146,66.77659255981446,6226582.862312093,
2026-02-04,longbyungi,LONG,SOXL,STOP,1019121.2497436487,55.50505684135316,-4990902.70120924,
2026-02-05,longbyungi,LONG,SOXL,STOP_BUY,1078421.917517934,52.105691219587314,0.0,
2026-02-06,longbyungi,LONG,SOXL,MOO_SELL,1078421.917517934,56.37180152511597,4559722.2790245935,
2026-02-06,longbyungi,LONG,SOXL,STOP_BUY,883906.182978353,57.274624549541464,0.0,
2026-02-09,longbyungi,LONG,SOXL,MOO_SELL,883906.182978353,59.96000667762757,2337357.3212845623,
2026-02-09,longbyungi,LONG,SOXL,STOP_BUY,910718.8324326911,60.92029662949561,0.0,
2026-02-10,longbyungi,LONG,SOXL,MOO_SELL,910718.8324326911,64.63766316986084,3345453.915872887,
2026-02-11,longbyungi,LONG,SOXL,STOP_BUY,963825.8009850557,68.2522581452751,0.0,
2026-02-12,longbyungi,LONG,SOXL,MOO_SELL,963825.8009850557,69.63516316986085,1286364.7340044081,
2026-02-12,longbyungi,LONG,SOXL,STOP,949526.1779458219,65.05782802570006,-5450385.2046014145,
2026-02-13,longbyungi,LONG,SOXL,STOP_BUY,828855.7369462923,64.92139478490829,0.0,
2026-02-17,longbyungi,LONG,SOXL,MOO_SELL,828855.7369462923,61.9889904575348,-2467356.7900998443,
2026-02-17,longbyungi,LONG,SOXL,STOP_BUY,840693.2134113539,62.98177561486243,0.0,
2026-02-18,longbyungi,LONG,SOXL,MOO_SELL,840693.2134113539,65.22737213516235,1850133.158532545,
2026-02-18,longbyungi,LONG,SOXL,STOP_BUY,827666.771767227,66.27202161935806,0.0,
2026-02-19,longbyungi,LONG,SOXL,MOO_SELL,827666.771767227,64.29783683013916,-1671791.0679963157,
2026-02-19,longbyungi,LONG,SOXL,STOP_BUY,852658.1258669104,65.32759933444976,0.0,
2026-02-20,longbyungi,LONG,SOXL,MOO_SELL,852658.1258669104,63.72811832237244,-1402324.6243399382,
2026-02-20,longbyungi,LONG,SOXL,STOP_BUY,821498.020722715,64.74875649550437,0.0,
2026-02-23,longbyungi,LONG,SOXL,MOO_SELL,821498.020722715,65.81707347488404,840079.4342517257,
2026-02-23,longbyungi,LONG,SOXL,STOP_BUY,850819.2472193163,66.87116732545852,0.0,
2026-02-24,longbyungi,LONG,SOXL,MOO_SELL,850819.2472193163,68.07594561004639,984863.092794463,
2026-02-24,longbyungi,LONG,SOXL,STOP_BUY,755545.3381506441,69.16621644481658,0.0,
2026-02-25,longbyungi,LONG,SOXL,MOO_SELL,755545.3381506441,70.85455438995362,1238588.6494441554,
2026-02-25,longbyungi,LONG,SOXL,STOP_BUY,790684.8237711587,71.9893260551834,0.0,
2026-02-26,longbyungi,LONG,SOXL,MOO_SELL,790684.8237711587,70.99448377990723,-826175.9840753973,
2026-03-04,yangbyungi,LONG,SOXL,STOP_BUY,494042.07176233805,56.8277987702751,0.0,
2026-03-04,yangbyungi,LONG,SOXL,LOC_SELL,123510.51794058451,56.591688932418826,-34065.02324924618,loser
2026-03-05,yangbyungi,LONG,SOXL,MOO_SELL,370531.55382175354,55.29233969497681,-583476.4541920722,
2026-03-05,longbyungi,LONG,SOXL,STOP,921999.142969932,51.39951387224782,-4440359.677641064,
2026-03-09,yangbyungi,LONG,SOXL,STOP_BUY,382352.68147563504,46.215744620504374,0.0,
2026-03-10,yangbyungi,LONG,SOXL,MOO_SELL,382352.68147563504,53.33332061004639,2708102.266997736,
2026-03-10,yangbyungi,LONG,SOXL,STOP_BUY,388883.8896279477,54.18748081981658,0.0,
2026-03-11,yangbyungi,LONG,SOXL,MOO_SELL,388883.8896279477,55.47225,484700.3201339692,
2026-03-11,longbyungi,LONG,SOXL,STOP_BUY,769013.5191857662,56.360666249999994,0.0,
2026-03-12,longbyungi,LONG,SOXL,MOO_SELL,769013.5191857662,53.503233779907234,-2226974.5881994367,
2026-03-13,yangbyungi,LONG,SOXL,STOP_BUY,366474.21503798175,52.68453018467902,0.0,
2026-03-13,yangbyungi,LONG,SOXL,LOC_SELL,91618.55375949544,50.69464122009278,-185625.7566379076,loser
2026-03-16,yangbyungi,LONG,SOXL,MOO_SELL,274855.6612784863,54.03297137260437,360360.52609119006,
2026-03-16,longbyungi,LONG,SOXL,STOP_BUY,707383.0644471248,54.89833684458732,0.0,
2026-03-17,longbyungi,LONG,SOXL,MOO_SELL,707383.0644471248,55.07244847488403,95936.6037035361,
2026-03-18,longbyungi,LONG,SOXL,STOP_BUY,845565.9908651529,55.88337648536682,0.0,
2026-03-19,longbyungi,LONG,SOXL,MOO_SELL,845565.9908651529,49.505233779907236,-5424330.115253985,
2026-03-23,longbyungi,LONG,SOXL,STOP_BUY,667696.3461418236,55.477175809679025,0.0,
2026-03-24,longbyungi,LONG,SOXL,MOO_SELL,667696.3461418236,51.51423091506958,-2671047.0460606664,
2026-03-24,longbyungi,LONG,SOXL,STOP_BUY,701366.9212329648,52.33925747972488,0.0,
2026-03-25,longbyungi,LONG,SOXL,MOO_SELL,701366.9212329648,56.611679389953615,2969790.2972801775,
2026-03-25,longbyungi,LONG,SOXL,STOP_BUY,642251.1470239847,57.518344180183405,0.0,
2026-03-26,longbyungi,LONG,SOXL,MOO_SELL,642251.1470239847,54.16290362739563,-2180140.137125656,
2026-03-27,yangbyungi,LONG,SOXL,STOP_BUY,362083.54302623903,48.78498122972488,0.0,
2026-03-27,yangbyungi,LONG,SOXL,LOC_SELL,90520.88575655976,46.58669561004639,-202012.35647147335,loser
2026-03-30,yangbyungi,LONG,SOXL,MOO_SELL,271562.65726967924,47.83607061004639,-266872.22374633886,
2026-03-30,yangbyungi,SHORT,SOXS,STOP_BUY,1858.3040150049019,6681.339,0.0,
2026-03-31,yangbyungi,SHORT,SOXS,MOO_SELL,1858.3040150049019,6877.05975,354890.18615281396,
2026-03-31,yangbyungi,LONG,SOXL,STOP_BUY,363132.1783719701,43.54496268467902,0.0,
2026-04-01,yangbyungi,LONG,SOXL,MOO_SELL,363132.1783719701,50.014980915069586,2337580.694963377,
2026-04-01,yangbyungi,LONG,SOXL,STOP_BUY,388155.29399121774,50.81599622972488,0.0,
2026-04-02,yangbyungi,LONG,SOXL,MOO_SELL,388155.29399121774,46.03697137260437,-1868161.695646707,
2026-04-06,yangbyungi,LONG,SOXL,STOP_BUY,373655.087569263,54.58352812499999,0.0,
2026-04-07,yangbyungi,LONG,SOXL,MOO_SELL,373655.087569263,54.29283969497681,-122855.9838388823,
2026-04-07,longbyungi,LONG,SOXL,STOP_BUY,729184.6912684118,55.16236709009169,0.0,
2026-04-08,longbyungi,LONG,SOXL,MOO_SELL,729184.6912684118,66.29683683013917,8088086.712594688,
2026-04-08,longbyungi,LONG,SOXL,STOP_BUY,615734.6510497753,67.35861433444977,0.0,
2026-04-09,longbyungi,LONG,SOXL,MOO_SELL,615734.6510497753,68.08594274520874,418652.03771574795,
2026-04-09,longbyungi,LONG,SOXL,STOP_BUY,738076.174964159,69.17637368917465,0.0,
2026-04-10,longbyungi,LONG,SOXL,MOO_SELL,738076.174964159,74.26285305023194,3717155.0543092266,
2026-04-10,longbyungi,LONG,SOXL,STOP_BUY,760823.0788646714,75.45221034908293,0.0,
2026-04-13,longbyungi,LONG,SOXL,MOO_SELL,760823.0788646714,75.55220133972169,35864.77885838598,
2026-04-13,longbyungi,LONG,SOXL,STOP_BUY,758241.7828570681,76.76220820610045,0.0,
2026-04-14,longbyungi,LONG,SOXL,MOO_SELL,758241.7828570681,83.22836164474488,4860448.674321696,
2026-04-14,longbyungi,LONG,SOXL,STOP_BUY,728330.6430869108,84.56130611600875,0.0,
2026-04-15,longbyungi,LONG,SOXL,MOO_SELL,728330.6430869108,84.61767366027833,-2072.1725309565663,
2026-04-15,longbyungi,LONG,SOXL,STOP_BUY,746010.422007885,85.97286866889952,0.0,
2026-04-16,longbyungi,LONG,SOXL,MOO_SELL,746010.422007885,84.96749713516236,-794650.7952090576,
2026-04-16,longbyungi,LONG,SOXL,STOP_BUY,744630.6574994804,86.32829474435805,0.0,
2026-04-17,longbyungi,LONG,SOXL,MOO_SELL,744630.6574994804,93.15339694976808,5035403.693182267,
2026-04-17,longbyungi,LONG,SOXL,STOP_BUY,723478.2683508461,94.64529590091705,0.0,
2026-04-20,longbyungi,LONG,SOXL,MOO_SELL,723478.2683508461,95.92201622009277,875424.4475434422,
2026-04-21,longbyungi,LONG,SOXL,STOP_BUY,659926.683064961,99.48927101463318,0.0,
2026-04-22,longbyungi,LONG,SOXL,MOO_SELL,659926.683064961,102.88853244018554,2196519.238039471,
2026-04-22,longbyungi,LONG,SOXL,STOP_BUY,620699.692878217,104.53634452926633,0.0,
2026-04-23,longbyungi,LONG,SOXL,MOO_SELL,620699.692878217,108.56569274520876,2454719.8709540665,
2026-04-23,longbyungi,LONG,SOXL,STOP_BUY,620384.2775510068,110.30442743917465,0.0,
2026-04-24,longbyungi,LONG,SOXL,MOO_SELL,620384.2775510068,125.14739408493043,9157218.426372886,
2026-04-24,longbyungi,LONG,SOXL,STOP_BUY,572054.6191732084,127.15169314527509,0.0,
2026-04-27,longbyungi,LONG,SOXL,MOO_SELL,572054.6191732084,128.26583683013916,586211.5691050738,
2026-04-29,longbyungi,LONG,SOXL,STOP_BUY,679337.8149803275,116.53964286935806,0.0,
2026-04-30,longbyungi,LONG,SOXL,MOO_SELL,679337.8149803275,122.74859255981447,4161079.1745849997,
2026-04-30,longbyungi,LONG,SOXL,STOP_BUY,623012.8028579911,124.71447359573365,0.0,
2026-05-01,longbyungi,LONG,SOXL,MOO_SELL,623012.8028579911,124.32780438995363,-295204.65034519136,
2026-05-01,longbyungi,LONG,SOXL,STOP_BUY,683361.9825614452,126.31897730518338,0.0,
2026-05-04,longbyungi,LONG,SOXL,MOO_SELL,683361.9825614452,132.1338969497681,3911879.112766549,
2026-05-05,longbyungi,LONG,SOXL,STOP_BUY,600172.8421990663,137.09351249999997,0.0,
2026-05-06,longbyungi,LONG,SOXL,MOO_SELL,600172.8421990663,157.76107633972168,12342173.230199635,
2026-05-06,longbyungi,LONG,SOXL,STOP_BUY,593349.083804391,160.28770008110044,0.0,
2026-05-07,longbyungi,LONG,SOXL,MOO_SELL,593349.083804391,162.03893511962892,972155.4308482856,
2026-05-08,longbyungi,LONG,SOXL,STOP_BUY,588782.4614532301,165.52772249999998,0.0,
2026-05-11,longbyungi,LONG,SOXL,MOO_SELL,588782.4614532301,180.9095,8985129.161765039,
2026-05-11,longbyungi,LONG,SOXL,STOP_BUY,560949.2074849834,183.80685749999998,0.0,
2026-05-12,longbyungi,LONG,SOXL,MOO_SELL,560949.2074849834,177.53118511962893,-3591275.749229133,
2026-05-13,longbyungi,LONG,SOXL,STOP_BUY,514897.03762152226,186.69089508110045,0.0,
2026-05-14,longbyungi,LONG,SOXL,MOO_SELL,514897.03762152226,182.57866316986085,-2183923.5596794933,
2026-05-14,longbyungi,LONG,SOXL,STOP_BUY,513771.68152094603,185.50275316555022,0.0,
2026-05-15,longbyungi,LONG,SOXL,MOO_SELL,513771.68152094603,166.9165,-9612462.603343457,
2026-05-20,longbyungi,LONG,SOXL,STOP_BUY,537739.3827766307,163.49670749999999,0.0,
2026-05-21,longbyungi,LONG,SOXL,MOO_SELL,537739.3827766307,171.17436450958252,4065590.5060101002,
2026-05-21,longbyungi,LONG,SOXL,STOP_BUY,539574.9054904446,173.91580887165068,0.0,
2026-05-22,longbyungi,LONG,SOXL,MOO_SELL,539574.9054904446,184.70760305023194,5755254.856222272,
2026-05-22,longbyungi,LONG,SOXL,STOP_BUY,542279.1732227787,187.6657890990829,0.0,
2026-05-26,longbyungi,LONG,SOXL,MOO_SELL,542279.1732227787,211.2743148803711,12726693.92327264,
2026-05-26,longbyungi,LONG,SOXL,STOP_BUY,521818.0870642266,214.65798030853267,0.0,
2026-05-27,longbyungi,LONG,SOXL,MOO_SELL,521818.0870642266,242.5386736602783,14465149.35164705,
2026-05-28,longbyungi,LONG,SOXL,STOP_BUY,560833.7079361856,222.39614249999997,0.0,
2026-05-29,longbyungi,LONG,SOXL,MOO_SELL,560833.7079361856,231.70409732055666,5131078.662869647,
2026-05-29,longbyungi,LONG,SOXL,STOP_BUY,564943.2602400539,235.41495608779903,0.0,
2026-06-01,longbyungi,LONG,SOXL,MOO_SELL,564943.2602400539,217.16136927032468,-10401728.828403175,
2026-06-01,longbyungi,LONG,SOXL,STOP_BUY,582387.0532099815,220.63931886371606,0.0,
2026-06-02,longbyungi,LONG,SOXL,MOO_SELL,582387.0532099815,243.05840267944336,12962066.116738617,
2026-06-02,longbyungi,LONG,SOXL,STOP_BUY,535899.3055020866,246.9511064122009,0.0,
2026-06-03,longbyungi,LONG,SOXL,MOO_SELL,535899.3055020866,281.3292662200928,18324145.185807616,
2026-06-08,longbyungi,LONG,SOXL,STOP_BUY,509463.49725083244,213.88618469146726,0.0,
2026-06-09,longbyungi,LONG,SOXL,MOO_SELL,509463.49725083244,226.94646755981444,6575131.534541875,
2026-06-09,longbyungi,LONG,SOXL,STOP,555348.0313771134,212.02857271305837,-10389157.277301162,
2026-06-11,longbyungi,LONG,SOXL,STOP_BUY,529625.0956835923,195.2820953490829,0.0,
2026-06-12,longbyungi,LONG,SOXL,MOO_SELL,529625.0956835923,222.10889122009277,14130773.070648089,
2026-06-12,longbyungi,LONG,SOXL,STOP_BUY,562496.261421831,225.66607788963313,0.0,
2026-06-15,longbyungi,LONG,SOXL,MOO_SELL,562496.261421831,265.8569952392578,22510472.790414527,
2026-06-15,longbyungi,LONG,SOXL,STOP_BUY,573259.0741672334,270.11483000793453,0.0,
2026-06-16,longbyungi,LONG,SOXL,MOO_SELL,573259.0741672334,266.9964398803711,-1895411.8056746125,
2026-06-16,longbyungi,LONG,SOXL,STOP,617787.07666675,249.44593619807063,-13596776.119037688,
2026-06-17,longbyungi,LONG,SOXL,STOP_BUY,618907.2901663752,251.2568637905502,0.0,
2026-06-18,longbyungi,LONG,SOXL,MOO_SELL,618907.2901663752,265.9069885406494,8955042.242236823,
2026-06-18,longbyungi,LONG,SOXL,STOP_BUY,533788.2153276486,270.16562397743223,0.0,
2026-06-22,longbyungi,LONG,SOXL,MOO_SELL,533788.2153276486,299.1103797607422,15344014.04494515,
2026-06-24,longbyungi,LONG,SOXL,STOP,616268.0992077977,217.67806415041667,-11836002.498897776,
2026-06-29,longbyungi,LONG,SOXL,STOP,667828.259530537,202.03691806070415,-11904638.770888597,
2026-06-30,longbyungi,LONG,SOXL,STOP_BUY,591201.6158446798,245.19428277591703,0.0,
2026-07-01,longbyungi,LONG,SOXL,MOO_SELL,591201.6158446798,237.67109828948975,-4547633.602405876,
2026-07-02,longbyungi,LONG,SOXL,STOP,677955.3017051988,204.71691883113343,-12245470.942625433,
2026-07-06,yangbyungi,LONG,SOXL,STOP_BUY,510138.98400944954,200.26824089298245,0.0,
2026-07-06,yangbyungi,LONG,SOXL,LOC_SELL,127534.74600236239,194.55266889953617,-746557.7069987729,loser
2026-07-07,yangbyungi,LONG,SOXL,MOO_SELL,382604.23800708714,165.31729389953614,-13421336.543291606,
2026-07-08,yangbyungi,LONG,SOXL,STOP_BUY,587062.8018178011,161.67895589298246,0.0,
2026-07-09,yangbyungi,LONG,SOXL,MOO_SELL,587062.8018178011,199.71009255981443,22252410.324380234,
2026-07-09,yangbyungi,LONG,SOXL,STOP_BUY,500952.94757030363,202.90855109573357,0.0,
2026-07-09,yangbyungi,LONG,SOXL,LOC_SELL,125238.23689257591,192.3537719497681,-1339187.6157881431,loser
2026-07-10,yangbyungi,LONG,SOXL,MOO_SELL,375714.7106777277,182.30879389953617,-7790287.953163773,
2026-07-20,yangbyungi,LONG,SOXL,STOP_BUY,514222.05093723646,145.7456407387161,0.0,
2026-07-20,yangbyungi,LONG,SOXL,LOC_SELL,128555.51273430912,136.74159255981445,-1170230.3822142817,loser
2026-07-21,yangbyungi,LONG,SOXL,MOO_SELL,385666.53820292733,155.7620763397217,3822305.5402518883,
2026-07-21,yangbyungi,LONG,SOXL,STOP_BUY,483084.48209984717,158.25668508110044,0.0,
2026-07-22,yangbyungi,LONG,SOXL,MOO_SELL,483084.48209984717,147.0264561004639,-5476766.492826536,
2026-07-24,longbyungi,LONG,SOXL,STOP,803420.417973731,141.42397179426678,-10025050.959546,
2026-07-29,yangbyungi,LONG,SOXL,STOP_BUY,660373.7621462741,109.28891993917465,0.0,
2026-07-29,yangbyungi,LONG,SOXL,LOC_SELL,165093.44053656852,91.94400286483764,-2875159.8180749994,loser
2026-07-29,yangbyungi,SHORT,SOXS,STOP_BUY,709210.8438298213,67.84210539459228,0.0,
2026-07-30,yangbyungi,LONG,SOXL,MOO_SELL,495280.32160970557,107.32630725479125,-1009593.2823032662,
2026-07-30,yangbyungi,SHORT,SOXS,MOO_SELL,709210.8438298213,60.19988454246521,-5451728.967976019,
2026-07-30,yangbyungi,LONG,SOXL,STOP_BUY,553535.0074577711,109.04519256082533,0.0,
2026-07-31,yangbyungi,LONG,SOXL,MOO_SELL,553535.0074577711,129.83504389953615,11461630.51510454,
2026-07-31,yangbyungi,LONG,SOXL,STOP_BUY,589748.5049086366,131.91441805183408,0.0,
2026-07-31,yangbyungi,LONG,SOXL,LOC_SELL,147437.12622715914,114.66264122009278,-2556276.51293863,loser
2026-08-03,yangbyungi,LONG,SOXL,MOO_SELL,442311.3786814774,106.09692652511598,-11456216.565366626,
2026-08-04,yangbyungi,LONG,SOXL,STOP_BUY,580089.9826164921,133.54938574665067,0.0,
2026-08-05,yangbyungi,LONG,SOXL,MOO_SELL,580089.9826164921,135.47222328948976,1060798.9376216382,
2026-08-05,longbyungi,LONG,SOXL,STOP_BUY,907287.6766971102,137.64187973201751,0.0,
2026-08-06,longbyungi,LONG,SOXL,MOO_SELL,907287.6766971102,125.16738835525513,-11401407.562790975,
2026-08-13,longbyungi,LONG,SOXL,STOP_BUY,915858.1273336061,144.3645499188995,0.0,
2026-08-14,longbyungi,LONG,SOXL,MOO_SELL,915858.1273336061,143.71809828948975,-684402.9708698988,
2026-08-14,longbyungi,LONG,SOXL,STOP_BUY,896681.5836985998,146.0198166070175,0.0,
2026-08-17,longbyungi,LONG,SOXL,MOO_SELL,896681.5836985998,150.53469561004638,3955338.6152597666,
2026-08-17,longbyungi,LONG,SOXL,STOP_BUY,900676.4171462416,152.94558519481657,0.0,
2026-08-18,longbyungi,LONG,SOXL,MOO_SELL,900676.4171462416,134.13289694976808,-17034642.331997707,
2026-08-20,yangbyungi,LONG,SOXL,STOP_BUY,678510.1363790942,121.8507427556419,0.0,
2026-08-21,yangbyungi,LONG,SOXL,MOO_SELL,678510.1363790942,126.52670133972168,3113700.9818736315,
2026-08-21,yangbyungi,SHORT,SOXS,STOP_BUY,947192.2844243107,47.37387315811157,0.0,
2026-08-21,yangbyungi,SHORT,SOXS,LOC_SELL,236798.07110607767,47.006483779907235,-94819.27636927739,loser
2026-08-24,yangbyungi,SHORT,SOXS,MOO_SELL,710394.213318233,49.11542938995362,1213200.5645068586,
2026-08-24,yangbyungi,SHORT,SOXS,STOP_BUY,917916.9645253138,52.11444355270386,0.0,
2026-08-24,yangbyungi,SHORT,SOXS,LOC_SELL,229479.24113132845,50.724625,-327194.3077782672,loser
2026-08-25,yangbyungi,SHORT,SOXS,MOO_SELL,688437.7233939853,47.79608969497681,-2996991.4616414867,
2026-08-25,yangbyungi,LONG,SOXL,STOP_BUY,562010.0750547311,119.19011806417464,0.0,
2026-08-25,yangbyungi,LONG,SOXL,LOC_SELL,140502.51876368278,115.61216316986086,-514258.2838476263,loser
2026-08-26,yangbyungi,LONG,SOXL,MOO_SELL,421507.5562910483,114.64264694976809,-1951290.2338142693,
2026-08-26,yangbyungi,LONG,SOXL,STOP_BUY,580120.8345900093,116.47870715091706,0.0,
2026-08-27,yangbyungi,LONG,SOXL,MOO_SELL,580120.8345900093,123.33830152511598,3930700.618181497,
